prospect,position,prospect_college,prospect_pick,prospect_year,comp_rank,comp_player,comp_college,comp_pick,comp_year,similarity_score,comparison_coverage,dominant_category,category_breakdown,hit24,hit12,career_ppg,first_3yr_ppg,nfl_best_season_ppg
Jeremiyah Love,RB,Notre Dame,0,2026,1,Ezekiel Elliott,Ohio St.,0,2016,91.5,0.442,size_speed,draft_capital=0.07; size_speed=0.77; production=0.38; slap_score=0.24,1.0,1.0,21.94,21.94,21.8
Jeremiyah Love,RB,Notre Dame,0,2026,2,Leonard Fournette,LSU,0,2017,88.6,0.442,production,draft_capital=0.07; size_speed=0.32; production=0.71; slap_score=0.43,1.0,1.0,18.257143,17.707692,17.04705882352941
Jeremiyah Love,RB,Notre Dame,0,2026,3,Omarion Hampton,North Carolina,0,2025,87.1,0.442,size_speed,draft_capital=0.05; size_speed=0.91; production=0.75; slap_score=0.36,0.0,0.0,15.077778,15.077778,7.98235294117647
Jeremiyah Love,RB,Notre Dame,0,2026,4,Bijan Robinson,Texas,0,2023,86.1,0.442,size_speed,draft_capital=0.02; size_speed=1.32; production=0.73; slap_score=0.22,1.0,1.0,22.047059,22.047059,20.1
Jeremiyah Love,RB,Notre Dame,0,2026,5,Jonathan Taylor,Wisconsin,0,2020,83.9,0.442,slap_score,draft_capital=0.28; size_speed=0.44; production=0.29; slap_score=0.89,1.0,1.0,21.947059,21.947059,21.947058823529414
Jeremiyah Love,RB,Notre Dame,0,2026,6,Jahmyr Gibbs,Alabama,0,2023,82.4,0.442,production,draft_capital=0.01; size_speed=1.12; production=1.29; slap_score=0.01,1.0,1.0,21.682353,21.682353,22.96470588235294
Jeremiyah Love,RB,Notre Dame,0,2026,7,Christian McCaffrey,Stanford,0,2017,80.9,0.442,size_speed,draft_capital=0.02; size_speed=2.46; production=0.22; slap_score=0.04,1.0,1.0,29.45,29.45,28.25294117647059
Jeremiyah Love,RB,Notre Dame,0,2026,8,Breece Hall,Iowa St.,0,2022,80.1,0.442,production,draft_capital=0.20; size_speed=0.21; production=1.06; slap_score=0.90,1.0,1.0,17.088235,17.088235,17.08823529411765
Jeremiyah Love,RB,Notre Dame,0,2026,9,Josh Jacobs,Alabama,0,2019,79.2,0.442,size_speed,draft_capital=0.07; size_speed=1.12; production=1.00; slap_score=0.87,1.0,1.0,19.311765,15.42,19.31176470588236
Jeremiyah Love,RB,Notre Dame,0,2026,10,Rashaad Penny,San Diego St.,0,2018,78.5,0.442,slap_score,draft_capital=0.10; size_speed=0.98; production=0.95; slap_score=0.99,0.0,0.0,12.17,8.366667,7.158823529411765
Jonah Coleman,RB,Washington,0,2026,1,Alvin Kamara,Tennessee,0,2017,95.4,0.442,production,draft_capital=0.12; size_speed=0.21; production=0.21; slap_score=0.19,1.0,1.0,25.186667,23.613333,24.170588235294115
Jonah Coleman,RB,Washington,0,2026,2,Duke Johnson,Miami (FL),0,2015,93.8,0.442,size_speed,draft_capital=0.01; size_speed=0.41; production=0.38; slap_score=0.17,1.0,1.0,13.50625,13.50625,12.711764705882352
Jonah Coleman,RB,Washington,0,2026,3,Zach Charbonnet,UCLA,0,2023,93.4,0.442,production,draft_capital=0.28; size_speed=0.16; production=0.45; slap_score=0.09,0.0,0.0,11.2125,11.2125,10.805882352941175
Jonah Coleman,RB,Washington,0,2026,4,Darrell Henderson,Memphis,0,2019,92.8,0.442,production,draft_capital=0.11; size_speed=0.26; production=0.47; slap_score=0.22,0.0,0.0,13.616667,13.616667,10.08235294117647
Jonah Coleman,RB,Washington,0,2026,5,James Cook,Georgia,0,2022,92.5,0.442,size_speed,draft_capital=0.16; size_speed=0.51; production=0.48; slap_score=0.13,1.0,1.0,18.129412,16.66875,19.076470588235296
Jonah Coleman,RB,Washington,0,2026,6,Zack Moss,Utah,0,2020,92.0,0.442,size_speed,draft_capital=0.10; size_speed=0.69; production=0.45; slap_score=0.14,0.0,0.0,12.114286,8.092308,9.976470588235294
Jonah Coleman,RB,Washington,0,2026,7,J.K. Dobbins,Ohio St.,0,2020,91.8,0.442,production,draft_capital=0.22; size_speed=0.05; production=0.62; slap_score=0.13,1.0,0.0,14.753846,11.233333,11.43529411764706
Jonah Coleman,RB,Washington,0,2026,8,Ke'Shawn Vaughn,Illinois,0,2020,91.6,0.442,production,draft_capital=0.00; size_speed=0.40; production=0.44; slap_score=0.34,0.0,0.0,,,2.988235294117647
Jonah Coleman,RB,Washington,0,2026,9,Kareem Hunt,Toledo,0,2017,90.8,0.442,size_speed,draft_capital=0.10; size_speed=0.77; production=0.52; slap_score=0.19,1.0,1.0,20.927273,20.927273,18.17058823529412
Jonah Coleman,RB,Washington,0,2026,10,Tyjae Spears,Tulane,0,2023,90.5,0.442,production,draft_capital=0.03; size_speed=0.10; production=0.50; slap_score=0.44,0.0,0.0,9.466667,9.466667,9.047058823529412
Emmett Johnson,RB,Nebraska,0,2026,1,Duke Johnson,Miami (FL),0,2015,94.0,0.442,size_speed,draft_capital=0.00; size_speed=0.54; production=0.28; slap_score=0.16,1.0,1.0,13.50625,13.50625,12.711764705882352
Emmett Johnson,RB,Nebraska,0,2026,2,Kareem Hunt,Toledo,0,2017,93.8,0.442,production,draft_capital=0.09; size_speed=0.19; production=0.42; slap_score=0.19,1.0,1.0,20.927273,20.927273,18.17058823529412
Emmett Johnson,RB,Nebraska,0,2026,3,Zack Moss,Utah,0,2020,93.3,0.442,production,draft_capital=0.09; size_speed=0.26; production=0.49; slap_score=0.13,0.0,0.0,12.114286,8.092308,9.976470588235294
Emmett Johnson,RB,Nebraska,0,2026,4,Alvin Kamara,Tennessee,0,2017,93.1,0.442,size_speed,draft_capital=0.13; size_speed=0.75; production=0.11; slap_score=0.19,1.0,1.0,25.186667,23.613333,24.170588235294115
Emmett Johnson,RB,Nebraska,0,2026,5,Ameer Abdullah,Nebraska,0,2015,92.6,0.442,production,draft_capital=0.25; size_speed=0.26; production=0.54; slap_score=0.04,0.0,0.0,9.630769,8.885714,7.364705882352942
Emmett Johnson,RB,Nebraska,0,2026,6,Zach Charbonnet,UCLA,0,2023,89.4,0.442,size_speed,draft_capital=0.29; size_speed=1.11; production=0.43; slap_score=0.08,0.0,0.0,11.2125,11.2125,10.805882352941175
Emmett Johnson,RB,Nebraska,0,2026,7,J.K. Dobbins,Ohio St.,0,2020,88.8,0.442,size_speed,draft_capital=0.24; size_speed=0.91; production=0.67; slap_score=0.13,1.0,0.0,14.753846,11.233333,11.43529411764706
Emmett Johnson,RB,Nebraska,0,2026,8,Darrell Henderson,Memphis,0,2019,88.3,0.442,size_speed,draft_capital=0.12; size_speed=1.21; production=0.48; slap_score=0.23,0.0,0.0,13.616667,13.616667,10.08235294117647
Emmett Johnson,RB,Nebraska,0,2026,9,Tyjae Spears,Tulane,0,2023,87.9,0.442,size_speed,draft_capital=0.01; size_speed=0.86; production=0.58; slap_score=0.44,0.0,0.0,9.466667,9.466667,9.047058823529412
Emmett Johnson,RB,Nebraska,0,2026,10,James Conner,Pittsburgh,0,2017,87.7,0.442,size_speed,draft_capital=0.33; size_speed=0.84; production=0.58; slap_score=0.41,1.0,1.0,21.538462,21.538462,16.470588235294116
Jadarian Price,RB,Notre Dame,0,2026,1,David Montgomery,Iowa St.,0,2019,92.5,0.442,production,draft_capital=0.20; size_speed=0.44; production=0.50; slap_score=0.12,1.0,1.0,17.653333,17.653333,15.758823529411767
Jadarian Price,RB,Notre Dame,0,2026,2,Sony Michel,Georgia,0,2018,92.4,0.442,slap_score,draft_capital=0.28; size_speed=0.11; production=0.15; slap_score=0.39,0.0,0.0,10.7,10.7,12.388235294117647
Jadarian Price,RB,Notre Dame,0,2026,3,Miles Sanders,Penn St.,0,2019,91.9,0.442,production,draft_capital=0.00; size_speed=0.54; production=0.55; slap_score=0.13,1.0,0.0,14.2,14.2,14.4
Jadarian Price,RB,Notre Dame,0,2026,4,Tank Bigsby,Auburn,0,2023,91.7,0.442,production,draft_capital=0.41; size_speed=0.37; production=0.49; slap_score=0.11,0.0,0.0,8.6,8.6,7.588235294117647
Jadarian Price,RB,Notre Dame,0,2026,5,Blake Corum,Michigan,0,2024,90.9,0.442,slap_score,draft_capital=0.30; size_speed=0.34; production=0.37; slap_score=0.40,0.0,0.0,7.188235,7.188235,1.9705882352941173
Jadarian Price,RB,Notre Dame,0,2026,6,Royce Freeman,Oregon,0,2018,90.1,0.442,size_speed,draft_capital=0.17; size_speed=1.07; production=0.40; slap_score=0.11,0.0,0.0,8.8875,8.8875,8.364705882352942
Jadarian Price,RB,Notre Dame,0,2026,7,Kaleb Johnson,Iowa,0,2025,89.7,0.442,production,draft_capital=0.30; size_speed=0.38; production=0.74; slap_score=0.16,0.0,0.0,0.88,0.88,0.5176470588235295
Jadarian Price,RB,Notre Dame,0,2026,8,Nick Chubb,Georgia,0,2018,89.4,0.442,size_speed,draft_capital=0.24; size_speed=1.20; production=0.32; slap_score=0.12,1.0,1.0,17.308333,17.308333,16.552941176470586
Jadarian Price,RB,Notre Dame,0,2026,9,Tevin Coleman,Indiana,0,2015,88.7,0.442,size_speed,draft_capital=0.20; size_speed=1.36; production=0.29; slap_score=0.01,1.0,0.0,14.7,14.7,13.758823529411766
Jadarian Price,RB,Notre Dame,0,2026,10,Derrius Guice,LSU,0,2018,88.4,0.442,size_speed,draft_capital=0.04; size_speed=1.40; production=0.27; slap_score=0.18,0.0,0.0,,,3.3764705882352946
Eli Heidenreich,RB,Navy,0,2026,1,Sione Vaki,Utah,0,2024,70.7,0.342,draft_capital,draft_capital=1.35; size_speed=0.19; slap_score=1.20,,,,,
Eli Heidenreich,RB,Navy,0,2026,2,Dylan Laube,New Hampshire,0,2024,67.0,0.442,production,draft_capital=0.24; size_speed=0.67; production=2.71; slap_score=0.25,0.0,0.0,,,-0.1176470588235294
Eli Heidenreich,RB,Navy,0,2026,3,Avery Williams,Boise State,0,2021,66.5,0.342,slap_score,draft_capital=0.58; size_speed=0.19; slap_score=1.70,,,,,
Eli Heidenreich,RB,Navy,0,2026,4,Evan Hull,Northwestern,0,2023,65.1,0.442,production,draft_capital=0.70; size_speed=0.38; production=2.83; slap_score=0.04,0.0,0.0,,,0.1
Eli Heidenreich,RB,Navy,0,2026,5,De'Angelo Henderson,Coastal Carolina,0,2017,64.1,0.342,slap_score,draft_capital=0.33; size_speed=0.18; slap_score=1.86,0.0,0.0,,,0.0
Eli Heidenreich,RB,Navy,0,2026,6,Kenneth Gainwell,Memphis,0,2021,63.9,0.442,production,draft_capital=1.07; size_speed=0.46; production=2.77; slap_score=0.39,1.0,0.0,13.135294,7.7125,8.229411764705883
Eli Heidenreich,RB,Navy,0,2026,7,Jeremy McNichols,Boise St.,0,2017,62.0,0.442,production,draft_capital=0.90; size_speed=0.46; production=3.05; slap_score=0.07,0.0,0.0,5.661538,,4.329411764705883
Eli Heidenreich,RB,Navy,0,2026,8,Jay Ajayi,Boise St.,0,2015,61.0,0.442,production,draft_capital=1.10; size_speed=0.08; production=3.08; slap_score=0.13,1.0,1.0,14.353333,14.353333,13.105882352941178
Eli Heidenreich,RB,Navy,0,2026,9,Cam Skattebo,Arizona St.,0,2025,59.5,0.442,production,draft_capital=1.90; size_speed=0.34; production=2.41; slap_score=1.03,0.0,0.0,15.9625,15.9625,7.511764705882353
Eli Heidenreich,RB,Navy,0,2026,10,Tony Pollard,Memphis,0,2019,58.2,0.442,production,draft_capital=1.42; size_speed=0.17; production=3.20; slap_score=0.20,1.0,1.0,15.55,10.84,15.647058823529411
Nick Singleton,RB,Penn State,0,2026,1,Michael Carter,North Carolina,0,2021,95.1,0.442,size_speed,draft_capital=0.07; size_speed=0.33; production=0.29; slap_score=0.14,0.0,0.0,11.028571,11.028571,9.08235294117647
Nick Singleton,RB,Penn State,0,2026,2,Rhamondre Stevenson,Oklahoma,0,2021,95.0,0.442,slap_score,draft_capital=0.14; size_speed=0.11; production=0.20; slap_score=0.24,1.0,1.0,14.652941,14.652941,14.65294117647059
Nick Singleton,RB,Penn State,0,2026,3,Tank Bigsby,Auburn,0,2023,93.2,0.442,size_speed,draft_capital=0.30; size_speed=0.46; production=0.33; slap_score=0.15,0.0,0.0,8.6,8.6,7.588235294117647
Nick Singleton,RB,Penn State,0,2026,4,Isaiah Spiller,Texas A&M,0,2022,93.0,0.442,size_speed,draft_capital=0.22; size_speed=0.41; production=0.30; slap_score=0.26,0.0,0.0,2.111111,2.111111,1.1176470588235294
Nick Singleton,RB,Penn State,0,2026,5,Darrynton Evans,Appalachian St.,0,2020,91.5,0.442,size_speed,draft_capital=0.22; size_speed=0.93; production=0.28; slap_score=0.11,0.0,0.0,,,1.7647058823529411
Nick Singleton,RB,Penn State,0,2026,6,Ray Davis,Kentucky,0,2024,91.5,0.442,production,draft_capital=0.37; size_speed=0.00; production=0.61; slap_score=0.03,0.0,0.0,7.25625,7.25625,7.394117647058824
Nick Singleton,RB,Penn State,0,2026,7,Dameon Pierce,Florida,0,2022,91.4,0.442,production,draft_capital=0.07; size_speed=0.31; production=0.66; slap_score=0.15,0.0,0.0,12.8,12.8,9.788235294117648
Nick Singleton,RB,Penn State,0,2026,8,James Conner,Pittsburgh,0,2017,91.3,0.442,production,draft_capital=0.11; size_speed=0.11; production=0.44; slap_score=0.41,1.0,1.0,21.538462,21.538462,16.470588235294116
Nick Singleton,RB,Penn State,0,2026,9,David Montgomery,Iowa St.,0,2019,91.2,0.442,size_speed,draft_capital=0.50; size_speed=0.52; production=0.38; slap_score=0.15,1.0,1.0,17.653333,17.653333,15.758823529411767
Nick Singleton,RB,Penn State,0,2026,10,Devontae Booker,Utah,0,2016,91.1,0.442,draft_capital,draft_capital=0.53; size_speed=0.11; production=0.52; slap_score=0.07,0.0,0.0,9.00625,8.91875,8.476470588235296
Mike Washington Jr.,RB,Arkansas,0,2026,1,Isaac Guerendo,Louisville,0,2024,94.3,0.442,draft_capital,draft_capital=0.31; size_speed=0.16; production=0.23; slap_score=0.19,0.0,0.0,7.4,7.4,5.658823529411765
Mike Washington Jr.,RB,Arkansas,0,2026,2,Bhayshul Tuten,Virginia Tech,0,2025,85.3,0.442,size_speed,draft_capital=0.23; size_speed=1.17; production=0.83; slap_score=0.33,0.0,0.0,6.04,6.04,5.329411764705882
Mike Washington Jr.,RB,Arkansas,0,2026,3,Jaylen Wright,Tennessee,0,2024,84.0,0.442,size_speed,draft_capital=0.06; size_speed=1.74; production=0.50; slap_score=0.38,0.0,0.0,5.577778,5.577778,1.5705882352941178
Mike Washington Jr.,RB,Arkansas,0,2026,4,Trey Benson,Florida St.,0,2024,83.1,0.442,size_speed,draft_capital=0.68; size_speed=1.44; production=0.44; slap_score=0.50,0.0,0.0,3.916667,3.916667,2.764705882352941
Mike Washington Jr.,RB,Arkansas,0,2026,5,MarShawn Lloyd,USC,0,2024,81.1,0.442,size_speed,draft_capital=0.38; size_speed=2.13; production=0.68; slap_score=0.11,0.0,0.0,,,0.1647058823529411
Mike Washington Jr.,RB,Arkansas,0,2026,6,Kalen Ballage,Arizona St.,0,2018,80.8,0.442,size_speed,draft_capital=0.33; size_speed=1.58; production=0.75; slap_score=0.67,0.0,0.0,8.536364,8.536364,5.523529411764706
Mike Washington Jr.,RB,Arkansas,0,2026,7,AJ Dillon,Boston Col.,0,2020,80.6,0.442,size_speed,draft_capital=0.72; size_speed=1.30; production=0.67; slap_score=0.70,1.0,0.0,10.917647,10.917647,6.91764705882353
Mike Washington Jr.,RB,Arkansas,0,2026,8,Zamir White,Georgia,0,2022,80.6,0.442,size_speed,draft_capital=0.11; size_speed=1.72; production=0.80; slap_score=0.63,0.0,0.0,5.684615,5.684615,4.347058823529412
Mike Washington Jr.,RB,Arkansas,0,2026,9,Derrick Henry,Alabama,0,2016,80.4,0.442,size_speed,draft_capital=0.87; size_speed=1.44; production=0.88; slap_score=0.40,1.0,1.0,24.1625,12.585,22.43529411764706
Mike Washington Jr.,RB,Arkansas,0,2026,10,DJ Giddens,Kansas St.,0,2025,79.8,0.442,size_speed,draft_capital=0.67; size_speed=2.28; production=0.16; slap_score=0.34,0.0,0.0,,,0.5647058823529412
Kaytron Allen,RB,Penn State,0,2026,1,Chuba Hubbard,Oklahoma St.,0,2021,95.9,0.442,size_speed,draft_capital=0.00; size_speed=0.51; production=0.08; slap_score=0.03,1.0,0.0,16.106667,10.735294,14.211764705882352
Kaytron Allen,RB,Penn State,0,2026,2,Kene Nwangwu,Iowa St.,0,2021,94.7,0.442,production,draft_capital=0.20; size_speed=0.00; production=0.37; slap_score=0.11,0.0,0.0,,,0.6470588235294118
Kaytron Allen,RB,Penn State,0,2026,3,Sione Vaki,Utah,0,2024,93.6,0.342,slap_score,draft_capital=0.15; size_speed=0.00; slap_score=0.32,,,,,
Kaytron Allen,RB,Penn State,0,2026,4,Chase Edmonds,Fordham,0,2018,93.1,0.442,size_speed,draft_capital=0.19; size_speed=0.66; production=0.31; slap_score=0.11,0.0,0.0,11.941667,10.5,9.882352941176473
Kaytron Allen,RB,Penn State,0,2026,5,Samaje Perine,Oklahoma,0,2017,92.7,0.442,production,draft_capital=0.28; size_speed=0.11; production=0.43; slap_score=0.24,0.0,0.0,8.88125,8.346154,9.729411764705883
Kaytron Allen,RB,Penn State,0,2026,6,Dylan Sampson,Tennessee,0,2025,92.6,0.442,production,draft_capital=0.00; size_speed=0.17; production=0.48; slap_score=0.27,0.0,0.0,5.973333,5.973333,5.270588235294119
Kaytron Allen,RB,Penn State,0,2026,7,Qadree Ollison,Pittsburgh,0,2019,92.0,0.442,draft_capital,draft_capital=0.48; size_speed=0.42; production=0.20; slap_score=0.23,0.0,0.0,,,1.8058823529411765
Kaytron Allen,RB,Penn State,0,2026,8,Benny Snell Jr.,Kentucky,0,2019,91.5,0.442,size_speed,draft_capital=0.10; size_speed=0.74; production=0.42; slap_score=0.22,0.0,0.0,5.263636,5.263636,0.0
Kaytron Allen,RB,Penn State,0,2026,9,Jordan Scarlett,Florida,0,2019,91.3,0.442,draft_capital,draft_capital=0.51; size_speed=0.51; production=0.23; slap_score=0.24,0.0,0.0,,,0.0529411764705882
Kaytron Allen,RB,Penn State,0,2026,10,Matt Jones,Florida,0,2015,91.2,0.442,draft_capital,draft_capital=0.49; size_speed=0.24; production=0.13; slap_score=0.36,0.0,0.0,8.953846,8.953846,6.847058823529412
Adam Randall,RB,Clemson,0,2026,1,T.J. Logan,North Carolina,0,2017,93.3,0.442,size_speed,draft_capital=0.22; size_speed=0.77; production=0.15; slap_score=0.03,0.0,0.0,,,0.6411764705882353
Adam Randall,RB,Clemson,0,2026,2,Kimani Vidal,Troy,0,2024,92.6,0.442,size_speed,draft_capital=0.20; size_speed=0.74; production=0.31; slap_score=0.10,0.0,0.0,9.825,9.825,1.9235294117647064
Adam Randall,RB,Clemson,0,2026,3,Karlos Williams,Florida St.,0,2015,90.8,0.442,draft_capital,draft_capital=0.51; size_speed=0.14; production=0.36; slap_score=0.32,0.0,0.0,11.3,11.3,7.311764705882353
Adam Randall,RB,Clemson,0,2026,4,Jordan Wilkins,Mississippi,0,2018,88.5,0.442,size_speed,draft_capital=0.35; size_speed=1.27; production=0.35; slap_score=0.09,0.0,0.0,5.108333,5.108333,3.605882352941177
Adam Randall,RB,Clemson,0,2026,5,Chase Brown,Illinois,0,2023,88.2,0.442,production,draft_capital=0.43; size_speed=0.62; production=0.69; slap_score=0.28,1.0,1.0,16.370588,16.370588,15.0
Adam Randall,RB,Clemson,0,2026,6,Brashard Smith,SMU,0,2025,87.8,0.442,size_speed,draft_capital=0.45; size_speed=1.18; production=0.49; slap_score=0.13,,,,,
Adam Randall,RB,Clemson,0,2026,7,Jerome Ford,Cincinnati,0,2022,87.0,0.442,size_speed,draft_capital=0.48; size_speed=0.95; production=0.65; slap_score=0.29,1.0,0.0,12.541176,12.541176,12.96470588235294
Adam Randall,RB,Clemson,0,2026,8,Keaontay Ingram,USC,0,2022,87.0,0.442,size_speed,draft_capital=0.07; size_speed=1.11; production=0.55; slap_score=0.44,0.0,0.0,1.81,1.81,1.0647058823529412
Adam Randall,RB,Clemson,0,2026,9,Trestan Ebner,Baylor,0,2022,86.9,0.442,production,draft_capital=0.12; size_speed=0.84; production=0.94; slap_score=0.10,0.0,0.0,,,0.4823529411764706
Adam Randall,RB,Clemson,0,2026,10,Damien Martinez,Miami,0,2025,86.8,0.442,size_speed,draft_capital=0.42; size_speed=1.12; production=0.28; slap_score=0.48,,,,,
Seth McGowan,RB,Kentucky,0,2026,1,Jordan Scarlett,Florida,0,2019,93.5,0.442,size_speed,draft_capital=0.08; size_speed=0.75; production=0.22; slap_score=0.08,0.0,0.0,,,0.0529411764705882
Seth McGowan,RB,Kentucky,0,2026,2,Tyrone Tracy Jr.,Purdue,0,2024,93.1,0.442,size_speed,draft_capital=0.06; size_speed=0.81; production=0.22; slap_score=0.09,0.0,0.0,10.853333,10.853333,0.0
Seth McGowan,RB,Kentucky,0,2026,3,Brian Hill,Wyoming,0,2017,91.7,0.442,size_speed,draft_capital=0.03; size_speed=0.90; production=0.32; slap_score=0.15,0.0,0.0,6.72,6.72,5.611764705882353
Seth McGowan,RB,Kentucky,0,2026,4,Elijah Mitchell,Louisiana,0,2021,91.6,0.442,production,draft_capital=0.45; size_speed=0.07; production=0.52; slap_score=0.10,0.0,0.0,15.0,15.0,11.8
Seth McGowan,RB,Kentucky,0,2026,5,Israel Abanikanda,Pittsburgh,0,2023,91.1,0.442,size_speed,draft_capital=0.29; size_speed=0.81; production=0.24; slap_score=0.27,0.0,0.0,,,1.076470588235294
Seth McGowan,RB,Kentucky,0,2026,6,Wendell Smallwood,West Virginia,0,2016,90.9,0.442,size_speed,draft_capital=0.10; size_speed=0.75; production=0.56; slap_score=0.13,0.0,0.0,9.030769,9.030769,7.547058823529412
Seth McGowan,RB,Kentucky,0,2026,7,Hassan Haskins,Michigan,0,2022,90.9,0.442,size_speed,draft_capital=0.48; size_speed=0.49; production=0.24; slap_score=0.32,0.0,0.0,2.981818,2.981818,1.9588235294117649
Seth McGowan,RB,Kentucky,0,2026,8,Qadree Ollison,Pittsburgh,0,2019,90.8,0.442,size_speed,draft_capital=0.12; size_speed=0.83; production=0.54; slap_score=0.07,0.0,0.0,,,1.8058823529411765
Seth McGowan,RB,Kentucky,0,2026,9,Chase Brown,Illinois,0,2023,90.8,0.442,production,draft_capital=0.01; size_speed=0.16; production=0.62; slap_score=0.32,1.0,1.0,16.370588,16.370588,15.0
Seth McGowan,RB,Kentucky,0,2026,10,Jerome Ford,Cincinnati,0,2022,90.6,0.442,production,draft_capital=0.03; size_speed=0.49; production=0.55; slap_score=0.33,1.0,0.0,12.541176,12.541176,12.96470588235294
Demond Claiborne,RB,Wake Forest,0,2026,1,Boston Scott,Louisiana Tech,0,2018,96.0,0.442,size_speed,draft_capital=0.05; size_speed=0.36; production=0.24; slap_score=0.01,0.0,0.0,12.3625,12.3625,6.417647058823529
Demond Claiborne,RB,Wake Forest,0,2026,2,Darius Jackson,Eastern Michigan,0,2016,94.2,0.442,size_speed,draft_capital=0.29; size_speed=0.36; production=0.31; slap_score=0.04,0.0,0.0,,,0.0941176470588235
Demond Claiborne,RB,Wake Forest,0,2026,3,Tyrone Tracy Jr.,Purdue,0,2024,93.8,0.442,draft_capital,draft_capital=0.41; size_speed=0.09; production=0.13; slap_score=0.21,0.0,0.0,10.853333,10.853333,0.0
Demond Claiborne,RB,Wake Forest,0,2026,4,Larry Rountree,Missouri,0,2021,93.7,0.442,production,draft_capital=0.03; size_speed=0.36; production=0.42; slap_score=0.15,0.0,0.0,1.95,1.95,0.9176470588235296
Demond Claiborne,RB,Wake Forest,0,2026,5,Dexter Williams,Notre Dame,0,2019,93.5,0.442,size_speed,draft_capital=0.02; size_speed=0.80; production=0.11; slap_score=0.09,0.0,0.0,,,0.0647058823529411
Demond Claiborne,RB,Wake Forest,0,2026,6,Travis Homer,Miami (FL),0,2019,92.7,0.442,production,draft_capital=0.12; size_speed=0.45; production=0.49; slap_score=0.13,0.0,0.0,5.3875,5.15,3.282352941176471
Demond Claiborne,RB,Wake Forest,0,2026,7,Kerrith Whyte Jr,Florida Atlantic,0,2019,92.7,0.442,production,draft_capital=0.37; size_speed=0.36; production=0.37; slap_score=0.16,0.0,0.0,,,0.0
Demond Claiborne,RB,Wake Forest,0,2026,8,Kevin Harris,South Carolina,0,2022,92.5,0.442,size_speed,draft_capital=0.16; size_speed=0.59; production=0.47; slap_score=0.05,0.0,0.0,,,1.2529411764705882
Demond Claiborne,RB,Wake Forest,0,2026,9,Avery Williams,Boise State,0,2021,92.1,0.342,slap_score,draft_capital=0.16; size_speed=0.36; slap_score=0.36,,,,,
Demond Claiborne,RB,Wake Forest,0,2026,10,Zach Evans,Mississippi,0,2023,92.0,0.442,size_speed,draft_capital=0.28; size_speed=0.66; production=0.20; slap_score=0.28,0.0,0.0,,,0.1117647058823529
Roman Hemby,RB,Indiana,0,2026,1,Boston Scott,Louisiana Tech,0,2018,98.3,0.442,production,draft_capital=0.02; size_speed=0.00; production=0.14; slap_score=0.01,0.0,0.0,12.3625,12.3625,6.417647058823529
Roman Hemby,RB,Indiana,0,2026,2,Darius Jackson,Eastern Michigan,0,2016,96.1,0.442,draft_capital,draft_capital=0.26; size_speed=0.00; production=0.18; slap_score=0.04,0.0,0.0,,,0.0941176470588235
Roman Hemby,RB,Indiana,0,2026,3,Dexter Williams,Notre Dame,0,2019,95.6,0.442,size_speed,draft_capital=0.05; size_speed=0.44; production=0.19; slap_score=0.08,0.0,0.0,,,0.0647058823529411
Roman Hemby,RB,Indiana,0,2026,4,Travis Homer,Miami (FL),0,2019,94.1,0.442,production,draft_capital=0.10; size_speed=0.09; production=0.45; slap_score=0.14,0.0,0.0,5.3875,5.15,3.282352941176471
Roman Hemby,RB,Indiana,0,2026,5,Kerrith Whyte Jr,Florida Atlantic,0,2019,93.6,0.442,production,draft_capital=0.34; size_speed=0.00; production=0.36; slap_score=0.15,0.0,0.0,,,0.0
Roman Hemby,RB,Indiana,0,2026,6,Larry Rountree,Missouri,0,2021,93.6,0.442,production,draft_capital=0.00; size_speed=0.00; production=0.49; slap_score=0.15,0.0,0.0,1.95,1.95,0.9176470588235296
Roman Hemby,RB,Indiana,0,2026,7,Zach Evans,Mississippi,0,2023,93.1,0.442,size_speed,draft_capital=0.25; size_speed=0.30; production=0.29; slap_score=0.28,0.0,0.0,,,0.1117647058823529
Roman Hemby,RB,Indiana,0,2026,8,Kevin Harris,South Carolina,0,2022,92.8,0.442,production,draft_capital=0.18; size_speed=0.23; production=0.55; slap_score=0.04,0.0,0.0,,,1.2529411764705882
Roman Hemby,RB,Indiana,0,2026,9,Avery Williams,Boise State,0,2021,92.7,0.342,slap_score,draft_capital=0.18; size_speed=0.00; slap_score=0.36,,,,,
Roman Hemby,RB,Indiana,0,2026,10,Ollie Gordon,Oklahoma State,0,2025,92.6,0.442,production,draft_capital=0.27; size_speed=0.06; production=0.42; slap_score=0.26,,,,,
Kaelon Black,RB,Indiana,0,2026,1,Snoop Conner,Mississippi,0,2022,94.9,0.442,production,draft_capital=0.08; size_speed=0.06; production=0.31; slap_score=0.20,0.0,0.0,,,0.6
Kaelon Black,RB,Indiana,0,2026,2,Brian Hill,Wyoming,0,2017,94.6,0.442,size_speed,draft_capital=0.03; size_speed=0.36; production=0.28; slap_score=0.20,0.0,0.0,6.72,6.72,5.611764705882353
Kaelon Black,RB,Indiana,0,2026,3,Alex Collins,Arkansas,0,2016,94.0,0.442,production,draft_capital=0.12; size_speed=0.37; production=0.41; slap_score=0.10,1.0,0.0,11.4,11.4,10.058823529411764
Kaelon Black,RB,Indiana,0,2026,4,Jonathan Williams,Arkansas,0,2016,93.9,0.442,production,draft_capital=0.03; size_speed=0.17; production=0.43; slap_score=0.18,0.0,0.0,1.55,1.55,2.3764705882352946
Kaelon Black,RB,Indiana,0,2026,5,Kevin Harris,South Carolina,0,2022,93.0,0.442,production,draft_capital=0.32; size_speed=0.23; production=0.48; slap_score=0.00,0.0,0.0,,,1.2529411764705882
Kaelon Black,RB,Indiana,0,2026,6,Sione Vaki,Utah,0,2024,93.0,0.342,draft_capital,draft_capital=0.45; size_speed=0.00; slap_score=0.19,,,,,
Kaelon Black,RB,Indiana,0,2026,7,Keilan Robinson,Texas,0,2024,92.8,0.442,production,draft_capital=0.07; size_speed=0.06; production=0.60; slap_score=0.03,0.0,0.0,,,0.0
Kaelon Black,RB,Indiana,0,2026,8,Avery Williams,Boise State,0,2021,92.6,0.342,draft_capital,draft_capital=0.32; size_speed=0.00; slap_score=0.32,,,,,
Kaelon Black,RB,Indiana,0,2026,9,Jordan Scarlett,Florida,0,2019,92.1,0.442,size_speed,draft_capital=0.08; size_speed=0.51; production=0.43; slap_score=0.27,0.0,0.0,,,0.0529411764705882
Kaelon Black,RB,Indiana,0,2026,10,Tyrone Tracy Jr.,Purdue,0,2024,91.9,0.442,production,draft_capital=0.06; size_speed=0.44; production=0.50; slap_score=0.25,0.0,0.0,10.853333,10.853333,0.0
J'Mari Taylor,RB,Virginia,0,2026,1,Damien Martinez,Miami,0,2025,94.5,0.442,size_speed,draft_capital=0.03; size_speed=0.60; production=0.25; slap_score=0.04,,,,,
J'Mari Taylor,RB,Virginia,0,2026,2,Rodney Anderson,Oklahoma,0,2019,91.9,0.442,production,draft_capital=0.15; size_speed=0.05; production=0.52; slap_score=0.29,0.0,0.0,,,0.0
J'Mari Taylor,RB,Virginia,0,2026,3,Tahj Brooks,Texas Tech,0,2025,91.8,0.442,production,draft_capital=0.42; size_speed=0.28; production=0.51; slap_score=0.07,,,,,
J'Mari Taylor,RB,Virginia,0,2026,4,Matthew Dayes,North Carolina St.,0,2017,91.6,0.442,draft_capital,draft_capital=0.47; size_speed=0.30; production=0.47; slap_score=0.12,0.0,0.0,,,0.0
J'Mari Taylor,RB,Virginia,0,2026,5,Keaontay Ingram,USC,0,2022,91.6,0.442,size_speed,draft_capital=0.32; size_speed=0.61; production=0.50; slap_score=0.00,0.0,0.0,1.81,1.81,1.0647058823529412
J'Mari Taylor,RB,Virginia,0,2026,6,Justin Jackson,Northwestern,0,2018,91.3,0.442,size_speed,draft_capital=0.45; size_speed=0.70; production=0.29; slap_score=0.15,0.0,0.0,8.1625,8.1625,5.070588235294117
J'Mari Taylor,RB,Virginia,0,2026,7,Avery Williams,Boise State,0,2021,91.3,0.342,draft_capital,draft_capital=0.52; size_speed=0.00; slap_score=0.26,,,,,
J'Mari Taylor,RB,Virginia,0,2026,8,Trenton Cannon,Virginia St.,0,2018,91.1,0.392,slap_score,draft_capital=0.24; size_speed=0.00; production=0.20; slap_score=0.46,0.0,0.0,4.427273,4.427273,2.864705882352941
J'Mari Taylor,RB,Virginia,0,2026,9,Darius Jackson,Eastern Michigan,0,2016,90.9,0.442,production,draft_capital=0.07; size_speed=0.00; production=0.75; slap_score=0.05,0.0,0.0,,,0.0941176470588235
J'Mari Taylor,RB,Virginia,0,2026,10,Boston Scott,Louisiana Tech,0,2018,90.6,0.442,production,draft_capital=0.32; size_speed=0.00; production=0.71; slap_score=0.09,0.0,0.0,12.3625,12.3625,6.417647058823529
Kaden Feagin,RB,Illinois,0,2026,1,Lew Nichols,Central Michigan,0,2023,94.4,0.442,production,draft_capital=0.27; size_speed=0.00; production=0.34; slap_score=0.13,0.0,0.0,,,0.0
Kaden Feagin,RB,Illinois,0,2026,2,Kerrith Whyte Jr,Florida Atlantic,0,2019,94.2,0.442,draft_capital,draft_capital=0.43; size_speed=0.00; production=0.16; slap_score=0.12,0.0,0.0,,,0.0
Kaden Feagin,RB,Illinois,0,2026,3,David Williams,Arkansas,0,2018,94.0,0.442,draft_capital,draft_capital=0.38; size_speed=0.00; production=0.29; slap_score=0.11,0.0,0.0,,,0.0
Kaden Feagin,RB,Illinois,0,2026,4,Brittain Brown,UCLA,0,2022,93.6,0.442,production,draft_capital=0.00; size_speed=0.00; production=0.43; slap_score=0.23,0.0,0.0,,,0.0
Kaden Feagin,RB,Illinois,0,2026,5,Zach Evans,Mississippi,0,2023,92.1,0.442,draft_capital,draft_capital=0.51; size_speed=0.30; production=0.37; slap_score=0.00,0.0,0.0,,,0.1117647058823529
Kaden Feagin,RB,Illinois,0,2026,6,Darius Jackson,Eastern Michigan,0,2016,91.8,0.442,draft_capital,draft_capital=0.50; size_speed=0.00; production=0.32; slap_score=0.24,0.0,0.0,,,0.0941176470588235
Kaden Feagin,RB,Illinois,0,2026,7,Matthew Dayes,North Carolina St.,0,2017,91.4,0.442,production,draft_capital=0.04; size_speed=0.30; production=0.69; slap_score=0.06,0.0,0.0,,,0.0
Kaden Feagin,RB,Illinois,0,2026,8,Chandler Cox,Auburn,0,2019,91.2,0.442,production,draft_capital=0.32; size_speed=0.00; production=0.55; slap_score=0.27,0.0,0.0,,,0.0
Kaden Feagin,RB,Illinois,0,2026,9,Gerrid Doaks,Cincinnati,0,2021,90.6,0.442,production,draft_capital=0.09; size_speed=0.42; production=0.66; slap_score=0.23,0.0,0.0,,,0.0
Kaden Feagin,RB,Illinois,0,2026,10,Trenton Cannon,Virginia St.,0,2018,90.0,0.392,draft_capital,draft_capital=0.67; size_speed=0.00; production=0.27; slap_score=0.27,0.0,0.0,4.427273,4.427273,2.864705882352941
Robert Henry Jr.,RB,UTSA,0,2026,1,Kelvin Taylor,Florida,0,2016,93.8,0.442,production,draft_capital=0.06; size_speed=0.20; production=0.41; slap_score=0.20,0.0,0.0,,,0.0
Robert Henry Jr.,RB,UTSA,0,2026,2,Myles Gaskin,Washington,0,2019,93.3,0.442,production,draft_capital=0.22; size_speed=0.10; production=0.41; slap_score=0.22,0.0,0.0,16.42,16.42,10.211764705882352
Robert Henry Jr.,RB,UTSA,0,2026,3,Kyle Monangai,Rutgers,0,2025,92.7,0.442,production,draft_capital=0.19; size_speed=0.04; production=0.49; slap_score=0.21,,,,,
Robert Henry Jr.,RB,UTSA,0,2026,4,Dexter Williams,Notre Dame,0,2019,91.9,0.442,size_speed,draft_capital=0.30; size_speed=0.45; production=0.27; slap_score=0.32,0.0,0.0,,,0.0647058823529411
Robert Henry Jr.,RB,UTSA,0,2026,5,Zach Evans,Mississippi,0,2023,91.9,0.442,size_speed,draft_capital=0.00; size_speed=0.59; production=0.53; slap_score=0.13,0.0,0.0,,,0.1117647058823529
Robert Henry Jr.,RB,UTSA,0,2026,6,Cullen Gillaspia,Texas A&M,0,2019,91.7,0.442,size_speed,draft_capital=0.06; size_speed=0.89; production=0.32; slap_score=0.15,0.0,0.0,,,0.0
Robert Henry Jr.,RB,UTSA,0,2026,7,Chris Carson,Oklahoma St.,0,2017,91.1,0.442,size_speed,draft_capital=0.50; size_speed=0.70; production=0.16; slap_score=0.19,1.0,1.0,15.65,15.506667,13.682352941176472
Robert Henry Jr.,RB,UTSA,0,2026,8,Lew Nichols,Central Michigan,0,2023,90.4,0.442,size_speed,draft_capital=0.24; size_speed=0.89; production=0.51; slap_score=0.00,0.0,0.0,,,0.0
Robert Henry Jr.,RB,UTSA,0,2026,9,Avery Williams,Boise State,0,2021,90.2,0.342,size_speed,draft_capital=0.43; size_speed=0.89; slap_score=0.05,,,,,
Robert Henry Jr.,RB,UTSA,0,2026,10,Marcus Murphy,Missouri,0,2015,90.1,0.442,size_speed,draft_capital=0.16; size_speed=0.85; production=0.57; slap_score=0.14,0.0,0.0,4.288889,,2.2705882352941176
Rueben Owens,RB,Texas A&M,0,2026,1,Lew Nichols,Central Michigan,0,2023,95.6,0.442,draft_capital,draft_capital=0.27; size_speed=0.00; production=0.16; slap_score=0.14,0.0,0.0,,,0.0
Rueben Owens,RB,Texas A&M,0,2026,2,Raymond Calais,Louisiana,0,2020,94.7,0.442,production,draft_capital=0.07; size_speed=0.27; production=0.32; slap_score=0.17,0.0,0.0,,,0.0
Rueben Owens,RB,Texas A&M,0,2026,3,Chandler Cox,Auburn,0,2019,94.5,0.442,production,draft_capital=0.32; size_speed=0.00; production=0.33; slap_score=0.00,0.0,0.0,,,0.0
Rueben Owens,RB,Texas A&M,0,2026,4,Chris Carson,Oklahoma St.,0,2017,94.0,0.442,production,draft_capital=0.01; size_speed=0.19; production=0.49; slap_score=0.06,1.0,1.0,15.65,15.506667,13.682352941176472
Rueben Owens,RB,Texas A&M,0,2026,5,Elijah Hood,North Carolina,0,2017,93.5,0.442,size_speed,draft_capital=0.11; size_speed=0.44; production=0.43; slap_score=0.10,0.0,0.0,,,0.0
Rueben Owens,RB,Texas A&M,0,2026,6,Jacory Croskey-Merritt,Arizona,0,2025,92.8,0.392,slap_score,draft_capital=0.07; size_speed=0.00; production=0.35; slap_score=0.36,,,,,
Rueben Owens,RB,Texas A&M,0,2026,7,Brittain Brown,UCLA,0,2022,92.6,0.442,production,draft_capital=0.00; size_speed=0.00; production=0.62; slap_score=0.04,0.0,0.0,,,0.0
Rueben Owens,RB,Texas A&M,0,2026,8,Cullen Gillaspia,Texas A&M,0,2019,92.2,0.442,production,draft_capital=0.46; size_speed=0.00; production=0.48; slap_score=0.01,0.0,0.0,,,0.0
Rueben Owens,RB,Texas A&M,0,2026,9,Zach Evans,Mississippi,0,2023,91.7,0.442,draft_capital,draft_capital=0.51; size_speed=0.30; production=0.20; slap_score=0.27,0.0,0.0,,,0.1117647058823529
Rueben Owens,RB,Texas A&M,0,2026,10,Kyle Monangai,Rutgers,0,2025,91.5,0.442,size_speed,draft_capital=0.32; size_speed=0.85; production=0.30; slap_score=0.08,,,,,
TJ Harden,RB,SMU,0,2026,1,Chris Carson,Oklahoma St.,0,2017,97.3,0.442,size_speed,draft_capital=0.01; size_speed=0.19; production=0.15; slap_score=0.07,1.0,1.0,15.65,15.506667,13.682352941176472
TJ Harden,RB,SMU,0,2026,2,Jacory Croskey-Merritt,Arizona,0,2025,95.1,0.392,production,draft_capital=0.07; size_speed=0.00; production=0.28; slap_score=0.23,,,,,
TJ Harden,RB,SMU,0,2026,3,Raymond Calais,Louisiana,0,2020,94.3,0.442,production,draft_capital=0.07; size_speed=0.27; production=0.44; slap_score=0.04,0.0,0.0,,,0.0
TJ Harden,RB,SMU,0,2026,4,Elijah Hood,North Carolina,0,2017,94.1,0.442,size_speed,draft_capital=0.11; size_speed=0.44; production=0.22; slap_score=0.23,0.0,0.0,,,0.0
TJ Harden,RB,SMU,0,2026,5,Cullen Gillaspia,Texas A&M,0,2019,93.2,0.442,draft_capital,draft_capital=0.46; size_speed=0.00; production=0.30; slap_score=0.12,0.0,0.0,,,0.0
TJ Harden,RB,SMU,0,2026,6,Zac Brooks,Clemson,0,2016,93.0,0.442,production,draft_capital=0.03; size_speed=0.00; production=0.58; slap_score=0.01,0.0,0.0,,,0.0
TJ Harden,RB,SMU,0,2026,7,Phil Mafah,Clemson,0,2025,91.5,0.442,production,draft_capital=0.15; size_speed=0.56; production=0.59; slap_score=0.10,,,,,
TJ Harden,RB,SMU,0,2026,8,Chandler Cox,Auburn,0,2019,90.9,0.442,production,draft_capital=0.32; size_speed=0.00; production=0.67; slap_score=0.13,0.0,0.0,,,0.0
TJ Harden,RB,SMU,0,2026,9,Lew Nichols,Central Michigan,0,2023,90.7,0.442,production,draft_capital=0.27; size_speed=0.00; production=0.62; slap_score=0.27,0.0,0.0,,,0.0
TJ Harden,RB,SMU,0,2026,10,Devante Mays,Utah St.,0,2017,90.0,0.442,production,draft_capital=0.16; size_speed=0.00; production=0.80; slap_score=0.15,0.0,0.0,,,0.0647058823529411
Le'Veon Moss,RB,Texas A&M,0,2026,1,Devante Mays,Utah St.,0,2017,97.1,0.442,production,draft_capital=0.07; size_speed=0.00; production=0.21; slap_score=0.07,0.0,0.0,,,0.0647058823529411
Le'Veon Moss,RB,Texas A&M,0,2026,2,Jacory Croskey-Merritt,Arizona,0,2025,96.9,0.392,production,draft_capital=0.02; size_speed=0.00; production=0.35; slap_score=0.02,,,,,
Le'Veon Moss,RB,Texas A&M,0,2026,3,Raymond Calais,Louisiana,0,2020,94.7,0.442,production,draft_capital=0.02; size_speed=0.27; production=0.33; slap_score=0.17,0.0,0.0,,,0.0
Le'Veon Moss,RB,Texas A&M,0,2026,4,Chandler Cox,Auburn,0,2019,91.7,0.442,production,draft_capital=0.24; size_speed=0.00; production=0.45; slap_score=0.34,0.0,0.0,,,0.0
Le'Veon Moss,RB,Texas A&M,0,2026,5,Cullen Gillaspia,Texas A&M,0,2019,91.7,0.442,draft_capital,draft_capital=0.37; size_speed=0.00; production=0.36; slap_score=0.33,0.0,0.0,,,0.0
Le'Veon Moss,RB,Texas A&M,0,2026,6,Kyle Monangai,Rutgers,0,2025,90.5,0.442,size_speed,draft_capital=0.24; size_speed=0.85; production=0.38; slap_score=0.26,,,,,
Le'Veon Moss,RB,Texas A&M,0,2026,7,Myles Gaskin,Washington,0,2019,89.8,0.442,size_speed,draft_capital=0.21; size_speed=0.99; production=0.38; slap_score=0.26,0.0,0.0,16.42,16.42,10.211764705882352
Le'Veon Moss,RB,Texas A&M,0,2026,8,DeWayne McBride,Ala-Birmingham,0,2023,89.5,0.442,production,draft_capital=0.34; size_speed=0.16; production=0.74; slap_score=0.23,0.0,0.0,,,0.0
Le'Veon Moss,RB,Texas A&M,0,2026,9,Chris Carson,Oklahoma St.,0,2017,89.2,0.442,production,draft_capital=0.07; size_speed=0.19; production=0.80; slap_score=0.28,1.0,1.0,15.65,15.506667,13.682352941176472
Le'Veon Moss,RB,Texas A&M,0,2026,10,De'Angelo Henderson,Coastal Carolina,0,2017,88.7,0.342,draft_capital,draft_capital=0.61; size_speed=0.37; slap_score=0.37,0.0,0.0,,,0.0
Djay Braswell,RB,Georgia State,0,2026,1,Jacory Croskey-Merritt,Arizona,0,2025,95.8,0.392,production,draft_capital=0.07; size_speed=0.00; production=0.46; slap_score=0.01,,,,,
Djay Braswell,RB,Georgia State,0,2026,2,Raymond Calais,Louisiana,0,2020,92.0,0.442,production,draft_capital=0.07; size_speed=0.27; production=0.59; slap_score=0.18,0.0,0.0,,,0.0
Djay Braswell,RB,Georgia State,0,2026,3,Chris Carson,Oklahoma St.,0,2017,91.4,0.442,production,draft_capital=0.01; size_speed=0.19; production=0.57; slap_score=0.30,1.0,1.0,15.65,15.506667,13.682352941176472
Djay Braswell,RB,Georgia State,0,2026,4,Zac Brooks,Clemson,0,2016,91.2,0.442,production,draft_capital=0.03; size_speed=0.00; production=0.66; slap_score=0.23,0.0,0.0,,,0.0
Djay Braswell,RB,Georgia State,0,2026,5,Cullen Gillaspia,Texas A&M,0,2019,91.0,0.442,draft_capital,draft_capital=0.46; size_speed=0.00; production=0.35; slap_score=0.34,0.0,0.0,,,0.0
Djay Braswell,RB,Georgia State,0,2026,6,Devante Mays,Utah St.,0,2017,90.4,0.442,production,draft_capital=0.16; size_speed=0.00; production=0.78; slap_score=0.08,0.0,0.0,,,0.0647058823529411
Djay Braswell,RB,Georgia State,0,2026,7,Daniel Lasco,California,0,2016,90.1,0.442,size_speed,draft_capital=0.19; size_speed=0.70; production=0.64; slap_score=0.15,0.0,0.0,,,0.3705882352941176
Djay Braswell,RB,Georgia State,0,2026,8,Phil Mafah,Clemson,0,2025,89.6,0.442,production,draft_capital=0.15; size_speed=0.56; production=0.63; slap_score=0.32,,,,,
Djay Braswell,RB,Georgia State,0,2026,9,Elijah Hood,North Carolina,0,2017,88.6,0.442,production,draft_capital=0.11; size_speed=0.44; production=0.65; slap_score=0.45,0.0,0.0,,,0.0
Djay Braswell,RB,Georgia State,0,2026,10,Brandon Wilson,Houston,0,2017,88.3,0.442,draft_capital,draft_capital=0.62; size_speed=0.00; production=0.45; slap_score=0.44,0.0,0.0,,,0.0
Samuel Singleton Jr.,RB,Florida State,0,2026,1,Devante Mays,Utah St.,0,2017,95.0,0.442,production,draft_capital=0.16; size_speed=0.00; production=0.38; slap_score=0.06,0.0,0.0,,,0.0647058823529411
Samuel Singleton Jr.,RB,Florida State,0,2026,2,DeWayne McBride,Ala-Birmingham,0,2023,93.3,0.442,draft_capital,draft_capital=0.43; size_speed=0.16; production=0.16; slap_score=0.22,0.0,0.0,,,0.0
Samuel Singleton Jr.,RB,Florida State,0,2026,3,Raymond Calais,Louisiana,0,2020,91.2,0.442,production,draft_capital=0.07; size_speed=0.27; production=0.67; slap_score=0.17,0.0,0.0,,,0.0
Samuel Singleton Jr.,RB,Florida State,0,2026,4,Chandler Cox,Auburn,0,2019,91.0,0.442,production,draft_capital=0.32; size_speed=0.00; production=0.49; slap_score=0.33,0.0,0.0,,,0.0
Samuel Singleton Jr.,RB,Florida State,0,2026,5,Brittain Brown,UCLA,0,2022,90.7,0.442,production,draft_capital=0.00; size_speed=0.00; production=0.58; slap_score=0.38,0.0,0.0,,,0.0
Samuel Singleton Jr.,RB,Florida State,0,2026,6,Jacory Croskey-Merritt,Arizona,0,2025,89.4,0.392,production,draft_capital=0.07; size_speed=0.00; production=1.18; slap_score=0.02,,,,,
Samuel Singleton Jr.,RB,Florida State,0,2026,7,Kyle Monangai,Rutgers,0,2025,89.0,0.442,size_speed,draft_capital=0.32; size_speed=0.85; production=0.56; slap_score=0.26,,,,,
Samuel Singleton Jr.,RB,Florida State,0,2026,8,Myles Gaskin,Washington,0,2019,87.9,0.442,size_speed,draft_capital=0.30; size_speed=0.99; production=0.64; slap_score=0.26,0.0,0.0,16.42,16.42,10.211764705882352
Samuel Singleton Jr.,RB,Florida State,0,2026,9,Lew Nichols,Central Michigan,0,2023,87.9,0.442,production,draft_capital=0.27; size_speed=0.00; production=0.71; slap_score=0.48,0.0,0.0,,,0.0
Samuel Singleton Jr.,RB,Florida State,0,2026,10,De'Angelo Henderson,Coastal Carolina,0,2017,87.8,0.342,draft_capital,draft_capital=0.70; size_speed=0.37; slap_score=0.36,0.0,0.0,,,0.0
Branson Robinson,RB,Georgia State,0,2026,1,Jacory Croskey-Merritt,Arizona,0,2025,95.8,0.392,production,draft_capital=0.07; size_speed=0.00; production=0.46; slap_score=0.02,,,,,
Branson Robinson,RB,Georgia State,0,2026,2,Raymond Calais,Louisiana,0,2020,92.2,0.442,production,draft_capital=0.07; size_speed=0.27; production=0.58; slap_score=0.17,0.0,0.0,,,0.0
Branson Robinson,RB,Georgia State,0,2026,3,Chris Carson,Oklahoma St.,0,2017,91.8,0.442,production,draft_capital=0.01; size_speed=0.19; production=0.55; slap_score=0.28,1.0,1.0,15.65,15.506667,13.682352941176472
Branson Robinson,RB,Georgia State,0,2026,4,Zac Brooks,Clemson,0,2016,91.5,0.442,production,draft_capital=0.03; size_speed=0.00; production=0.65; slap_score=0.22,0.0,0.0,,,0.0
Branson Robinson,RB,Georgia State,0,2026,5,Cullen Gillaspia,Texas A&M,0,2019,91.3,0.442,draft_capital,draft_capital=0.46; size_speed=0.00; production=0.34; slap_score=0.33,0.0,0.0,,,0.0
Branson Robinson,RB,Georgia State,0,2026,6,Devante Mays,Utah St.,0,2017,90.4,0.442,production,draft_capital=0.16; size_speed=0.00; production=0.79; slap_score=0.06,0.0,0.0,,,0.0647058823529411
Branson Robinson,RB,Georgia State,0,2026,7,Daniel Lasco,California,0,2016,90.1,0.442,size_speed,draft_capital=0.19; size_speed=0.70; production=0.64; slap_score=0.14,0.0,0.0,,,0.3705882352941176
Branson Robinson,RB,Georgia State,0,2026,8,Phil Mafah,Clemson,0,2025,89.9,0.442,production,draft_capital=0.15; size_speed=0.56; production=0.62; slap_score=0.31,,,,,
Branson Robinson,RB,Georgia State,0,2026,9,Elijah Hood,North Carolina,0,2017,88.9,0.442,production,draft_capital=0.11; size_speed=0.44; production=0.63; slap_score=0.44,0.0,0.0,,,0.0
Branson Robinson,RB,Georgia State,0,2026,10,Brandon Wilson,Houston,0,2017,88.5,0.442,draft_capital,draft_capital=0.62; size_speed=0.00; production=0.44; slap_score=0.43,0.0,0.0,,,0.0
Noah Whittington,RB,Oregon,0,2026,1,Jacory Croskey-Merritt,Arizona,0,2025,97.9,0.392,draft_capital,draft_capital=0.17; size_speed=0.00; production=0.00; slap_score=0.01,,,,,
Noah Whittington,RB,Oregon,0,2026,2,Raymond Calais,Louisiana,0,2020,94.6,0.442,size_speed,draft_capital=0.17; size_speed=0.27; production=0.26; slap_score=0.20,0.0,0.0,,,0.0
Noah Whittington,RB,Oregon,0,2026,3,Chris Carson,Oklahoma St.,0,2017,93.4,0.442,slap_score,draft_capital=0.12; size_speed=0.19; production=0.28; slap_score=0.31,1.0,1.0,15.65,15.506667,13.682352941176472
Noah Whittington,RB,Oregon,0,2026,4,Devante Mays,Utah St.,0,2017,91.5,0.442,production,draft_capital=0.26; size_speed=0.00; production=0.65; slap_score=0.09,0.0,0.0,,,0.0647058823529411
Noah Whittington,RB,Oregon,0,2026,5,Cullen Gillaspia,Texas A&M,0,2019,90.6,0.442,draft_capital,draft_capital=0.56; size_speed=0.00; production=0.23; slap_score=0.36,0.0,0.0,,,0.0
Noah Whittington,RB,Oregon,0,2026,6,Elijah Hood,North Carolina,0,2017,90.5,0.442,slap_score,draft_capital=0.21; size_speed=0.44; production=0.29; slap_score=0.47,0.0,0.0,,,0.0
Noah Whittington,RB,Oregon,0,2026,7,Chandler Cox,Auburn,0,2019,90.2,0.442,production,draft_capital=0.43; size_speed=0.00; production=0.48; slap_score=0.36,0.0,0.0,,,0.0
Noah Whittington,RB,Oregon,0,2026,8,Zac Brooks,Clemson,0,2016,89.7,0.442,production,draft_capital=0.13; size_speed=0.00; production=0.78; slap_score=0.25,0.0,0.0,,,0.0
Noah Whittington,RB,Oregon,0,2026,9,Kyle Monangai,Rutgers,0,2025,89.4,0.442,size_speed,draft_capital=0.43; size_speed=0.85; production=0.38; slap_score=0.29,,,,,
Noah Whittington,RB,Oregon,0,2026,10,Myles Gaskin,Washington,0,2019,89.2,0.442,size_speed,draft_capital=0.40; size_speed=0.99; production=0.29; slap_score=0.29,0.0,0.0,16.42,16.42,10.211764705882352
C.J. Donaldson,RB,Ohio State,0,2026,1,Jacory Croskey-Merritt,Arizona,0,2025,88.0,0.392,slap_score,draft_capital=0.17; size_speed=0.00; production=0.35; slap_score=0.64,,,,,
C.J. Donaldson,RB,Ohio State,0,2026,2,Devante Mays,Utah St.,0,2017,86.2,0.442,slap_score,draft_capital=0.26; size_speed=0.00; production=0.50; slap_score=0.72,0.0,0.0,,,0.0647058823529411
C.J. Donaldson,RB,Ohio State,0,2026,3,Raymond Calais,Louisiana,0,2020,85.7,0.442,slap_score,draft_capital=0.17; size_speed=0.27; production=0.15; slap_score=0.83,0.0,0.0,,,0.0
C.J. Donaldson,RB,Ohio State,0,2026,4,Chris Carson,Oklahoma St.,0,2017,83.0,0.442,slap_score,draft_capital=0.12; size_speed=0.19; production=0.51; slap_score=0.94,1.0,1.0,15.65,15.506667,13.682352941176472
C.J. Donaldson,RB,Ohio State,0,2026,5,Chandler Cox,Auburn,0,2019,82.4,0.442,slap_score,draft_capital=0.43; size_speed=0.00; production=0.23; slap_score=0.99,0.0,0.0,,,0.0
C.J. Donaldson,RB,Ohio State,0,2026,6,Kyle Monangai,Rutgers,0,2025,82.4,0.442,slap_score,draft_capital=0.43; size_speed=0.85; production=0.15; slap_score=0.92,,,,,
C.J. Donaldson,RB,Ohio State,0,2026,7,Myles Gaskin,Washington,0,2019,82.2,0.442,size_speed,draft_capital=0.40; size_speed=0.99; production=0.10; slap_score=0.91,0.0,0.0,16.42,16.42,10.211764705882352
C.J. Donaldson,RB,Ohio State,0,2026,8,Cullen Gillaspia,Texas A&M,0,2019,81.7,0.442,slap_score,draft_capital=0.56; size_speed=0.00; production=0.35; slap_score=0.98,0.0,0.0,,,0.0
C.J. Donaldson,RB,Ohio State,0,2026,9,Brittain Brown,UCLA,0,2022,81.0,0.442,slap_score,draft_capital=0.10; size_speed=0.00; production=0.64; slap_score=1.03,0.0,0.0,,,0.0
C.J. Donaldson,RB,Ohio State,0,2026,10,DeWayne McBride,Ala-Birmingham,0,2023,80.9,0.442,slap_score,draft_capital=0.53; size_speed=0.16; production=0.86; slap_score=0.88,0.0,0.0,,,0.0
Jamarion Miller,RB,Alabama,0,2026,1,Daniel Lasco,California,0,2016,85.9,0.442,slap_score,draft_capital=0.29; size_speed=0.52; production=0.49; slap_score=0.70,0.0,0.0,,,0.3705882352941176
Jamarion Miller,RB,Alabama,0,2026,2,Zander Horvath,Purdue,0,2022,84.8,0.442,size_speed,draft_capital=0.01; size_speed=1.22; production=0.45; slap_score=0.64,0.0,0.0,2.325,2.325,1.0941176470588234
Jamarion Miller,RB,Alabama,0,2026,3,Phil Mafah,Clemson,0,2025,84.3,0.442,slap_score,draft_capital=0.25; size_speed=0.67; production=0.06; slap_score=0.86,,,,,
Jamarion Miller,RB,Alabama,0,2026,4,Zac Brooks,Clemson,0,2016,83.8,0.442,size_speed,draft_capital=0.13; size_speed=1.22; production=0.05; slap_score=0.78,0.0,0.0,,,0.0
Jamarion Miller,RB,Alabama,0,2026,5,Jacory Croskey-Merritt,Arizona,0,2025,83.2,0.392,size_speed,draft_capital=0.17; size_speed=1.22; production=1.04; slap_score=0.54,,,,,
Jamarion Miller,RB,Alabama,0,2026,6,Chris Carson,Oklahoma St.,0,2017,81.2,0.442,size_speed,draft_capital=0.12; size_speed=1.42; production=0.50; slap_score=0.84,1.0,1.0,15.65,15.506667,13.682352941176472
Jamarion Miller,RB,Alabama,0,2026,7,Elijah Hood,North Carolina,0,2017,80.8,0.442,slap_score,draft_capital=0.21; size_speed=0.79; production=0.58; slap_score=0.99,0.0,0.0,,,0.0
Jamarion Miller,RB,Alabama,0,2026,8,Kylin Hill,Mississippi St.,0,2021,80.4,0.442,slap_score,draft_capital=0.05; size_speed=0.82; production=0.71; slap_score=0.98,0.0,0.0,,,0.2294117647058823
Jamarion Miller,RB,Alabama,0,2026,9,Mike Weber,Ohio St.,0,2019,80.2,0.442,slap_score,draft_capital=0.57; size_speed=0.52; production=0.31; slap_score=1.06,0.0,0.0,,,0.0
Jamarion Miller,RB,Alabama,0,2026,10,Khalfani Muhammad,California,0,2017,80.1,0.442,size_speed,draft_capital=0.24; size_speed=1.22; production=0.84; slap_score=0.84,0.0,0.0,,,0.0
Kentrel Bullock,RB,South Alabama,0,2026,1,Devante Mays,Utah St.,0,2017,87.5,0.442,production,draft_capital=0.26; size_speed=0.00; production=0.66; slap_score=0.54,0.0,0.0,,,0.0647058823529411
Kentrel Bullock,RB,South Alabama,0,2026,2,DeWayne McBride,Ala-Birmingham,0,2023,86.2,0.442,slap_score,draft_capital=0.53; size_speed=0.16; production=0.24; slap_score=0.70,0.0,0.0,,,0.0
Kentrel Bullock,RB,South Alabama,0,2026,3,Raymond Calais,Louisiana,0,2020,84.7,0.442,production,draft_capital=0.17; size_speed=0.27; production=0.87; slap_score=0.65,0.0,0.0,,,0.0
Kentrel Bullock,RB,South Alabama,0,2026,4,Jermar Jefferson,Oregon St.,0,2021,84.6,0.442,size_speed,draft_capital=0.03; size_speed=0.82; production=0.66; slap_score=0.69,0.0,0.0,,,1.5117647058823531
Kentrel Bullock,RB,South Alabama,0,2026,5,Brittain Brown,UCLA,0,2022,84.6,0.442,slap_score,draft_capital=0.10; size_speed=0.00; production=0.44; slap_score=0.86,0.0,0.0,,,0.0
Kentrel Bullock,RB,South Alabama,0,2026,6,Jacory Croskey-Merritt,Arizona,0,2025,83.9,0.392,production,draft_capital=0.17; size_speed=0.00; production=1.53; slap_score=0.46,,,,,
Kentrel Bullock,RB,South Alabama,0,2026,7,Chandler Cox,Auburn,0,2019,83.6,0.442,slap_score,draft_capital=0.43; size_speed=0.00; production=0.63; slap_score=0.82,0.0,0.0,,,0.0
Kentrel Bullock,RB,South Alabama,0,2026,8,Kyle Monangai,Rutgers,0,2025,82.7,0.442,size_speed,draft_capital=0.43; size_speed=0.85; production=0.73; slap_score=0.74,,,,,
Kentrel Bullock,RB,South Alabama,0,2026,9,Myles Gaskin,Washington,0,2019,81.9,0.442,size_speed,draft_capital=0.40; size_speed=0.99; production=0.82; slap_score=0.74,0.0,0.0,16.42,16.42,10.211764705882352
Kentrel Bullock,RB,South Alabama,0,2026,10,Lew Nichols,Central Michigan,0,2023,80.9,0.442,slap_score,draft_capital=0.37; size_speed=0.00; production=0.77; slap_score=0.96,0.0,0.0,,,0.0
Chip Trayanum,RB,Toledo,0,2026,1,Jacory Croskey-Merritt,Arizona,0,2025,95.3,0.392,production,draft_capital=0.17; size_speed=0.00; production=0.46; slap_score=0.04,,,,,
Chip Trayanum,RB,Toledo,0,2026,2,Raymond Calais,Louisiana,0,2020,89.9,0.442,production,draft_capital=0.17; size_speed=0.27; production=0.75; slap_score=0.23,0.0,0.0,,,0.0
Chip Trayanum,RB,Toledo,0,2026,3,Chris Carson,Oklahoma St.,0,2017,89.6,0.442,production,draft_capital=0.12; size_speed=0.19; production=0.71; slap_score=0.34,1.0,1.0,15.65,15.506667,13.682352941176472
Chip Trayanum,RB,Toledo,0,2026,4,Brittain Brown,UCLA,0,2022,88.9,0.442,production,draft_capital=0.10; size_speed=0.00; production=0.69; slap_score=0.44,0.0,0.0,,,0.0
Chip Trayanum,RB,Toledo,0,2026,5,Lew Nichols,Central Michigan,0,2023,88.6,0.442,slap_score,draft_capital=0.37; size_speed=0.00; production=0.44; slap_score=0.54,0.0,0.0,,,0.0
Chip Trayanum,RB,Toledo,0,2026,6,Chandler Cox,Auburn,0,2019,88.3,0.442,production,draft_capital=0.43; size_speed=0.00; production=0.68; slap_score=0.40,0.0,0.0,,,0.0
Chip Trayanum,RB,Toledo,0,2026,7,Elijah Hood,North Carolina,0,2017,88.1,0.442,production,draft_capital=0.21; size_speed=0.44; production=0.62; slap_score=0.50,0.0,0.0,,,0.0
Chip Trayanum,RB,Toledo,0,2026,8,Trenton Cannon,Virginia St.,0,2018,87.9,0.392,draft_capital,draft_capital=0.77; size_speed=0.00; production=0.09; slap_score=0.40,0.0,0.0,4.427273,4.427273,2.864705882352941
Chip Trayanum,RB,Toledo,0,2026,9,Kyle Monangai,Rutgers,0,2025,87.1,0.442,size_speed,draft_capital=0.43; size_speed=0.85; production=0.70; slap_score=0.32,,,,,
Chip Trayanum,RB,Toledo,0,2026,10,Devante Mays,Utah St.,0,2017,87.0,0.442,production,draft_capital=0.26; size_speed=0.00; production=1.05; slap_score=0.13,0.0,0.0,,,0.0647058823529411
Dean Connors,RB,Houston,0,2026,1,Jacory Croskey-Merritt,Arizona,0,2025,89.9,0.392,production,draft_capital=0.17; size_speed=0.00; production=0.72; slap_score=0.42,,,,,
Dean Connors,RB,Houston,0,2026,2,Raymond Calais,Louisiana,0,2020,84.1,0.442,production,draft_capital=0.17; size_speed=0.27; production=1.00; slap_score=0.61,0.0,0.0,,,0.0
Dean Connors,RB,Houston,0,2026,3,Brittain Brown,UCLA,0,2022,83.7,0.442,slap_score,draft_capital=0.10; size_speed=0.00; production=0.73; slap_score=0.82,0.0,0.0,,,0.0
Dean Connors,RB,Houston,0,2026,4,Chris Carson,Oklahoma St.,0,2017,83.0,0.442,production,draft_capital=0.12; size_speed=0.19; production=0.99; slap_score=0.72,1.0,1.0,15.65,15.506667,13.682352941176472
Dean Connors,RB,Houston,0,2026,5,Trenton Cannon,Virginia St.,0,2018,83.0,0.392,slap_score,draft_capital=0.77; size_speed=0.00; production=0.21; slap_score=0.77,0.0,0.0,4.427273,4.427273,2.864705882352941
Dean Connors,RB,Houston,0,2026,6,Devante Mays,Utah St.,0,2017,82.6,0.442,production,draft_capital=0.26; size_speed=0.00; production=1.25; slap_score=0.50,0.0,0.0,,,0.0647058823529411
Dean Connors,RB,Houston,0,2026,7,Chandler Cox,Auburn,0,2019,82.5,0.442,production,draft_capital=0.43; size_speed=0.00; production=0.88; slap_score=0.78,0.0,0.0,,,0.0
Dean Connors,RB,Houston,0,2026,8,Lew Nichols,Central Michigan,0,2023,82.2,0.442,slap_score,draft_capital=0.37; size_speed=0.00; production=0.65; slap_score=0.92,0.0,0.0,,,0.0
Dean Connors,RB,Houston,0,2026,9,Kyle Monangai,Rutgers,0,2025,81.9,0.442,production,draft_capital=0.43; size_speed=0.85; production=0.92; slap_score=0.70,,,,,
Dean Connors,RB,Houston,0,2026,10,Myles Gaskin,Washington,0,2019,81.5,0.442,size_speed,draft_capital=0.40; size_speed=0.99; production=0.93; slap_score=0.70,0.0,0.0,16.42,16.42,10.211764705882352
Rahsul Faison,RB,South Carolina,0,2026,1,Devante Mays,Utah St.,0,2017,80.5,0.442,slap_score,draft_capital=0.26; size_speed=0.00; production=0.66; slap_score=1.05,0.0,0.0,,,0.0647058823529411
Rahsul Faison,RB,South Carolina,0,2026,2,Jacory Croskey-Merritt,Arizona,0,2025,79.9,0.392,production,draft_capital=0.17; size_speed=0.00; production=1.14; slap_score=0.96,,,,,
Rahsul Faison,RB,South Carolina,0,2026,3,Raymond Calais,Louisiana,0,2020,78.9,0.442,slap_score,draft_capital=0.17; size_speed=0.27; production=0.65; slap_score=1.15,0.0,0.0,,,0.0
Rahsul Faison,RB,South Carolina,0,2026,4,DeWayne McBride,Ala-Birmingham,0,2023,77.6,0.442,slap_score,draft_capital=0.53; size_speed=0.16; production=0.58; slap_score=1.21,0.0,0.0,,,0.0
Rahsul Faison,RB,South Carolina,0,2026,5,Brittain Brown,UCLA,0,2022,77.1,0.442,slap_score,draft_capital=0.10; size_speed=0.00; production=0.08; slap_score=1.36,0.0,0.0,,,0.0
Rahsul Faison,RB,South Carolina,0,2026,6,Chandler Cox,Auburn,0,2019,76.8,0.442,slap_score,draft_capital=0.43; size_speed=0.00; production=0.39; slap_score=1.32,0.0,0.0,,,0.0
Rahsul Faison,RB,South Carolina,0,2026,7,Kyle Monangai,Rutgers,0,2025,76.7,0.442,slap_score,draft_capital=0.43; size_speed=0.85; production=0.50; slap_score=1.24,,,,,
Rahsul Faison,RB,South Carolina,0,2026,8,Myles Gaskin,Washington,0,2019,76.3,0.442,slap_score,draft_capital=0.40; size_speed=0.99; production=0.58; slap_score=1.24,0.0,0.0,16.42,16.42,10.211764705882352
Rahsul Faison,RB,South Carolina,0,2026,9,Jermar Jefferson,Oregon St.,0,2021,76.0,0.442,slap_score,draft_capital=0.03; size_speed=0.82; production=0.96; slap_score=1.20,0.0,0.0,,,1.5117647058823531
Rahsul Faison,RB,South Carolina,0,2026,10,Chris Carson,Oklahoma St.,0,2017,75.2,0.442,slap_score,draft_capital=0.12; size_speed=0.19; production=1.05; slap_score=1.27,1.0,1.0,15.65,15.506667,13.682352941176472
Desmond Reid,RB,Pittsburgh,0,2026,1,Jacory Croskey-Merritt,Arizona,0,2025,94.6,0.392,production,draft_capital=0.17; size_speed=0.00; production=0.33; slap_score=0.22,,,,,
Desmond Reid,RB,Pittsburgh,0,2026,2,Chris Carson,Oklahoma St.,0,2017,85.4,0.442,production,draft_capital=0.12; size_speed=0.19; production=0.96; slap_score=0.53,1.0,1.0,15.65,15.506667,13.682352941176472
Desmond Reid,RB,Pittsburgh,0,2026,3,Trenton Cannon,Virginia St.,0,2018,84.6,0.392,draft_capital,draft_capital=0.77; size_speed=0.00; production=0.66; slap_score=0.58,0.0,0.0,4.427273,4.427273,2.864705882352941
Desmond Reid,RB,Pittsburgh,0,2026,4,Kylin Hill,Mississippi St.,0,2021,84.3,0.442,production,draft_capital=0.05; size_speed=0.40; production=0.89; slap_score=0.66,0.0,0.0,,,0.2294117647058823
Desmond Reid,RB,Pittsburgh,0,2026,5,Zac Brooks,Clemson,0,2016,84.0,0.442,production,draft_capital=0.13; size_speed=0.00; production=1.17; slap_score=0.46,0.0,0.0,,,0.0
Desmond Reid,RB,Pittsburgh,0,2026,6,Matthew Dayes,North Carolina St.,0,2017,84.0,0.442,slap_score,draft_capital=0.06; size_speed=0.30; production=0.34; slap_score=0.91,0.0,0.0,,,0.0
Desmond Reid,RB,Pittsburgh,0,2026,7,Justin Jackson,Northwestern,0,2018,83.9,0.442,slap_score,draft_capital=0.08; size_speed=0.70; production=0.21; slap_score=0.89,0.0,0.0,8.1625,8.1625,5.070588235294117
Desmond Reid,RB,Pittsburgh,0,2026,8,Elijah Hood,North Carolina,0,2017,83.8,0.442,production,draft_capital=0.21; size_speed=0.44; production=0.89; slap_score=0.68,0.0,0.0,,,0.0
Desmond Reid,RB,Pittsburgh,0,2026,9,De'Angelo Henderson,Coastal Carolina,0,2017,83.8,0.342,draft_capital,draft_capital=0.80; size_speed=0.37; slap_score=0.61,0.0,0.0,,,0.0
Desmond Reid,RB,Pittsburgh,0,2026,10,Raymond Calais,Louisiana,0,2020,82.3,0.442,production,draft_capital=0.17; size_speed=0.27; production=1.35; slap_score=0.41,0.0,0.0,,,0.0
Jaydn Ott,RB,Oklahoma,0,2026,1,Jacory Croskey-Merritt,Arizona,0,2025,86.2,0.392,slap_score,draft_capital=0.17; size_speed=0.00; production=0.07; slap_score=0.76,,,,,
Jaydn Ott,RB,Oklahoma,0,2026,2,Devante Mays,Utah St.,0,2017,84.6,0.442,slap_score,draft_capital=0.26; size_speed=0.00; production=0.41; slap_score=0.85,0.0,0.0,,,0.0647058823529411
Jaydn Ott,RB,Oklahoma,0,2026,3,Raymond Calais,Louisiana,0,2020,83.2,0.442,slap_score,draft_capital=0.17; size_speed=0.27; production=0.33; slap_score=0.95,0.0,0.0,,,0.0
Jaydn Ott,RB,Oklahoma,0,2026,4,Chris Carson,Oklahoma St.,0,2017,80.3,0.442,slap_score,draft_capital=0.12; size_speed=0.19; production=0.67; slap_score=1.07,1.0,1.0,15.65,15.506667,13.682352941176472
Jaydn Ott,RB,Oklahoma,0,2026,5,Cullen Gillaspia,Texas A&M,0,2019,80.0,0.442,slap_score,draft_capital=0.56; size_speed=0.00; production=0.22; slap_score=1.11,0.0,0.0,,,0.0
Jaydn Ott,RB,Oklahoma,0,2026,6,Kyle Monangai,Rutgers,0,2025,79.8,0.442,slap_score,draft_capital=0.43; size_speed=0.85; production=0.45; slap_score=1.05,,,,,
Jaydn Ott,RB,Oklahoma,0,2026,7,Myles Gaskin,Washington,0,2019,79.7,0.442,slap_score,draft_capital=0.40; size_speed=0.99; production=0.41; slap_score=1.04,0.0,0.0,16.42,16.42,10.211764705882352
Jaydn Ott,RB,Oklahoma,0,2026,8,Zac Brooks,Clemson,0,2016,79.4,0.442,slap_score,draft_capital=0.13; size_speed=0.00; production=0.98; slap_score=1.00,0.0,0.0,,,0.0
Jaydn Ott,RB,Oklahoma,0,2026,9,Chandler Cox,Auburn,0,2019,79.4,0.442,slap_score,draft_capital=0.43; size_speed=0.00; production=0.55; slap_score=1.12,0.0,0.0,,,0.0
Jaydn Ott,RB,Oklahoma,0,2026,10,Daniel Lasco,California,0,2016,79.3,0.442,production,draft_capital=0.29; size_speed=0.70; production=1.02; slap_score=0.92,0.0,0.0,,,0.3705882352941176
Terion Stewart,RB,Virginia Tech,0,2026,1,Devante Mays,Utah St.,0,2017,76.0,0.442,slap_score,draft_capital=0.26; size_speed=0.00; production=0.55; slap_score=1.36,0.0,0.0,,,0.0647058823529411
Terion Stewart,RB,Virginia Tech,0,2026,2,Jacory Croskey-Merritt,Arizona,0,2025,73.8,0.392,production,draft_capital=0.17; size_speed=0.00; production=1.42; slap_score=1.28,,,,,
Terion Stewart,RB,Virginia Tech,0,2026,3,DeWayne McBride,Ala-Birmingham,0,2023,73.6,0.442,slap_score,draft_capital=0.53; size_speed=0.16; production=0.05; slap_score=1.52,0.0,0.0,,,0.0
Terion Stewart,RB,Virginia Tech,0,2026,4,Raymond Calais,Louisiana,0,2020,73.3,0.442,slap_score,draft_capital=0.17; size_speed=0.27; production=0.83; slap_score=1.47,0.0,0.0,,,0.0
Terion Stewart,RB,Virginia Tech,0,2026,5,Jermar Jefferson,Oregon St.,0,2021,72.3,0.442,slap_score,draft_capital=0.03; size_speed=0.82; production=0.77; slap_score=1.51,0.0,0.0,,,1.5117647058823531
Terion Stewart,RB,Virginia Tech,0,2026,6,Kyle Monangai,Rutgers,0,2025,71.3,0.442,slap_score,draft_capital=0.43; size_speed=0.85; production=0.71; slap_score=1.56,,,,,
Terion Stewart,RB,Virginia Tech,0,2026,7,Chandler Cox,Auburn,0,2019,71.1,0.442,slap_score,draft_capital=0.43; size_speed=0.00; production=0.62; slap_score=1.63,0.0,0.0,,,0.0
Terion Stewart,RB,Virginia Tech,0,2026,8,Brittain Brown,UCLA,0,2022,71.0,0.442,slap_score,draft_capital=0.10; size_speed=0.00; production=0.58; slap_score=1.67,0.0,0.0,,,0.0
Terion Stewart,RB,Virginia Tech,0,2026,9,Myles Gaskin,Washington,0,2019,70.8,0.442,slap_score,draft_capital=0.40; size_speed=0.99; production=0.79; slap_score=1.55,0.0,0.0,16.42,16.42,10.211764705882352
Terion Stewart,RB,Virginia Tech,0,2026,10,Kenny Hilliard,LSU,0,2015,69.9,0.442,size_speed,draft_capital=0.37; size_speed=2.37; production=0.38; slap_score=1.38,0.0,0.0,,,0.0
Jamal Haynes,RB,Georgia Tech,0,2026,1,Jacory Croskey-Merritt,Arizona,0,2025,93.0,0.392,production,draft_capital=0.17; size_speed=0.00; production=0.52; slap_score=0.27,,,,,
Jamal Haynes,RB,Georgia Tech,0,2026,2,Raymond Calais,Louisiana,0,2020,85.8,0.442,production,draft_capital=0.17; size_speed=0.27; production=0.98; slap_score=0.46,0.0,0.0,,,0.0
Jamal Haynes,RB,Georgia Tech,0,2026,3,Chris Carson,Oklahoma St.,0,2017,85.6,0.442,production,draft_capital=0.12; size_speed=0.19; production=0.89; slap_score=0.57,1.0,1.0,15.65,15.506667,13.682352941176472
Jamal Haynes,RB,Georgia Tech,0,2026,4,Trenton Cannon,Virginia St.,0,2018,85.1,0.392,draft_capital,draft_capital=0.77; size_speed=0.00; production=0.23; slap_score=0.62,0.0,0.0,4.427273,4.427273,2.864705882352941
Jamal Haynes,RB,Georgia Tech,0,2026,5,Brittain Brown,UCLA,0,2022,85.1,0.442,production,draft_capital=0.10; size_speed=0.00; production=0.82; slap_score=0.66,0.0,0.0,,,0.0
Jamal Haynes,RB,Georgia Tech,0,2026,6,Lew Nichols,Central Michigan,0,2023,84.3,0.442,slap_score,draft_capital=0.37; size_speed=0.00; production=0.66; slap_score=0.77,0.0,0.0,,,0.0
Jamal Haynes,RB,Georgia Tech,0,2026,7,Chandler Cox,Auburn,0,2019,84.2,0.442,production,draft_capital=0.43; size_speed=0.00; production=0.90; slap_score=0.62,0.0,0.0,,,0.0
Jamal Haynes,RB,Georgia Tech,0,2026,8,Elijah Hood,North Carolina,0,2017,84.0,0.442,production,draft_capital=0.21; size_speed=0.44; production=0.80; slap_score=0.73,0.0,0.0,,,0.0
Jamal Haynes,RB,Georgia Tech,0,2026,9,Devante Mays,Utah St.,0,2017,83.5,0.442,production,draft_capital=0.26; size_speed=0.00; production=1.27; slap_score=0.35,0.0,0.0,,,0.0647058823529411
Jamal Haynes,RB,Georgia Tech,0,2026,10,Kyle Monangai,Rutgers,0,2025,83.4,0.442,production,draft_capital=0.43; size_speed=0.85; production=0.93; slap_score=0.55,,,,,
Kedrick Reescano,RB,Arizona,0,2026,1,Jacory Croskey-Merritt,Arizona,0,2025,98.6,0.392,production,draft_capital=0.07; size_speed=0.00; production=0.12; slap_score=0.01,,,,,
Kedrick Reescano,RB,Arizona,0,2026,2,Raymond Calais,Louisiana,0,2020,93.7,0.442,production,draft_capital=0.07; size_speed=0.27; production=0.41; slap_score=0.20,0.0,0.0,,,0.0
Kedrick Reescano,RB,Arizona,0,2026,3,Devante Mays,Utah St.,0,2017,93.1,0.442,production,draft_capital=0.16; size_speed=0.00; production=0.55; slap_score=0.09,0.0,0.0,,,0.0647058823529411
Kedrick Reescano,RB,Arizona,0,2026,4,Cullen Gillaspia,Texas A&M,0,2019,91.5,0.442,draft_capital,draft_capital=0.46; size_speed=0.00; production=0.21; slap_score=0.35,0.0,0.0,,,0.0
Kedrick Reescano,RB,Arizona,0,2026,5,Chris Carson,Oklahoma St.,0,2017,90.9,0.442,production,draft_capital=0.01; size_speed=0.19; production=0.61; slap_score=0.31,1.0,1.0,15.65,15.506667,13.682352941176472
Kedrick Reescano,RB,Arizona,0,2026,6,Chandler Cox,Auburn,0,2019,89.4,0.442,production,draft_capital=0.32; size_speed=0.00; production=0.66; slap_score=0.36,0.0,0.0,,,0.0
Kedrick Reescano,RB,Arizona,0,2026,7,Zac Brooks,Clemson,0,2016,89.0,0.442,production,draft_capital=0.03; size_speed=0.00; production=0.86; slap_score=0.25,0.0,0.0,,,0.0
Kedrick Reescano,RB,Arizona,0,2026,8,Kyle Monangai,Rutgers,0,2025,88.9,0.442,size_speed,draft_capital=0.32; size_speed=0.85; production=0.55; slap_score=0.29,,,,,
Kedrick Reescano,RB,Arizona,0,2026,9,Myles Gaskin,Washington,0,2019,88.7,0.442,size_speed,draft_capital=0.30; size_speed=0.99; production=0.49; slap_score=0.28,0.0,0.0,16.42,16.42,10.211764705882352
Kedrick Reescano,RB,Arizona,0,2026,10,Elijah Hood,North Carolina,0,2017,88.3,0.442,production,draft_capital=0.11; size_speed=0.44; production=0.67; slap_score=0.47,0.0,0.0,,,0.0
Quinten Joyner,RB,Texas Tech,0,2026,1,Jacory Croskey-Merritt,Arizona,0,2025,94.6,0.392,production,draft_capital=0.07; size_speed=0.00; production=0.59; slap_score=0.04,,,,,
Quinten Joyner,RB,Texas Tech,0,2026,2,Chris Carson,Oklahoma St.,0,2017,93.3,0.392,slap_score,draft_capital=0.01; size_speed=0.19; production=0.25; slap_score=0.34,1.0,1.0,15.65,15.506667,13.682352941176472
Quinten Joyner,RB,Texas Tech,0,2026,3,Zac Brooks,Clemson,0,2016,93.2,0.392,production,draft_capital=0.03; size_speed=0.00; production=0.51; slap_score=0.28,0.0,0.0,,,0.0
Quinten Joyner,RB,Texas Tech,0,2026,4,Raymond Calais,Louisiana,0,2020,90.7,0.392,production,draft_capital=0.07; size_speed=0.27; production=0.89; slap_score=0.23,0.0,0.0,,,0.0
Quinten Joyner,RB,Texas Tech,0,2026,5,Phil Mafah,Clemson,0,2025,90.6,0.392,size_speed,draft_capital=0.15; size_speed=0.56; production=0.52; slap_score=0.37,,,,,
Quinten Joyner,RB,Texas Tech,0,2026,6,Daniel Lasco,California,0,2016,90.1,0.392,production,draft_capital=0.19; size_speed=0.70; production=0.77; slap_score=0.20,0.0,0.0,,,0.3705882352941176
Quinten Joyner,RB,Texas Tech,0,2026,7,Elijah Hood,North Carolina,0,2017,89.9,0.392,slap_score,draft_capital=0.11; size_speed=0.44; production=0.34; slap_score=0.50,0.0,0.0,,,0.0
Quinten Joyner,RB,Texas Tech,0,2026,8,Zander Horvath,Purdue,0,2022,89.9,0.392,production,draft_capital=0.09; size_speed=0.00; production=1.08; slap_score=0.14,0.0,0.0,2.325,2.325,1.0941176470588234
Quinten Joyner,RB,Texas Tech,0,2026,9,Cullen Gillaspia,Texas A&M,0,2019,89.7,0.392,production,draft_capital=0.46; size_speed=0.00; production=0.57; slap_score=0.39,0.0,0.0,,,0.0
Quinten Joyner,RB,Texas Tech,0,2026,10,Devante Mays,Utah St.,0,2017,88.5,0.392,production,draft_capital=0.16; size_speed=0.00; production=1.24; slap_score=0.12,0.0,0.0,,,0.0647058823529411
Sedrick Alexander,RB,Vanderbilt,0,2026,1,Jacory Croskey-Merritt,Arizona,0,2025,86.4,0.392,slap_score,draft_capital=0.17; size_speed=0.00; production=0.45; slap_score=0.72,,,,,
Sedrick Alexander,RB,Vanderbilt,0,2026,2,Raymond Calais,Louisiana,0,2020,82.4,0.442,slap_score,draft_capital=0.17; size_speed=0.27; production=0.68; slap_score=0.91,0.0,0.0,,,0.0
Sedrick Alexander,RB,Vanderbilt,0,2026,3,Devante Mays,Utah St.,0,2017,81.8,0.442,production,draft_capital=0.26; size_speed=0.00; production=0.99; slap_score=0.80,0.0,0.0,,,0.0647058823529411
Sedrick Alexander,RB,Vanderbilt,0,2026,4,Chris Carson,Oklahoma St.,0,2017,81.0,0.442,slap_score,draft_capital=0.12; size_speed=0.19; production=0.66; slap_score=1.02,1.0,1.0,15.65,15.506667,13.682352941176472
Sedrick Alexander,RB,Vanderbilt,0,2026,5,Chandler Cox,Auburn,0,2019,79.8,0.442,slap_score,draft_capital=0.43; size_speed=0.00; production=0.62; slap_score=1.07,0.0,0.0,,,0.0
Sedrick Alexander,RB,Vanderbilt,0,2026,6,Kyle Monangai,Rutgers,0,2025,79.8,0.442,slap_score,draft_capital=0.43; size_speed=0.85; production=0.64; slap_score=1.00,,,,,
Sedrick Alexander,RB,Vanderbilt,0,2026,7,Myles Gaskin,Washington,0,2019,79.6,0.442,slap_score,draft_capital=0.40; size_speed=0.99; production=0.63; slap_score=1.00,0.0,0.0,16.42,16.42,10.211764705882352
Sedrick Alexander,RB,Vanderbilt,0,2026,8,Brittain Brown,UCLA,0,2022,79.6,0.442,slap_score,draft_capital=0.10; size_speed=0.00; production=0.66; slap_score=1.12,0.0,0.0,,,0.0
Sedrick Alexander,RB,Vanderbilt,0,2026,9,Zac Brooks,Clemson,0,2016,78.6,0.442,production,draft_capital=0.13; size_speed=0.00; production=1.18; slap_score=0.96,0.0,0.0,,,0.0
Sedrick Alexander,RB,Vanderbilt,0,2026,10,Elijah Hood,North Carolina,0,2017,78.6,0.442,slap_score,draft_capital=0.21; size_speed=0.44; production=0.58; slap_score=1.18,0.0,0.0,,,0.0
TreVonte Citizen,RB,McNeese State,0,2026,1,Jacory Croskey-Merritt,Arizona,0,2025,74.1,0.342,slap_score,draft_capital=0.17; size_speed=0.00; slap_score=1.35,,,,,
TreVonte Citizen,RB,McNeese State,0,2026,2,Devante Mays,Utah St.,0,2017,72.4,0.342,slap_score,draft_capital=0.26; size_speed=0.00; slap_score=1.43,0.0,0.0,,,0.0647058823529411
TreVonte Citizen,RB,McNeese State,0,2026,3,Zander Horvath,Purdue,0,2022,72.3,0.342,slap_score,draft_capital=0.01; size_speed=0.00; slap_score=1.45,0.0,0.0,2.325,2.325,1.0941176470588234
TreVonte Citizen,RB,McNeese State,0,2026,4,Raymond Calais,Louisiana,0,2020,70.4,0.342,slap_score,draft_capital=0.17; size_speed=0.27; slap_score=1.54,0.0,0.0,,,0.0
TreVonte Citizen,RB,McNeese State,0,2026,5,Daniel Lasco,California,0,2016,70.3,0.342,slap_score,draft_capital=0.29; size_speed=0.70; slap_score=1.51,0.0,0.0,,,0.3705882352941176
TreVonte Citizen,RB,McNeese State,0,2026,6,Zac Brooks,Clemson,0,2016,69.6,0.342,slap_score,draft_capital=0.13; size_speed=0.00; slap_score=1.59,0.0,0.0,,,0.0
TreVonte Citizen,RB,McNeese State,0,2026,7,Jermar Jefferson,Oregon St.,0,2021,68.9,0.342,slap_score,draft_capital=0.03; size_speed=0.82; slap_score=1.58,0.0,0.0,,,1.5117647058823531
TreVonte Citizen,RB,McNeese State,0,2026,8,DeWayne McBride,Ala-Birmingham,0,2023,68.7,0.342,slap_score,draft_capital=0.53; size_speed=0.16; slap_score=1.59,0.0,0.0,,,0.0
TreVonte Citizen,RB,McNeese State,0,2026,9,Chris Carson,Oklahoma St.,0,2017,68.4,0.342,slap_score,draft_capital=0.12; size_speed=0.19; slap_score=1.65,1.0,1.0,15.65,15.506667,13.682352941176472
TreVonte Citizen,RB,McNeese State,0,2026,10,Khalfani Muhammad,California,0,2017,68.3,0.342,slap_score,draft_capital=0.24; size_speed=0.00; slap_score=1.65,0.0,0.0,,,0.0
Jaylon Glover,RB,UNLV,0,2026,1,Jacory Croskey-Merritt,Arizona,0,2025,78.6,0.392,slap_score,draft_capital=0.17; size_speed=0.00; production=0.16; slap_score=1.19,,,,,
Jaylon Glover,RB,UNLV,0,2026,2,Devante Mays,Utah St.,0,2017,77.8,0.442,slap_score,draft_capital=0.26; size_speed=0.00; production=0.41; slap_score=1.27,0.0,0.0,,,0.0647058823529411
Jaylon Glover,RB,UNLV,0,2026,3,Raymond Calais,Louisiana,0,2020,76.6,0.442,slap_score,draft_capital=0.17; size_speed=0.27; production=0.13; slap_score=1.38,0.0,0.0,,,0.0
Jaylon Glover,RB,UNLV,0,2026,4,Chris Carson,Oklahoma St.,0,2017,74.1,0.442,slap_score,draft_capital=0.12; size_speed=0.19; production=0.52; slap_score=1.49,1.0,1.0,15.65,15.506667,13.682352941176472
Jaylon Glover,RB,UNLV,0,2026,5,Myles Gaskin,Washington,0,2019,73.7,0.442,slap_score,draft_capital=0.40; size_speed=0.99; production=0.21; slap_score=1.46,0.0,0.0,16.42,16.42,10.211764705882352
Jaylon Glover,RB,UNLV,0,2026,6,Kyle Monangai,Rutgers,0,2025,73.7,0.442,slap_score,draft_capital=0.43; size_speed=0.85; production=0.28; slap_score=1.47,,,,,
Jaylon Glover,RB,UNLV,0,2026,7,Zac Brooks,Clemson,0,2016,73.5,0.442,slap_score,draft_capital=0.13; size_speed=0.00; production=0.94; slap_score=1.43,0.0,0.0,,,0.0
Jaylon Glover,RB,UNLV,0,2026,8,Cullen Gillaspia,Texas A&M,0,2019,73.3,0.442,slap_score,draft_capital=0.56; size_speed=0.00; production=0.13; slap_score=1.54,0.0,0.0,,,0.0
Jaylon Glover,RB,UNLV,0,2026,9,Daniel Lasco,California,0,2016,73.2,0.442,slap_score,draft_capital=0.29; size_speed=0.70; production=1.08; slap_score=1.35,0.0,0.0,,,0.3705882352941176
Jaylon Glover,RB,UNLV,0,2026,10,Zander Horvath,Purdue,0,2022,73.2,0.442,production,draft_capital=0.01; size_speed=0.00; production=1.33; slap_score=1.29,0.0,0.0,2.325,2.325,1.0941176470588234
Savion Red,RB,Sacramento State,0,2026,1,Devante Mays,Utah St.,0,2017,73.0,0.392,slap_score,draft_capital=0.26; size_speed=0.00; production=0.90; slap_score=1.43,0.0,0.0,,,0.0647058823529411
Savion Red,RB,Sacramento State,0,2026,2,Jacory Croskey-Merritt,Arizona,0,2025,72.1,0.392,production,draft_capital=0.17; size_speed=0.00; production=1.55; slap_score=1.35,,,,,
Savion Red,RB,Sacramento State,0,2026,3,DeWayne McBride,Ala-Birmingham,0,2023,70.7,0.392,slap_score,draft_capital=0.53; size_speed=0.16; production=0.16; slap_score=1.59,0.0,0.0,,,0.0
Savion Red,RB,Sacramento State,0,2026,4,Raymond Calais,Louisiana,0,2020,70.2,0.392,slap_score,draft_capital=0.17; size_speed=0.27; production=1.25; slap_score=1.54,0.0,0.0,,,0.0
Savion Red,RB,Sacramento State,0,2026,5,Jermar Jefferson,Oregon St.,0,2021,69.9,0.392,slap_score,draft_capital=0.03; size_speed=0.82; production=0.90; slap_score=1.58,0.0,0.0,,,1.5117647058823531
Savion Red,RB,Sacramento State,0,2026,6,Brittain Brown,UCLA,0,2022,68.7,0.392,slap_score,draft_capital=0.10; size_speed=0.00; production=0.33; slap_score=1.74,0.0,0.0,,,0.0
Savion Red,RB,Sacramento State,0,2026,7,Kyle Monangai,Rutgers,0,2025,68.2,0.392,slap_score,draft_capital=0.43; size_speed=0.85; production=1.05; slap_score=1.63,,,,,
Savion Red,RB,Sacramento State,0,2026,8,Chandler Cox,Auburn,0,2019,68.1,0.392,slap_score,draft_capital=0.43; size_speed=0.00; production=0.89; slap_score=1.70,0.0,0.0,,,0.0
Savion Red,RB,Sacramento State,0,2026,9,Myles Gaskin,Washington,0,2019,67.7,0.392,slap_score,draft_capital=0.40; size_speed=0.99; production=1.17; slap_score=1.62,0.0,0.0,16.42,16.42,10.211764705882352
Savion Red,RB,Sacramento State,0,2026,10,Kenny Hilliard,LSU,0,2015,67.2,0.392,size_speed,draft_capital=0.37; size_speed=2.37; production=0.39; slap_score=1.45,0.0,0.0,,,0.0
Andrew Paul,RB,Jacksonville State,0,2026,1,Devante Mays,Utah St.,0,2017,77.0,0.442,slap_score,draft_capital=0.26; size_speed=0.00; production=0.48; slap_score=1.31,0.0,0.0,,,0.0647058823529411
Andrew Paul,RB,Jacksonville State,0,2026,2,Jacory Croskey-Merritt,Arizona,0,2025,75.0,0.392,production,draft_capital=0.17; size_speed=0.00; production=1.31; slap_score=1.23,,,,,
Andrew Paul,RB,Jacksonville State,0,2026,3,Raymond Calais,Louisiana,0,2020,74.4,0.442,slap_score,draft_capital=0.17; size_speed=0.27; production=0.74; slap_score=1.42,0.0,0.0,,,0.0
Andrew Paul,RB,Jacksonville State,0,2026,4,DeWayne McBride,Ala-Birmingham,0,2023,74.3,0.442,slap_score,draft_capital=0.53; size_speed=0.16; production=0.11; slap_score=1.47,0.0,0.0,,,0.0
Andrew Paul,RB,Jacksonville State,0,2026,5,Jermar Jefferson,Oregon St.,0,2021,72.7,0.442,slap_score,draft_capital=0.03; size_speed=0.82; production=0.83; slap_score=1.46,0.0,0.0,,,1.5117647058823531
Andrew Paul,RB,Jacksonville State,0,2026,6,Kyle Monangai,Rutgers,0,2025,72.3,0.442,slap_score,draft_capital=0.43; size_speed=0.85; production=0.62; slap_score=1.51,,,,,
Andrew Paul,RB,Jacksonville State,0,2026,7,Chandler Cox,Auburn,0,2019,72.1,0.442,slap_score,draft_capital=0.43; size_speed=0.00; production=0.53; slap_score=1.59,0.0,0.0,,,0.0
Andrew Paul,RB,Jacksonville State,0,2026,8,Myles Gaskin,Washington,0,2019,71.9,0.442,slap_score,draft_capital=0.40; size_speed=0.99; production=0.70; slap_score=1.51,0.0,0.0,16.42,16.42,10.211764705882352
Andrew Paul,RB,Jacksonville State,0,2026,9,Brittain Brown,UCLA,0,2022,71.9,0.442,slap_score,draft_capital=0.10; size_speed=0.00; production=0.51; slap_score=1.63,0.0,0.0,,,0.0
Andrew Paul,RB,Jacksonville State,0,2026,10,Cullen Gillaspia,Texas A&M,0,2019,70.4,0.442,slap_score,draft_capital=0.56; size_speed=0.00; production=0.95; slap_score=1.58,0.0,0.0,,,0.0
Richard Reese,RB,Stephen F. Austin,0,2026,1,Zander Horvath,Purdue,0,2022,78.8,0.442,slap_score,draft_capital=0.01; size_speed=0.00; production=0.57; slap_score=1.19,0.0,0.0,2.325,2.325,1.0941176470588234
Richard Reese,RB,Stephen F. Austin,0,2026,2,Jacory Croskey-Merritt,Arizona,0,2025,78.8,0.392,slap_score,draft_capital=0.17; size_speed=0.00; production=0.88; slap_score=1.09,,,,,
Richard Reese,RB,Stephen F. Austin,0,2026,3,Zac Brooks,Clemson,0,2016,77.4,0.442,slap_score,draft_capital=0.13; size_speed=0.00; production=0.18; slap_score=1.33,0.0,0.0,,,0.0
Richard Reese,RB,Stephen F. Austin,0,2026,4,Daniel Lasco,California,0,2016,77.2,0.442,slap_score,draft_capital=0.29; size_speed=0.70; production=0.49; slap_score=1.25,0.0,0.0,,,0.3705882352941176
Richard Reese,RB,Stephen F. Austin,0,2026,5,Raymond Calais,Louisiana,0,2020,76.0,0.442,slap_score,draft_capital=0.17; size_speed=0.27; production=0.85; slap_score=1.28,0.0,0.0,,,0.0
Richard Reese,RB,Stephen F. Austin,0,2026,6,Chris Carson,Oklahoma St.,0,2017,75.9,0.442,slap_score,draft_capital=0.12; size_speed=0.19; production=0.42; slap_score=1.39,1.0,1.0,15.65,15.506667,13.682352941176472
Richard Reese,RB,Stephen F. Austin,0,2026,7,Devante Mays,Utah St.,0,2017,75.6,0.442,slap_score,draft_capital=0.26; size_speed=0.00; production=1.17; slap_score=1.18,0.0,0.0,,,0.0647058823529411
Richard Reese,RB,Stephen F. Austin,0,2026,8,Phil Mafah,Clemson,0,2025,75.5,0.442,slap_score,draft_capital=0.25; size_speed=0.56; production=0.17; slap_score=1.42,,,,,
Richard Reese,RB,Stephen F. Austin,0,2026,9,Khalfani Muhammad,California,0,2017,73.8,0.442,slap_score,draft_capital=0.24; size_speed=0.00; production=0.96; slap_score=1.39,0.0,0.0,,,0.0
Richard Reese,RB,Stephen F. Austin,0,2026,10,Cullen Gillaspia,Texas A&M,0,2019,73.8,0.442,slap_score,draft_capital=0.56; size_speed=0.00; production=0.64; slap_score=1.44,0.0,0.0,,,0.0
Armoni Goodwin,RB,UT Martin,0,2026,1,Jacory Croskey-Merritt,Arizona,0,2025,76.7,0.392,slap_score,draft_capital=0.17; size_speed=0.00; production=0.07; slap_score=1.30,,,,,
Armoni Goodwin,RB,UT Martin,0,2026,2,Devante Mays,Utah St.,0,2017,75.7,0.442,slap_score,draft_capital=0.26; size_speed=0.00; production=0.51; slap_score=1.38,0.0,0.0,,,0.0647058823529411
Armoni Goodwin,RB,UT Martin,0,2026,3,Raymond Calais,Louisiana,0,2020,74.4,0.442,slap_score,draft_capital=0.17; size_speed=0.27; production=0.36; slap_score=1.49,0.0,0.0,,,0.0
Armoni Goodwin,RB,UT Martin,0,2026,4,Daniel Lasco,California,0,2016,72.4,0.442,slap_score,draft_capital=0.29; size_speed=0.70; production=0.91; slap_score=1.46,0.0,0.0,,,0.3705882352941176
Armoni Goodwin,RB,UT Martin,0,2026,5,Zander Horvath,Purdue,0,2022,72.3,0.442,slap_score,draft_capital=0.01; size_speed=0.00; production=1.22; slap_score=1.40,0.0,0.0,2.325,2.325,1.0941176470588234
Armoni Goodwin,RB,UT Martin,0,2026,6,Zac Brooks,Clemson,0,2016,72.1,0.442,slap_score,draft_capital=0.13; size_speed=0.00; production=0.87; slap_score=1.54,0.0,0.0,,,0.0
Armoni Goodwin,RB,UT Martin,0,2026,7,Chris Carson,Oklahoma St.,0,2017,72.1,0.442,slap_score,draft_capital=0.12; size_speed=0.19; production=0.59; slap_score=1.60,1.0,1.0,15.65,15.506667,13.682352941176472
Armoni Goodwin,RB,UT Martin,0,2026,8,Myles Gaskin,Washington,0,2019,71.5,0.442,slap_score,draft_capital=0.40; size_speed=0.99; production=0.44; slap_score=1.58,0.0,0.0,16.42,16.42,10.211764705882352
Armoni Goodwin,RB,UT Martin,0,2026,9,Kyle Monangai,Rutgers,0,2025,71.5,0.442,slap_score,draft_capital=0.43; size_speed=0.85; production=0.50; slap_score=1.58,,,,,
Armoni Goodwin,RB,UT Martin,0,2026,10,Cullen Gillaspia,Texas A&M,0,2019,71.4,0.442,slap_score,draft_capital=0.56; size_speed=0.00; production=0.18; slap_score=1.65,0.0,0.0,,,0.0
L.J. Johnson Jr.,RB,California,0,2026,1,Devante Mays,Utah St.,0,2017,76.8,0.442,slap_score,draft_capital=0.26; size_speed=0.00; production=0.19; slap_score=1.36,0.0,0.0,,,0.0647058823529411
L.J. Johnson Jr.,RB,California,0,2026,2,Jacory Croskey-Merritt,Arizona,0,2025,75.7,0.392,slap_score,draft_capital=0.17; size_speed=0.00; production=0.92; slap_score=1.28,,,,,
L.J. Johnson Jr.,RB,California,0,2026,3,Raymond Calais,Louisiana,0,2020,74.4,0.442,slap_score,draft_capital=0.17; size_speed=0.27; production=0.50; slap_score=1.47,0.0,0.0,,,0.0
L.J. Johnson Jr.,RB,California,0,2026,4,DeWayne McBride,Ala-Birmingham,0,2023,73.3,0.442,slap_score,draft_capital=0.53; size_speed=0.16; production=0.34; slap_score=1.52,0.0,0.0,,,0.0
L.J. Johnson Jr.,RB,California,0,2026,5,Kyle Monangai,Rutgers,0,2025,72.1,0.442,slap_score,draft_capital=0.43; size_speed=0.85; production=0.41; slap_score=1.56,,,,,
L.J. Johnson Jr.,RB,California,0,2026,6,Myles Gaskin,Washington,0,2019,71.8,0.442,slap_score,draft_capital=0.40; size_speed=0.99; production=0.48; slap_score=1.55,0.0,0.0,16.42,16.42,10.211764705882352
L.J. Johnson Jr.,RB,California,0,2026,7,Chandler Cox,Auburn,0,2019,71.7,0.442,slap_score,draft_capital=0.43; size_speed=0.00; production=0.37; slap_score=1.63,0.0,0.0,,,0.0
L.J. Johnson Jr.,RB,California,0,2026,8,Brittain Brown,UCLA,0,2022,70.9,0.442,slap_score,draft_capital=0.10; size_speed=0.00; production=0.61; slap_score=1.67,0.0,0.0,,,0.0
L.J. Johnson Jr.,RB,California,0,2026,9,Cullen Gillaspia,Texas A&M,0,2019,70.7,0.442,slap_score,draft_capital=0.56; size_speed=0.00; production=0.69; slap_score=1.62,0.0,0.0,,,0.0
L.J. Johnson Jr.,RB,California,0,2026,10,Chris Carson,Oklahoma St.,0,2017,70.6,0.442,slap_score,draft_capital=0.12; size_speed=0.19; production=1.05; slap_score=1.58,1.0,1.0,15.65,15.506667,13.682352941176472
Trevion Cooley,RB,Troy,0,2026,1,Jacory Croskey-Merritt,Arizona,0,2025,75.4,0.392,slap_score,draft_capital=0.17; size_speed=0.00; production=0.52; slap_score=1.35,,,,,
Trevion Cooley,RB,Troy,0,2026,2,Devante Mays,Utah St.,0,2017,74.2,0.392,slap_score,draft_capital=0.26; size_speed=0.00; production=0.13; slap_score=1.43,0.0,0.0,,,0.0647058823529411
Trevion Cooley,RB,Troy,0,2026,3,Raymond Calais,Louisiana,0,2020,72.3,0.392,slap_score,draft_capital=0.17; size_speed=0.27; production=0.22; slap_score=1.54,0.0,0.0,,,0.0
Trevion Cooley,RB,Troy,0,2026,4,DeWayne McBride,Ala-Birmingham,0,2023,69.7,0.392,slap_score,draft_capital=0.53; size_speed=0.16; production=0.88; slap_score=1.59,0.0,0.0,,,0.0
Trevion Cooley,RB,Troy,0,2026,5,Kyle Monangai,Rutgers,0,2025,69.6,0.392,slap_score,draft_capital=0.43; size_speed=0.85; production=0.01; slap_score=1.63,,,,,
Trevion Cooley,RB,Troy,0,2026,6,Chris Carson,Oklahoma St.,0,2017,69.5,0.392,slap_score,draft_capital=0.12; size_speed=0.19; production=0.85; slap_score=1.65,1.0,1.0,15.65,15.506667,13.682352941176472
Trevion Cooley,RB,Troy,0,2026,7,Myles Gaskin,Washington,0,2019,69.5,0.392,slap_score,draft_capital=0.40; size_speed=0.99; production=0.13; slap_score=1.62,0.0,0.0,16.42,16.42,10.211764705882352
Trevion Cooley,RB,Troy,0,2026,8,Chandler Cox,Auburn,0,2019,69.1,0.392,slap_score,draft_capital=0.43; size_speed=0.00; production=0.14; slap_score=1.70,0.0,0.0,,,0.0
Trevion Cooley,RB,Troy,0,2026,9,Cullen Gillaspia,Texas A&M,0,2019,68.6,0.392,slap_score,draft_capital=0.56; size_speed=0.00; production=0.54; slap_score=1.69,0.0,0.0,,,0.0
Trevion Cooley,RB,Troy,0,2026,10,Zac Brooks,Clemson,0,2016,68.2,0.392,production,draft_capital=0.13; size_speed=0.00; production=1.61; slap_score=1.59,0.0,0.0,,,0.0
Derrick Davis Jr.,RB,Pittsburgh,0,2026,1,Jacory Croskey-Merritt,Arizona,0,2025,98.7,0.392,production,draft_capital=0.07; size_speed=0.00; production=0.07; slap_score=0.04,,,,,
Derrick Davis Jr.,RB,Pittsburgh,0,2026,2,Raymond Calais,Louisiana,0,2020,94.2,0.392,production,draft_capital=0.07; size_speed=0.27; production=0.37; slap_score=0.23,0.0,0.0,,,0.0
Derrick Davis Jr.,RB,Pittsburgh,0,2026,3,Chris Carson,Oklahoma St.,0,2017,93.2,0.392,slap_score,draft_capital=0.01; size_speed=0.19; production=0.26; slap_score=0.34,1.0,1.0,15.65,15.506667,13.682352941176472
Derrick Davis Jr.,RB,Pittsburgh,0,2026,4,Devante Mays,Utah St.,0,2017,92.9,0.392,production,draft_capital=0.16; size_speed=0.00; production=0.72; slap_score=0.12,0.0,0.0,,,0.0647058823529411
Derrick Davis Jr.,RB,Pittsburgh,0,2026,5,Cullen Gillaspia,Texas A&M,0,2019,91.0,0.392,draft_capital,draft_capital=0.46; size_speed=0.00; production=0.05; slap_score=0.39,0.0,0.0,,,0.0
Derrick Davis Jr.,RB,Pittsburgh,0,2026,6,Elijah Hood,North Carolina,0,2017,90.2,0.392,slap_score,draft_capital=0.11; size_speed=0.44; production=0.18; slap_score=0.50,0.0,0.0,,,0.0
Derrick Davis Jr.,RB,Pittsburgh,0,2026,7,Zac Brooks,Clemson,0,2016,89.6,0.392,production,draft_capital=0.03; size_speed=0.00; production=1.02; slap_score=0.28,0.0,0.0,,,0.0
Derrick Davis Jr.,RB,Pittsburgh,0,2026,8,Chandler Cox,Auburn,0,2019,89.5,0.392,production,draft_capital=0.32; size_speed=0.00; production=0.73; slap_score=0.40,0.0,0.0,,,0.0
Derrick Davis Jr.,RB,Pittsburgh,0,2026,9,Kyle Monangai,Rutgers,0,2025,88.8,0.392,size_speed,draft_capital=0.32; size_speed=0.85; production=0.58; slap_score=0.32,,,,,
Derrick Davis Jr.,RB,Pittsburgh,0,2026,10,Myles Gaskin,Washington,0,2019,88.7,0.392,size_speed,draft_capital=0.30; size_speed=0.99; production=0.46; slap_score=0.32,0.0,0.0,16.42,16.42,10.211764705882352
Kadarius Calloway,RB,New Mexico State,0,2026,1,Jacory Croskey-Merritt,Arizona,0,2025,83.7,0.392,slap_score,draft_capital=0.17; size_speed=0.00; production=0.42; slap_score=0.88,,,,,
Kadarius Calloway,RB,New Mexico State,0,2026,2,Zander Horvath,Purdue,0,2022,80.0,0.442,slap_score,draft_capital=0.01; size_speed=0.00; production=0.95; slap_score=0.98,0.0,0.0,2.325,2.325,1.0941176470588234
Kadarius Calloway,RB,New Mexico State,0,2026,3,Zac Brooks,Clemson,0,2016,79.9,0.442,slap_score,draft_capital=0.13; size_speed=0.00; production=0.57; slap_score=1.12,0.0,0.0,,,0.0
Kadarius Calloway,RB,New Mexico State,0,2026,4,Chris Carson,Oklahoma St.,0,2017,79.8,0.442,slap_score,draft_capital=0.12; size_speed=0.19; production=0.25; slap_score=1.18,1.0,1.0,15.65,15.506667,13.682352941176472
Kadarius Calloway,RB,New Mexico State,0,2026,5,Raymond Calais,Louisiana,0,2020,79.7,0.442,slap_score,draft_capital=0.17; size_speed=0.27; production=0.75; slap_score=1.07,0.0,0.0,,,0.0
Kadarius Calloway,RB,New Mexico State,0,2026,6,Devante Mays,Utah St.,0,2017,78.6,0.442,production,draft_capital=0.26; size_speed=0.00; production=1.14; slap_score=0.96,0.0,0.0,,,0.0647058823529411
Kadarius Calloway,RB,New Mexico State,0,2026,7,Daniel Lasco,California,0,2016,77.8,0.442,slap_score,draft_capital=0.29; size_speed=0.70; production=1.02; slap_score=1.04,0.0,0.0,,,0.3705882352941176
Kadarius Calloway,RB,New Mexico State,0,2026,8,Phil Mafah,Clemson,0,2025,77.8,0.442,slap_score,draft_capital=0.25; size_speed=0.56; production=0.61; slap_score=1.21,,,,,
Kadarius Calloway,RB,New Mexico State,0,2026,9,Elijah Hood,North Carolina,0,2017,77.0,0.442,slap_score,draft_capital=0.21; size_speed=0.44; production=0.21; slap_score=1.34,0.0,0.0,,,0.0
Kadarius Calloway,RB,New Mexico State,0,2026,10,Cullen Gillaspia,Texas A&M,0,2019,76.8,0.442,slap_score,draft_capital=0.56; size_speed=0.00; production=0.69; slap_score=1.23,0.0,0.0,,,0.0
Byron Cardwell,RB,San Diego State,0,2026,1,Devante Mays,Utah St.,0,2017,79.8,0.442,slap_score,draft_capital=0.26; size_speed=0.00; production=0.94; slap_score=0.98,0.0,0.0,,,0.0647058823529411
Byron Cardwell,RB,San Diego State,0,2026,2,Jermar Jefferson,Oregon St.,0,2021,78.9,0.442,slap_score,draft_capital=0.03; size_speed=0.82; production=0.53; slap_score=1.13,0.0,0.0,,,1.5117647058823531
Byron Cardwell,RB,San Diego State,0,2026,3,DeWayne McBride,Ala-Birmingham,0,2023,78.6,0.442,slap_score,draft_capital=0.53; size_speed=0.16; production=0.56; slap_score=1.15,0.0,0.0,,,0.0
Byron Cardwell,RB,San Diego State,0,2026,4,Raymond Calais,Louisiana,0,2020,77.6,0.442,slap_score,draft_capital=0.17; size_speed=0.27; production=1.06; slap_score=1.09,0.0,0.0,,,0.0
Byron Cardwell,RB,San Diego State,0,2026,5,Brittain Brown,UCLA,0,2022,77.6,0.442,slap_score,draft_capital=0.10; size_speed=0.00; production=0.40; slap_score=1.30,0.0,0.0,,,0.0
Byron Cardwell,RB,San Diego State,0,2026,6,Jacory Croskey-Merritt,Arizona,0,2025,77.3,0.392,production,draft_capital=0.17; size_speed=0.00; production=1.77; slap_score=0.90,,,,,
Byron Cardwell,RB,San Diego State,0,2026,7,Chandler Cox,Auburn,0,2019,76.3,0.442,slap_score,draft_capital=0.43; size_speed=0.00; production=0.80; slap_score=1.26,0.0,0.0,,,0.0
Byron Cardwell,RB,San Diego State,0,2026,8,Kyle Monangai,Rutgers,0,2025,75.9,0.442,slap_score,draft_capital=0.43; size_speed=0.85; production=0.91; slap_score=1.18,,,,,
Byron Cardwell,RB,San Diego State,0,2026,9,Myles Gaskin,Washington,0,2019,75.3,0.442,slap_score,draft_capital=0.40; size_speed=0.99; production=0.99; slap_score=1.18,0.0,0.0,16.42,16.42,10.211764705882352
Byron Cardwell,RB,San Diego State,0,2026,10,Kenny Hilliard,LSU,0,2015,74.4,0.442,size_speed,draft_capital=0.37; size_speed=2.37; production=0.39; slap_score=1.00,0.0,0.0,,,0.0
Barika Kpeenu,RB,North Dakota State,0,2026,1,Jermar Jefferson,Oregon St.,0,2021,83.7,0.442,size_speed,draft_capital=0.03; size_speed=0.82; production=0.80; slap_score=0.69,0.0,0.0,,,1.5117647058823531
Barika Kpeenu,RB,North Dakota State,0,2026,2,Brittain Brown,UCLA,0,2022,83.4,0.442,slap_score,draft_capital=0.10; size_speed=0.00; production=0.69; slap_score=0.85,0.0,0.0,,,0.0
Barika Kpeenu,RB,North Dakota State,0,2026,3,Trenton Cannon,Virginia St.,0,2018,82.5,0.392,slap_score,draft_capital=0.77; size_speed=0.00; production=0.10; slap_score=0.81,0.0,0.0,4.427273,4.427273,2.864705882352941
Barika Kpeenu,RB,North Dakota State,0,2026,4,DeWayne McBride,Ala-Birmingham,0,2023,81.1,0.442,production,draft_capital=0.53; size_speed=0.16; production=1.11; slap_score=0.70,0.0,0.0,,,0.0
Barika Kpeenu,RB,North Dakota State,0,2026,5,Devante Mays,Utah St.,0,2017,80.6,0.442,production,draft_capital=0.26; size_speed=0.00; production=1.41; slap_score=0.54,0.0,0.0,,,0.0647058823529411
Barika Kpeenu,RB,North Dakota State,0,2026,6,De'Angelo Henderson,Coastal Carolina,0,2017,80.3,0.342,slap_score,draft_capital=0.80; size_speed=0.37; slap_score=0.84,0.0,0.0,,,0.0
Barika Kpeenu,RB,North Dakota State,0,2026,7,Jacory Croskey-Merritt,Arizona,0,2025,80.1,0.392,production,draft_capital=0.17; size_speed=0.00; production=2.01; slap_score=0.46,,,,,
Barika Kpeenu,RB,North Dakota State,0,2026,8,Chandler Cox,Auburn,0,2019,79.9,0.442,production,draft_capital=0.43; size_speed=0.00; production=1.16; slap_score=0.81,0.0,0.0,,,0.0
Barika Kpeenu,RB,North Dakota State,0,2026,9,Raymond Calais,Louisiana,0,2020,79.8,0.442,production,draft_capital=0.17; size_speed=0.27; production=1.41; slap_score=0.65,0.0,0.0,,,0.0
Barika Kpeenu,RB,North Dakota State,0,2026,10,Lew Nichols,Central Michigan,0,2023,78.8,0.442,production,draft_capital=0.37; size_speed=0.00; production=1.10; slap_score=0.96,0.0,0.0,,,0.0
Alton McCaskill IV,RB,Sam Houston State,0,2026,1,Jacory Croskey-Merritt,Arizona,0,2025,74.1,0.342,slap_score,draft_capital=0.17; size_speed=0.00; slap_score=1.35,,,,,
Alton McCaskill IV,RB,Sam Houston State,0,2026,2,Devante Mays,Utah St.,0,2017,72.4,0.342,slap_score,draft_capital=0.26; size_speed=0.00; slap_score=1.43,0.0,0.0,,,0.0647058823529411
Alton McCaskill IV,RB,Sam Houston State,0,2026,3,Zander Horvath,Purdue,0,2022,72.3,0.342,slap_score,draft_capital=0.01; size_speed=0.00; slap_score=1.45,0.0,0.0,2.325,2.325,1.0941176470588234
Alton McCaskill IV,RB,Sam Houston State,0,2026,4,Raymond Calais,Louisiana,0,2020,70.4,0.342,slap_score,draft_capital=0.17; size_speed=0.27; slap_score=1.54,0.0,0.0,,,0.0
Alton McCaskill IV,RB,Sam Houston State,0,2026,5,Daniel Lasco,California,0,2016,70.3,0.342,slap_score,draft_capital=0.29; size_speed=0.70; slap_score=1.51,0.0,0.0,,,0.3705882352941176
Alton McCaskill IV,RB,Sam Houston State,0,2026,6,Zac Brooks,Clemson,0,2016,69.6,0.342,slap_score,draft_capital=0.13; size_speed=0.00; slap_score=1.59,0.0,0.0,,,0.0
Alton McCaskill IV,RB,Sam Houston State,0,2026,7,Jermar Jefferson,Oregon St.,0,2021,68.9,0.342,slap_score,draft_capital=0.03; size_speed=0.82; slap_score=1.58,0.0,0.0,,,1.5117647058823531
Alton McCaskill IV,RB,Sam Houston State,0,2026,8,DeWayne McBride,Ala-Birmingham,0,2023,68.7,0.342,slap_score,draft_capital=0.53; size_speed=0.16; slap_score=1.59,0.0,0.0,,,0.0
Alton McCaskill IV,RB,Sam Houston State,0,2026,9,Chris Carson,Oklahoma St.,0,2017,68.4,0.342,slap_score,draft_capital=0.12; size_speed=0.19; slap_score=1.65,1.0,1.0,15.65,15.506667,13.682352941176472
Alton McCaskill IV,RB,Sam Houston State,0,2026,10,Khalfani Muhammad,California,0,2017,68.3,0.342,slap_score,draft_capital=0.24; size_speed=0.00; slap_score=1.65,0.0,0.0,,,0.0
Logan Diggs,RB,Mississippi,0,2026,1,Zander Horvath,Purdue,0,2022,77.0,0.442,slap_score,draft_capital=0.01; size_speed=0.00; production=0.52; slap_score=1.32,0.0,0.0,2.325,2.325,1.0941176470588234
Logan Diggs,RB,Mississippi,0,2026,2,Jacory Croskey-Merritt,Arizona,0,2025,76.3,0.392,slap_score,draft_capital=0.17; size_speed=0.00; production=1.04; slap_score=1.22,,,,,
Logan Diggs,RB,Mississippi,0,2026,3,Daniel Lasco,California,0,2016,75.7,0.442,slap_score,draft_capital=0.29; size_speed=0.70; production=0.28; slap_score=1.38,0.0,0.0,,,0.3705882352941176
Logan Diggs,RB,Mississippi,0,2026,4,Zac Brooks,Clemson,0,2016,75.2,0.442,slap_score,draft_capital=0.13; size_speed=0.00; production=0.29; slap_score=1.46,0.0,0.0,,,0.0
Logan Diggs,RB,Mississippi,0,2026,5,Devante Mays,Utah St.,0,2017,73.6,0.442,slap_score,draft_capital=0.26; size_speed=0.00; production=1.22; slap_score=1.30,0.0,0.0,,,0.0647058823529411
Logan Diggs,RB,Mississippi,0,2026,6,Raymond Calais,Louisiana,0,2020,73.6,0.442,slap_score,draft_capital=0.17; size_speed=0.27; production=0.95; slap_score=1.41,0.0,0.0,,,0.0
Logan Diggs,RB,Mississippi,0,2026,7,Phil Mafah,Clemson,0,2025,73.4,0.442,slap_score,draft_capital=0.25; size_speed=0.56; production=0.24; slap_score=1.54,,,,,
Logan Diggs,RB,Mississippi,0,2026,8,Chris Carson,Oklahoma St.,0,2017,73.3,0.442,slap_score,draft_capital=0.12; size_speed=0.19; production=0.61; slap_score=1.52,1.0,1.0,15.65,15.506667,13.682352941176472
Logan Diggs,RB,Mississippi,0,2026,9,Khalfani Muhammad,California,0,2017,72.1,0.442,slap_score,draft_capital=0.24; size_speed=0.00; production=0.92; slap_score=1.52,0.0,0.0,,,0.0
Logan Diggs,RB,Mississippi,0,2026,10,Cullen Gillaspia,Texas A&M,0,2019,71.5,0.442,slap_score,draft_capital=0.56; size_speed=0.00; production=0.72; slap_score=1.57,0.0,0.0,,,0.0
E.J. Smith,RB,Texas A&M,0,2026,1,Jacory Croskey-Merritt,Arizona,0,2025,76.6,0.392,slap_score,draft_capital=0.17; size_speed=0.00; production=0.35; slap_score=1.29,,,,,
E.J. Smith,RB,Texas A&M,0,2026,2,Devante Mays,Utah St.,0,2017,76.5,0.442,slap_score,draft_capital=0.26; size_speed=0.00; production=0.22; slap_score=1.38,0.0,0.0,,,0.0647058823529411
E.J. Smith,RB,Texas A&M,0,2026,3,Raymond Calais,Louisiana,0,2020,74.7,0.442,slap_score,draft_capital=0.17; size_speed=0.27; production=0.25; slap_score=1.48,0.0,0.0,,,0.0
E.J. Smith,RB,Texas A&M,0,2026,4,Kyle Monangai,Rutgers,0,2025,72.0,0.442,slap_score,draft_capital=0.43; size_speed=0.85; production=0.31; slap_score=1.57,,,,,
E.J. Smith,RB,Texas A&M,0,2026,5,Myles Gaskin,Washington,0,2019,71.9,0.442,slap_score,draft_capital=0.40; size_speed=0.99; production=0.30; slap_score=1.57,0.0,0.0,16.42,16.42,10.211764705882352
E.J. Smith,RB,Texas A&M,0,2026,6,DeWayne McBride,Ala-Birmingham,0,2023,71.9,0.442,slap_score,draft_capital=0.53; size_speed=0.16; production=0.74; slap_score=1.54,0.0,0.0,,,0.0
E.J. Smith,RB,Texas A&M,0,2026,7,Chris Carson,Oklahoma St.,0,2017,71.7,0.442,slap_score,draft_capital=0.12; size_speed=0.19; production=0.74; slap_score=1.60,1.0,1.0,15.65,15.506667,13.682352941176472
E.J. Smith,RB,Texas A&M,0,2026,8,Chandler Cox,Auburn,0,2019,71.4,0.442,slap_score,draft_capital=0.43; size_speed=0.00; production=0.39; slap_score=1.65,0.0,0.0,,,0.0
E.J. Smith,RB,Texas A&M,0,2026,9,Cullen Gillaspia,Texas A&M,0,2019,71.4,0.442,slap_score,draft_capital=0.56; size_speed=0.00; production=0.32; slap_score=1.64,0.0,0.0,,,0.0
E.J. Smith,RB,Texas A&M,0,2026,10,Zac Brooks,Clemson,0,2016,70.9,0.442,slap_score,draft_capital=0.13; size_speed=0.00; production=1.13; slap_score=1.53,0.0,0.0,,,0.0
Roydell Williams,RB,Florida State,0,2026,1,Devante Mays,Utah St.,0,2017,76.4,0.442,slap_score,draft_capital=0.26; size_speed=0.00; production=0.38; slap_score=1.37,0.0,0.0,,,0.0647058823529411
Roydell Williams,RB,Florida State,0,2026,2,Jacory Croskey-Merritt,Arizona,0,2025,74.7,0.392,slap_score,draft_capital=0.17; size_speed=0.00; production=1.18; slap_score=1.28,,,,,
Roydell Williams,RB,Florida State,0,2026,3,Raymond Calais,Louisiana,0,2020,73.8,0.442,slap_score,draft_capital=0.17; size_speed=0.27; production=0.67; slap_score=1.47,0.0,0.0,,,0.0
Roydell Williams,RB,Florida State,0,2026,4,DeWayne McBride,Ala-Birmingham,0,2023,73.5,0.442,slap_score,draft_capital=0.53; size_speed=0.16; production=0.16; slap_score=1.53,0.0,0.0,,,0.0
Roydell Williams,RB,Florida State,0,2026,5,Kyle Monangai,Rutgers,0,2025,71.6,0.442,slap_score,draft_capital=0.43; size_speed=0.85; production=0.56; slap_score=1.56,,,,,
Roydell Williams,RB,Florida State,0,2026,6,Jermar Jefferson,Oregon St.,0,2021,71.5,0.442,slap_score,draft_capital=0.03; size_speed=0.82; production=0.93; slap_score=1.52,0.0,0.0,,,1.5117647058823531
Roydell Williams,RB,Florida State,0,2026,7,Chandler Cox,Auburn,0,2019,71.4,0.442,slap_score,draft_capital=0.43; size_speed=0.00; production=0.48; slap_score=1.64,0.0,0.0,,,0.0
Roydell Williams,RB,Florida State,0,2026,8,Myles Gaskin,Washington,0,2019,71.3,0.442,slap_score,draft_capital=0.40; size_speed=0.99; production=0.63; slap_score=1.56,0.0,0.0,16.42,16.42,10.211764705882352
Roydell Williams,RB,Florida State,0,2026,9,Brittain Brown,UCLA,0,2022,71.0,0.442,slap_score,draft_capital=0.10; size_speed=0.00; production=0.56; slap_score=1.68,0.0,0.0,,,0.0
Roydell Williams,RB,Florida State,0,2026,10,Cullen Gillaspia,Texas A&M,0,2019,70.0,0.442,slap_score,draft_capital=0.56; size_speed=0.00; production=0.87; slap_score=1.63,0.0,0.0,,,0.0
Dominic Richardson,RB,Tulsa,0,2026,1,Jacory Croskey-Merritt,Arizona,0,2025,81.7,0.392,slap_score,draft_capital=0.17; size_speed=0.00; production=0.34; slap_score=1.00,,,,,
Dominic Richardson,RB,Tulsa,0,2026,2,Devante Mays,Utah St.,0,2017,79.8,0.442,slap_score,draft_capital=0.26; size_speed=0.00; production=0.66; slap_score=1.09,0.0,0.0,,,0.0647058823529411
Dominic Richardson,RB,Tulsa,0,2026,3,Raymond Calais,Louisiana,0,2020,79.4,0.442,slap_score,draft_capital=0.17; size_speed=0.27; production=0.32; slap_score=1.19,0.0,0.0,,,0.0
Dominic Richardson,RB,Tulsa,0,2026,4,Chris Carson,Oklahoma St.,0,2017,77.2,0.442,slap_score,draft_capital=0.12; size_speed=0.19; production=0.48; slap_score=1.31,1.0,1.0,15.65,15.506667,13.682352941176472
Dominic Richardson,RB,Tulsa,0,2026,5,Kyle Monangai,Rutgers,0,2025,76.6,0.442,slap_score,draft_capital=0.43; size_speed=0.85; production=0.30; slap_score=1.29,,,,,
Dominic Richardson,RB,Tulsa,0,2026,6,Myles Gaskin,Washington,0,2019,76.4,0.442,slap_score,draft_capital=0.40; size_speed=0.99; production=0.27; slap_score=1.28,0.0,0.0,16.42,16.42,10.211764705882352
Dominic Richardson,RB,Tulsa,0,2026,7,Chandler Cox,Auburn,0,2019,76.2,0.442,slap_score,draft_capital=0.43; size_speed=0.00; production=0.34; slap_score=1.36,0.0,0.0,,,0.0
Dominic Richardson,RB,Tulsa,0,2026,8,Zac Brooks,Clemson,0,2016,75.8,0.442,slap_score,draft_capital=0.13; size_speed=0.00; production=1.02; slap_score=1.24,0.0,0.0,,,0.0
Dominic Richardson,RB,Tulsa,0,2026,9,Cullen Gillaspia,Texas A&M,0,2019,75.7,0.442,slap_score,draft_capital=0.56; size_speed=0.00; production=0.47; slap_score=1.35,0.0,0.0,,,0.0
Dominic Richardson,RB,Tulsa,0,2026,10,Brittain Brown,UCLA,0,2022,75.2,0.442,slap_score,draft_capital=0.10; size_speed=0.00; production=0.63; slap_score=1.40,0.0,0.0,,,0.0
Jalen Berger,RB,UCLA,0,2026,1,Devante Mays,Utah St.,0,2017,78.9,0.442,slap_score,draft_capital=0.26; size_speed=0.00; production=0.37; slap_score=1.21,0.0,0.0,,,0.0647058823529411
Jalen Berger,RB,UCLA,0,2026,2,Jacory Croskey-Merritt,Arizona,0,2025,78.2,0.392,slap_score,draft_capital=0.17; size_speed=0.00; production=0.92; slap_score=1.13,,,,,
Jalen Berger,RB,UCLA,0,2026,3,Raymond Calais,Louisiana,0,2020,77.1,0.442,slap_score,draft_capital=0.17; size_speed=0.27; production=0.43; slap_score=1.32,0.0,0.0,,,0.0
Jalen Berger,RB,UCLA,0,2026,4,DeWayne McBride,Ala-Birmingham,0,2023,75.5,0.442,slap_score,draft_capital=0.53; size_speed=0.16; production=0.46; slap_score=1.37,0.0,0.0,,,0.0
Jalen Berger,RB,UCLA,0,2026,5,Kyle Monangai,Rutgers,0,2025,74.7,0.442,slap_score,draft_capital=0.43; size_speed=0.85; production=0.29; slap_score=1.41,,,,,
Jalen Berger,RB,UCLA,0,2026,6,Chandler Cox,Auburn,0,2019,74.5,0.442,slap_score,draft_capital=0.43; size_speed=0.00; production=0.19; slap_score=1.48,0.0,0.0,,,0.0
Jalen Berger,RB,UCLA,0,2026,7,Myles Gaskin,Washington,0,2019,74.4,0.442,slap_score,draft_capital=0.40; size_speed=0.99; production=0.38; slap_score=1.40,0.0,0.0,16.42,16.42,10.211764705882352
Jalen Berger,RB,UCLA,0,2026,8,Brittain Brown,UCLA,0,2022,74.0,0.442,slap_score,draft_capital=0.10; size_speed=0.00; production=0.37; slap_score=1.52,0.0,0.0,,,0.0
Jalen Berger,RB,UCLA,0,2026,9,Chris Carson,Oklahoma St.,0,2017,73.5,0.442,slap_score,draft_capital=0.12; size_speed=0.19; production=0.93; slap_score=1.43,1.0,1.0,15.65,15.506667,13.682352941176472
Jalen Berger,RB,UCLA,0,2026,10,Cullen Gillaspia,Texas A&M,0,2019,73.1,0.442,slap_score,draft_capital=0.56; size_speed=0.00; production=0.67; slap_score=1.47,0.0,0.0,,,0.0
Cam Porter,RB,Northwestern,0,2026,1,Devante Mays,Utah St.,0,2017,77.0,0.442,slap_score,draft_capital=0.26; size_speed=0.00; production=0.09; slap_score=1.35,0.0,0.0,,,0.0647058823529411
Cam Porter,RB,Northwestern,0,2026,2,Jacory Croskey-Merritt,Arizona,0,2025,76.3,0.392,slap_score,draft_capital=0.17; size_speed=0.00; production=0.71; slap_score=1.27,,,,,
Cam Porter,RB,Northwestern,0,2026,3,Raymond Calais,Louisiana,0,2020,74.9,0.442,slap_score,draft_capital=0.17; size_speed=0.27; production=0.37; slap_score=1.46,0.0,0.0,,,0.0
Cam Porter,RB,Northwestern,0,2026,4,DeWayne McBride,Ala-Birmingham,0,2023,73.1,0.442,slap_score,draft_capital=0.53; size_speed=0.16; production=0.49; slap_score=1.51,0.0,0.0,,,0.0
Cam Porter,RB,Northwestern,0,2026,5,Kyle Monangai,Rutgers,0,2025,72.4,0.442,slap_score,draft_capital=0.43; size_speed=0.85; production=0.30; slap_score=1.55,,,,,
Cam Porter,RB,Northwestern,0,2026,6,Myles Gaskin,Washington,0,2019,72.2,0.442,slap_score,draft_capital=0.40; size_speed=0.99; production=0.36; slap_score=1.55,0.0,0.0,16.42,16.42,10.211764705882352
Cam Porter,RB,Northwestern,0,2026,7,Chandler Cox,Auburn,0,2019,72.0,0.442,slap_score,draft_capital=0.43; size_speed=0.00; production=0.30; slap_score=1.62,0.0,0.0,,,0.0
Cam Porter,RB,Northwestern,0,2026,8,Chris Carson,Oklahoma St.,0,2017,71.3,0.442,slap_score,draft_capital=0.12; size_speed=0.19; production=0.91; slap_score=1.57,1.0,1.0,15.65,15.506667,13.682352941176472
Cam Porter,RB,Northwestern,0,2026,9,Cullen Gillaspia,Texas A&M,0,2019,71.3,0.442,slap_score,draft_capital=0.56; size_speed=0.00; production=0.54; slap_score=1.62,0.0,0.0,,,0.0
Cam Porter,RB,Northwestern,0,2026,10,Brittain Brown,UCLA,0,2022,70.9,0.442,slap_score,draft_capital=0.10; size_speed=0.00; production=0.65; slap_score=1.67,0.0,0.0,,,0.0
Kejon Owens,RB,Florida International,0,2026,1,Jacory Croskey-Merritt,Arizona,0,2025,83.8,0.392,slap_score,draft_capital=0.17; size_speed=0.00; production=0.10; slap_score=0.90,,,,,
Kejon Owens,RB,Florida International,0,2026,2,Devante Mays,Utah St.,0,2017,82.2,0.442,slap_score,draft_capital=0.26; size_speed=0.00; production=0.49; slap_score=0.98,0.0,0.0,,,0.0647058823529411
Kejon Owens,RB,Florida International,0,2026,3,Raymond Calais,Louisiana,0,2020,81.4,0.442,slap_score,draft_capital=0.17; size_speed=0.27; production=0.14; slap_score=1.09,0.0,0.0,,,0.0
Kejon Owens,RB,Florida International,0,2026,4,Chris Carson,Oklahoma St.,0,2017,79.1,0.442,slap_score,draft_capital=0.12; size_speed=0.19; production=0.44; slap_score=1.20,1.0,1.0,15.65,15.506667,13.682352941176472
Kejon Owens,RB,Florida International,0,2026,5,Zac Brooks,Clemson,0,2016,78.2,0.442,slap_score,draft_capital=0.13; size_speed=0.00; production=0.87; slap_score=1.14,0.0,0.0,,,0.0
Kejon Owens,RB,Florida International,0,2026,6,Myles Gaskin,Washington,0,2019,78.2,0.442,slap_score,draft_capital=0.40; size_speed=0.99; production=0.21; slap_score=1.17,0.0,0.0,16.42,16.42,10.211764705882352
Kejon Owens,RB,Florida International,0,2026,7,Kyle Monangai,Rutgers,0,2025,78.2,0.442,slap_score,draft_capital=0.43; size_speed=0.85; production=0.29; slap_score=1.18,,,,,
Kejon Owens,RB,Florida International,0,2026,8,Cullen Gillaspia,Texas A&M,0,2019,78.0,0.442,slap_score,draft_capital=0.56; size_speed=0.00; production=0.11; slap_score=1.24,0.0,0.0,,,0.0
Kejon Owens,RB,Florida International,0,2026,9,Chandler Cox,Auburn,0,2019,77.8,0.442,slap_score,draft_capital=0.43; size_speed=0.00; production=0.41; slap_score=1.25,0.0,0.0,,,0.0
Kejon Owens,RB,Florida International,0,2026,10,Zander Horvath,Purdue,0,2022,77.4,0.442,production,draft_capital=0.01; size_speed=0.00; production=1.27; slap_score=1.00,0.0,0.0,2.325,2.325,1.0941176470588234
Curtis Allen,RB,Virginia Union,0,2026,1,Jacory Croskey-Merritt,Arizona,0,2025,81.9,0.342,slap_score,draft_capital=0.17; size_speed=0.00; slap_score=0.94,,,,,
Curtis Allen,RB,Virginia Union,0,2026,2,Devante Mays,Utah St.,0,2017,80.1,0.342,slap_score,draft_capital=0.26; size_speed=0.00; slap_score=1.02,0.0,0.0,,,0.0647058823529411
Curtis Allen,RB,Virginia Union,0,2026,3,Zander Horvath,Purdue,0,2022,80.1,0.342,slap_score,draft_capital=0.01; size_speed=0.00; slap_score=1.04,0.0,0.0,2.325,2.325,1.0941176470588234
Curtis Allen,RB,Virginia Union,0,2026,4,Raymond Calais,Louisiana,0,2020,78.2,0.342,slap_score,draft_capital=0.17; size_speed=0.27; slap_score=1.13,0.0,0.0,,,0.0
Curtis Allen,RB,Virginia Union,0,2026,5,Daniel Lasco,California,0,2016,77.8,0.342,slap_score,draft_capital=0.29; size_speed=0.70; slap_score=1.10,0.0,0.0,,,0.3705882352941176
Curtis Allen,RB,Virginia Union,0,2026,6,Zac Brooks,Clemson,0,2016,77.4,0.342,slap_score,draft_capital=0.13; size_speed=0.00; slap_score=1.18,0.0,0.0,,,0.0
Curtis Allen,RB,Virginia Union,0,2026,7,Jermar Jefferson,Oregon St.,0,2021,76.5,0.342,slap_score,draft_capital=0.03; size_speed=0.82; slap_score=1.17,0.0,0.0,,,1.5117647058823531
Curtis Allen,RB,Virginia Union,0,2026,8,Chris Carson,Oklahoma St.,0,2017,76.2,0.342,slap_score,draft_capital=0.12; size_speed=0.19; slap_score=1.24,1.0,1.0,15.65,15.506667,13.682352941176472
Curtis Allen,RB,Virginia Union,0,2026,9,DeWayne McBride,Ala-Birmingham,0,2023,76.2,0.342,slap_score,draft_capital=0.53; size_speed=0.16; slap_score=1.18,0.0,0.0,,,0.0
Curtis Allen,RB,Virginia Union,0,2026,10,Khalfani Muhammad,California,0,2017,76.1,0.342,slap_score,draft_capital=0.24; size_speed=0.00; slap_score=1.24,0.0,0.0,,,0.0
Kenyon Sadiq,TE,Oregon,0,2026,1,Cole Kmet,Notre Dame,0,2020,90.8,0.55,production,draft_capital=0.26; size_speed=0.28; production=0.51; slap_score=0.27,0.0,0.0,12.073333333333332,8.66470588235294,12.073333333333332
Kenyon Sadiq,TE,Oregon,0,2026,2,Noah Fant,Iowa,0,2019,90.7,0.55,production,draft_capital=0.02; size_speed=0.24; production=0.57; slap_score=0.25,1.0,0.0,10.664285778999329,10.664285778999329,10.664285778999329
Kenyon Sadiq,TE,Oregon,0,2026,3,Terrance Ferguson,Oregon,0,2025,90.7,0.55,production,draft_capital=0.32; size_speed=0.06; production=0.50; slap_score=0.29,0.0,0.0,4.736363636363636,4.736363636363636,4.736363636363636
Kenyon Sadiq,TE,Oregon,0,2026,4,O.J. Howard,Alabama,0,2017,90.0,0.55,production,draft_capital=0.00; size_speed=0.18; production=0.61; slap_score=0.28,1.0,1.0,12.05,12.05,12.05
Kenyon Sadiq,TE,Oregon,0,2026,5,Hayden Hurst,South Carolina,0,2018,88.8,0.55,size_speed,draft_capital=0.07; size_speed=0.99; production=0.50; slap_score=0.06,0.0,0.0,9.318750075995922,9.318750075995922,9.318750075995922
Kenyon Sadiq,TE,Oregon,0,2026,6,Mason Taylor,LSU,0,2025,88.6,0.55,production,draft_capital=0.21; size_speed=0.29; production=0.66; slap_score=0.34,0.0,0.0,6.684615384615385,6.684615384615385,6.684615384615385
Kenyon Sadiq,TE,Oregon,0,2026,7,Elijah Arroyo,Miami (FL),0,2025,87.8,0.55,size_speed,draft_capital=0.38; size_speed=0.59; production=0.53; slap_score=0.47,0.0,0.0,2.9923076923076923,2.9923076923076923,2.9923076923076923
Kenyon Sadiq,TE,Oregon,0,2026,8,Luke Schoonmaker,Michigan,0,2023,87.5,0.55,production,draft_capital=0.52; size_speed=0.22; production=0.54; slap_score=0.51,0.0,0.0,5.71,5.71,5.71
Kenyon Sadiq,TE,Oregon,0,2026,9,David Njoku,Miami (FL),0,2017,87.2,0.55,production,draft_capital=0.11; size_speed=0.06; production=0.86; slap_score=0.15,1.0,0.0,13.5,9.593333333333334,13.5
Kenyon Sadiq,TE,Oregon,0,2026,10,Drew Sample,Washington,0,2019,85.7,0.55,slap_score,draft_capital=0.41; size_speed=0.24; production=0.59; slap_score=0.68,0.0,0.0,4.9312499538064,4.9312499538064,4.9312499538064
Eli Stowers,TE,Vanderbilt,0,2026,1,Gerald Everett,South Alabama,0,2017,89.5,0.55,production,draft_capital=0.26; size_speed=0.26; production=0.56; slap_score=0.38,0.0,0.0,9.3,7.483333333333333,9.3
Eli Stowers,TE,Vanderbilt,0,2026,2,Tucker Kraft,South Dakota St.,0,2023,88.7,0.55,production,draft_capital=0.13; size_speed=0.11; production=0.76; slap_score=0.07,1.0,1.0,14.65,14.65,14.65
Eli Stowers,TE,Vanderbilt,0,2026,3,Terrance Ferguson,Oregon,0,2025,88.2,0.55,production,draft_capital=0.22; size_speed=0.08; production=0.79; slap_score=0.09,0.0,0.0,4.736363636363636,4.736363636363636,4.736363636363636
Eli Stowers,TE,Vanderbilt,0,2026,4,Cole Kmet,Notre Dame,0,2020,88.1,0.55,production,draft_capital=0.28; size_speed=0.29; production=0.77; slap_score=0.07,0.0,0.0,12.073333333333332,8.66470588235294,12.073333333333332
Eli Stowers,TE,Vanderbilt,0,2026,5,Jonnu Smith,Florida International,0,2017,87.0,0.55,production,draft_capital=0.50; size_speed=0.63; production=0.72; slap_score=0.11,0.0,0.0,13.076470588235296,6.98,13.076470588235296
Eli Stowers,TE,Vanderbilt,0,2026,6,Dawson Knox,Mississippi,0,2019,86.9,0.475,production,draft_capital=0.43; size_speed=0.12; production=0.76; slap_score=0.48,1.0,0.0,10.913333527247111,10.913333527247111,10.913333527247111
Eli Stowers,TE,Vanderbilt,0,2026,7,David Njoku,Miami (FL),0,2017,86.4,0.55,production,draft_capital=0.43; size_speed=0.08; production=0.80; slap_score=0.35,1.0,0.0,13.5,9.593333333333334,13.5
Eli Stowers,TE,Vanderbilt,0,2026,8,Noah Fant,Iowa,0,2019,86.3,0.55,production,draft_capital=0.52; size_speed=0.22; production=0.71; slap_score=0.45,1.0,0.0,10.664285778999329,10.664285778999329,10.664285778999329
Eli Stowers,TE,Vanderbilt,0,2026,9,Luke Schoonmaker,Michigan,0,2023,86.3,0.55,production,draft_capital=0.02; size_speed=0.21; production=0.87; slap_score=0.31,0.0,0.0,5.71,5.71,5.71
Eli Stowers,TE,Vanderbilt,0,2026,10,O.J. Howard,Alabama,0,2017,86.2,0.55,production,draft_capital=0.54; size_speed=0.16; production=0.70; slap_score=0.48,1.0,1.0,12.05,12.05,12.05
Max Klare,TE,Ohio State,0,2026,1,Nick Vannett,Ohio St.,0,2016,87.5,0.475,size_speed,draft_capital=0.31; size_speed=0.89; production=0.69; slap_score=0.16,0.0,0.0,4.926666666666667,4.926666666666667,4.926666666666667
Max Klare,TE,Ohio State,0,2026,2,Chris Herndon,Miami (FL),0,2018,86.3,0.512,production,draft_capital=0.60; size_speed=0.51; production=0.80; slap_score=0.15,0.0,0.0,8.085714285714285,8.085714285714285,8.085714285714285
Max Klare,TE,Ohio State,0,2026,3,Clive Walford,Miami (FL),0,2015,85.3,0.55,production,draft_capital=0.04; size_speed=0.09; production=0.99; slap_score=0.17,0.0,0.0,5.793333333333334,5.793333333333334,5.793333333333334
Max Klare,TE,Ohio State,0,2026,4,Devin Asiasi,UCLA,0,2020,84.3,0.55,size_speed,draft_capital=0.24; size_speed=1.10; production=0.84; slap_score=0.05,0.0,0.0,,,0.0
Max Klare,TE,Ohio State,0,2026,5,Cade Otton,Washington,0,2022,83.2,0.55,size_speed,draft_capital=0.56; size_speed=1.74; production=0.34; slap_score=0.17,1.0,0.0,10.042857142857144,10.042857142857144,10.042857142857144
Max Klare,TE,Ohio State,0,2026,6,Tyler Kroft,Rutgers,0,2015,83.0,0.55,size_speed,draft_capital=0.17; size_speed=1.50; production=0.72; slap_score=0.27,0.0,0.0,8.293333333333333,8.293333333333333,8.293333333333333
Max Klare,TE,Ohio State,0,2026,7,Cameron Latu,Alabama,0,2023,81.9,0.55,size_speed,draft_capital=0.48; size_speed=1.18; production=0.78; slap_score=0.57,0.0,0.0,,,0.0
Max Klare,TE,Ohio State,0,2026,8,Irv Smith Jr.,Alabama,0,2019,81.6,0.55,production,draft_capital=0.25; size_speed=0.41; production=1.20; slap_score=0.26,0.0,0.0,8.2083331545194,8.2083331545194,8.2083331545194
Max Klare,TE,Ohio State,0,2026,9,Jace Sternberger,Texas A&M,0,2019,81.1,0.55,production,draft_capital=0.02; size_speed=0.62; production=1.22; slap_score=0.20,0.0,0.0,3.67500002682209,3.67500002682209,3.67500002682209
Max Klare,TE,Ohio State,0,2026,10,Ja'Tavion Sanders,Texas,0,2024,81.1,0.55,production,draft_capital=0.48; size_speed=0.93; production=1.08; slap_score=0.31,0.0,0.0,4.909090909090909,4.909090909090909,4.909090909090909
Justin Joly,TE,NC State,0,2026,1,Nick Vannett,Ohio St.,0,2016,88.0,0.475,size_speed,draft_capital=0.07; size_speed=0.89; production=0.56; slap_score=0.34,0.0,0.0,4.926666666666667,4.926666666666667,4.926666666666667
Justin Joly,TE,NC State,0,2026,2,Chris Herndon,Miami (FL),0,2018,87.9,0.512,production,draft_capital=0.21; size_speed=0.51; production=0.71; slap_score=0.34,0.0,0.0,8.085714285714285,8.085714285714285,8.085714285714285
Justin Joly,TE,NC State,0,2026,3,Devin Asiasi,UCLA,0,2020,83.9,0.55,size_speed,draft_capital=0.15; size_speed=1.10; production=0.88; slap_score=0.13,0.0,0.0,,,0.0
Justin Joly,TE,NC State,0,2026,4,Cade Otton,Washington,0,2022,83.8,0.55,size_speed,draft_capital=0.18; size_speed=1.74; production=0.46; slap_score=0.01,1.0,0.0,10.042857142857144,10.042857142857144,10.042857142857144
Justin Joly,TE,NC State,0,2026,5,Clive Walford,Miami (FL),0,2015,83.5,0.55,production,draft_capital=0.43; size_speed=0.09; production=1.03; slap_score=0.35,0.0,0.0,5.793333333333334,5.793333333333334,5.793333333333334
Justin Joly,TE,NC State,0,2026,6,Cameron Latu,Alabama,0,2023,82.3,0.55,size_speed,draft_capital=0.09; size_speed=1.18; production=0.92; slap_score=0.38,0.0,0.0,,,0.0
Justin Joly,TE,NC State,0,2026,7,Tyler Kroft,Rutgers,0,2015,81.8,0.55,size_speed,draft_capital=0.21; size_speed=1.50; production=0.88; slap_score=0.09,0.0,0.0,8.293333333333333,8.293333333333333,8.293333333333333
Justin Joly,TE,NC State,0,2026,8,John Bates,Boise St.,0,2021,81.8,0.475,size_speed,draft_capital=0.50; size_speed=1.49; production=0.87; slap_score=0.16,0.0,0.0,4.627272746779702,4.627272746779702,4.627272746779702
Justin Joly,TE,NC State,0,2026,9,Michael Roberts,Toledo,0,2017,81.6,0.55,production,draft_capital=0.53; size_speed=0.65; production=0.96; slap_score=0.59,0.0,0.0,,,5.285714285714286
Justin Joly,TE,NC State,0,2026,10,Ja'Tavion Sanders,Texas,0,2024,81.6,0.55,production,draft_capital=0.09; size_speed=0.93; production=1.13; slap_score=0.13,0.0,0.0,4.909090909090909,4.909090909090909,4.909090909090909
Jack Endries,TE,Texas,0,2026,1,Josh Whyle,Cincinnati,0,2023,91.0,0.55,draft_capital,draft_capital=0.48; size_speed=0.18; production=0.39; slap_score=0.31,0.0,0.0,4.342857142857143,4.342857142857143,4.342857142857143
Jack Endries,TE,Texas,0,2026,2,Foster Moreau,LSU,0,2019,90.8,0.55,production,draft_capital=0.26; size_speed=0.44; production=0.49; slap_score=0.24,0.0,0.0,7.108333259820938,7.108333259820938,7.108333259820938
Jack Endries,TE,Texas,0,2026,3,AJ Barner,Michigan,0,2024,90.8,0.55,production,draft_capital=0.00; size_speed=0.03; production=0.61; slap_score=0.16,0.0,0.0,8.664705882352942,8.664705882352942,8.664705882352942
Jack Endries,TE,Texas,0,2026,4,Albert Okwuegbunam,Missouri,0,2020,89.9,0.55,size_speed,draft_capital=0.08; size_speed=0.73; production=0.52; slap_score=0.15,0.0,0.0,5.846153910343464,5.846153910343464,5.846153910343464
Jack Endries,TE,Texas,0,2026,5,Cade Otton,Washington,0,2022,89.7,0.55,size_speed,draft_capital=0.25; size_speed=0.73; production=0.41; slap_score=0.33,1.0,0.0,10.042857142857144,10.042857142857144,10.042857142857144
Jack Endries,TE,Texas,0,2026,6,Erick All,Iowa,0,2024,89.3,0.55,size_speed,draft_capital=0.13; size_speed=0.73; production=0.59; slap_score=0.06,0.0,0.0,4.4750000000000005,4.4750000000000005,4.4750000000000005
Jack Endries,TE,Texas,0,2026,7,Ian Thomas,Indiana,0,2018,89.2,0.55,production,draft_capital=0.33; size_speed=0.35; production=0.65; slap_score=0.15,0.0,0.0,8.13,8.13,8.13
Jack Endries,TE,Texas,0,2026,8,Luke Farrell,Ohio St.,0,2021,88.6,0.475,production,draft_capital=0.41; size_speed=0.02; production=0.84; slap_score=0.10,0.0,0.0,3.5,3.1666666666666665,3.5
Jack Endries,TE,Texas,0,2026,9,Tommy Tremble,Notre Dame,0,2021,88.1,0.55,draft_capital,draft_capital=0.66; size_speed=0.13; production=0.61; slap_score=0.25,0.0,0.0,5.64,4.646153846153846,5.64
Jack Endries,TE,Texas,0,2026,10,Adam Trautman,Dayton,0,2020,87.9,0.438,production,draft_capital=0.27; size_speed=0.05; production=1.09; slap_score=0.16,0.0,0.0,5.754545396024531,5.754545396024531,5.754545396024531
Michael Trigg,TE,Baylor,0,2026,1,Gunnar Helm,Texas,0,2025,89.1,0.55,production,draft_capital=0.53; size_speed=0.18; production=0.63; slap_score=0.07,0.0,0.0,5.73125,5.73125,5.73125
Michael Trigg,TE,Baylor,0,2026,2,Ja'Tavion Sanders,Texas,0,2024,86.1,0.55,size_speed,draft_capital=0.24; size_speed=0.93; production=0.71; slap_score=0.29,0.0,0.0,4.909090909090909,4.909090909090909,4.909090909090909
Michael Trigg,TE,Baylor,0,2026,3,Michael Roberts,Toledo,0,2017,85.6,0.55,production,draft_capital=0.68; size_speed=0.65; production=0.74; slap_score=0.18,0.0,0.0,,,5.285714285714286
Michael Trigg,TE,Baylor,0,2026,4,Cameron Latu,Alabama,0,2023,85.3,0.55,size_speed,draft_capital=0.24; size_speed=1.18; production=0.72; slap_score=0.03,0.0,0.0,,,0.0
Michael Trigg,TE,Baylor,0,2026,5,Trevon Wesco,West Virginia,0,2019,84.8,0.55,size_speed,draft_capital=0.57; size_speed=1.00; production=0.72; slap_score=0.24,0.0,0.0,,,0.0
Michael Trigg,TE,Baylor,0,2026,6,Tyler Higbee,Western Kentucky,0,2016,83.4,0.55,size_speed,draft_capital=0.39; size_speed=1.74; production=0.45; slap_score=0.05,0.0,0.0,11.457142857142856,4.6571428571428575,11.457142857142856
Michael Trigg,TE,Baylor,0,2026,7,Colby Parkinson,Stanford,0,2020,83.3,0.55,size_speed,draft_capital=0.78; size_speed=1.14; production=0.74; slap_score=0.06,0.0,0.0,9.414285714285716,4.942857142857143,9.414285714285716
Michael Trigg,TE,Baylor,0,2026,8,Jordan Akins,Central Florida,0,2018,83.2,0.438,size_speed,draft_capital=0.15; size_speed=1.55; production=0.70; slap_score=0.21,0.0,0.0,7.766666666666667,6.438461544422003,7.766666666666667
Michael Trigg,TE,Baylor,0,2026,9,Devin Asiasi,UCLA,0,2020,82.6,0.55,size_speed,draft_capital=0.00; size_speed=1.10; production=0.84; slap_score=0.54,0.0,0.0,,,0.0
Michael Trigg,TE,Baylor,0,2026,10,Chigoziem Okonkwo,Maryland,0,2022,82.6,0.55,size_speed,draft_capital=0.94; size_speed=1.31; production=0.51; slap_score=0.35,0.0,0.0,7.294117647058823,7.1000000000000005,7.294117647058823
Tanner Koziol,TE,Houston,0,2026,1,Will Mallory,Miami (FL),0,2023,88.8,0.55,production,draft_capital=0.36; size_speed=0.36; production=0.68; slap_score=0.13,0.0,0.0,3.5181818181818185,3.5181818181818185,3.5181818181818185
Tanner Koziol,TE,Houston,0,2026,2,Beau Sandland,Montana St.,0,2016,87.0,0.475,draft_capital,draft_capital=0.78; size_speed=0.53; production=0.37; slap_score=0.42,0.0,0.0,,,0.0
Tanner Koziol,TE,Houston,0,2026,3,Bucky Hodges,Virginia Tech,0,2017,86.8,0.55,production,draft_capital=0.19; size_speed=0.02; production=0.83; slap_score=0.32,0.0,0.0,,,0.0
Tanner Koziol,TE,Houston,0,2026,4,Zach Davidson,Central Missouri St.,0,2021,86.8,0.438,production,draft_capital=0.26; size_speed=0.49; production=1.04; slap_score=0.30,0.0,0.0,,,0.0
Tanner Koziol,TE,Houston,0,2026,5,Andrew Ogletree,Youngstown St.,0,2022,86.4,0.438,production,draft_capital=0.06; size_speed=0.20; production=1.04; slap_score=0.47,0.0,0.0,3.5700000000000003,3.5700000000000003,3.5700000000000003
Tanner Koziol,TE,Houston,0,2026,6,Luke Farrell,Ohio St.,0,2021,85.9,0.475,production,draft_capital=0.62; size_speed=0.58; production=0.84; slap_score=0.25,0.0,0.0,3.5,3.1666666666666665,3.5
Tanner Koziol,TE,Houston,0,2026,7,Seth Devalve,Princeton,0,2016,85.6,0.438,production,draft_capital=0.73; size_speed=0.40; production=1.04; slap_score=0.01,0.0,0.0,4.78125,4.78125,4.78125
Tanner Koziol,TE,Houston,0,2026,8,Jerell Adams,South Carolina,0,2016,85.5,0.55,production,draft_capital=0.00; size_speed=0.72; production=0.80; slap_score=0.41,0.0,0.0,3.8,3.8,3.8
Tanner Koziol,TE,Houston,0,2026,9,Josh Whyle,Cincinnati,0,2023,84.5,0.55,production,draft_capital=0.55; size_speed=0.39; production=0.94; slap_score=0.16,0.0,0.0,4.342857142857143,4.342857142857143,4.342857142857143
Tanner Koziol,TE,Houston,0,2026,10,Jaylen Samuels,North Carolina St.,0,2018,84.4,0.438,production,draft_capital=0.29; size_speed=0.96; production=1.05; slap_score=0.33,0.0,0.0,,,0.0
Sam Roush,TE,Stanford,0,2026,1,Foster Moreau,LSU,0,2019,92.5,0.55,production,draft_capital=0.05; size_speed=0.24; production=0.50; slap_score=0.02,0.0,0.0,7.108333259820938,7.108333259820938,7.108333259820938
Sam Roush,TE,Stanford,0,2026,2,Josh Whyle,Cincinnati,0,2023,91.7,0.55,size_speed,draft_capital=0.27; size_speed=0.50; production=0.44; slap_score=0.09,0.0,0.0,4.342857142857143,4.342857142857143,4.342857142857143
Sam Roush,TE,Stanford,0,2026,3,Seth Devalve,Princeton,0,2016,91.4,0.438,production,draft_capital=0.09; size_speed=0.52; production=0.67; slap_score=0.06,0.0,0.0,4.78125,4.78125,4.78125
Sam Roush,TE,Stanford,0,2026,4,Will Mallory,Miami (FL),0,2023,90.5,0.55,production,draft_capital=0.47; size_speed=0.47; production=0.48; slap_score=0.06,0.0,0.0,3.5181818181818185,3.5181818181818185,3.5181818181818185
Sam Roush,TE,Stanford,0,2026,5,AJ Barner,Michigan,0,2024,89.7,0.55,size_speed,draft_capital=0.20; size_speed=0.65; production=0.57; slap_score=0.05,0.0,0.0,8.664705882352942,8.664705882352942,8.664705882352942
Sam Roush,TE,Stanford,0,2026,6,George Kittle,Iowa,0,2017,89.4,0.55,production,draft_capital=0.24; size_speed=0.22; production=0.69; slap_score=0.03,1.0,1.0,16.16875,16.16875,16.16875
Sam Roush,TE,Stanford,0,2026,7,Jared Wiley,TCU,0,2024,88.6,0.55,production,draft_capital=0.02; size_speed=0.33; production=0.74; slap_score=0.14,0.0,0.0,,,0.0
Sam Roush,TE,Stanford,0,2026,8,Zach Davidson,Central Missouri St.,0,2021,88.1,0.438,production,draft_capital=0.56; size_speed=0.60; production=0.67; slap_score=0.23,0.0,0.0,,,0.0
Sam Roush,TE,Stanford,0,2026,9,Adam Trautman,Dayton,0,2020,87.4,0.438,production,draft_capital=0.48; size_speed=0.63; production=0.67; slap_score=0.38,0.0,0.0,5.754545396024531,5.754545396024531,5.754545396024531
Sam Roush,TE,Stanford,0,2026,10,Dalton Keene,Virginia Tech,0,2020,86.6,0.55,production,draft_capital=0.54; size_speed=0.32; production=0.72; slap_score=0.36,0.0,0.0,,,0.0
Dallen Bentley,TE,Utah,0,2026,1,Seth Devalve,Princeton,0,2016,94.1,0.438,production,draft_capital=0.15; size_speed=0.11; production=0.52; slap_score=0.07,0.0,0.0,4.78125,4.78125,4.78125
Dallen Bentley,TE,Utah,0,2026,2,Will Mallory,Miami (FL),0,2023,93.4,0.55,production,draft_capital=0.23; size_speed=0.06; production=0.42; slap_score=0.05,0.0,0.0,3.5181818181818185,3.5181818181818185,3.5181818181818185
Dallen Bentley,TE,Utah,0,2026,3,Zach Davidson,Central Missouri St.,0,2021,92.2,0.438,production,draft_capital=0.32; size_speed=0.20; production=0.52; slap_score=0.22,0.0,0.0,,,0.0
Dallen Bentley,TE,Utah,0,2026,4,Josh Whyle,Cincinnati,0,2023,91.4,0.55,production,draft_capital=0.03; size_speed=0.10; production=0.58; slap_score=0.08,0.0,0.0,4.342857142857143,4.342857142857143,4.342857142857143
Dallen Bentley,TE,Utah,0,2026,5,Foster Moreau,LSU,0,2019,90.3,0.55,production,draft_capital=0.19; size_speed=0.16; production=0.64; slap_score=0.01,0.0,0.0,7.108333259820938,7.108333259820938,7.108333259820938
Dallen Bentley,TE,Utah,0,2026,6,George Kittle,Iowa,0,2017,90.1,0.55,production,draft_capital=0.00; size_speed=0.19; production=0.67; slap_score=0.04,1.0,1.0,16.16875,16.16875,16.16875
Dallen Bentley,TE,Utah,0,2026,7,Jaylen Samuels,North Carolina St.,0,2018,90.0,0.438,size_speed,draft_capital=0.29; size_speed=0.67; production=0.54; slap_score=0.25,0.0,0.0,,,0.0
Dallen Bentley,TE,Utah,0,2026,8,Kylen Granson,SMU,0,2021,89.3,0.55,size_speed,draft_capital=0.33; size_speed=0.77; production=0.47; slap_score=0.23,0.0,0.0,4.866666666666666,4.866666666666666,4.866666666666666
Dallen Bentley,TE,Utah,0,2026,9,Jerell Adams,South Carolina,0,2016,88.9,0.55,draft_capital,draft_capital=0.58; size_speed=0.43; production=0.47; slap_score=0.32,0.0,0.0,3.8,3.8,3.8
Dallen Bentley,TE,Utah,0,2026,10,Andrew Ogletree,Youngstown St.,0,2022,88.5,0.438,draft_capital,draft_capital=0.64; size_speed=0.09; production=0.52; slap_score=0.39,0.0,0.0,3.5700000000000003,3.5700000000000003,3.5700000000000003
John Michael Gyllenborg,TE,Wyoming,0,2026,1,Zack Kuntz,Old Dominion,0,2023,90.5,0.55,slap_score,draft_capital=0.43; size_speed=0.04; production=0.31; slap_score=0.46,0.0,0.0,,,0.0
John Michael Gyllenborg,TE,Wyoming,0,2026,2,Nick Muse,South Carolina,0,2022,89.8,0.55,size_speed,draft_capital=0.48; size_speed=0.61; production=0.30; slap_score=0.38,0.0,0.0,,,0.0
John Michael Gyllenborg,TE,Wyoming,0,2026,3,Josh Whyle,Cincinnati,0,2023,87.7,0.55,production,draft_capital=0.55; size_speed=0.50; production=0.68; slap_score=0.01,0.0,0.0,4.342857142857143,4.342857142857143,4.342857142857143
John Michael Gyllenborg,TE,Wyoming,0,2026,4,Foster Moreau,LSU,0,2019,87.0,0.55,draft_capital,draft_capital=0.77; size_speed=0.24; production=0.67; slap_score=0.09,0.0,0.0,7.108333259820938,7.108333259820938,7.108333259820938
John Michael Gyllenborg,TE,Wyoming,0,2026,5,Luke Farrell,Ohio St.,0,2021,86.5,0.475,size_speed,draft_capital=0.62; size_speed=0.69; production=0.55; slap_score=0.43,0.0,0.0,3.5,3.1666666666666665,3.5
John Michael Gyllenborg,TE,Wyoming,0,2026,6,C.J. Uzomah,Auburn,0,2015,86.4,0.55,production,draft_capital=0.42; size_speed=0.70; production=0.73; slap_score=0.27,0.0,0.0,8.018750101327896,6.800000000000001,8.018750101327896
John Michael Gyllenborg,TE,Wyoming,0,2026,7,George Kittle,Iowa,0,2017,85.7,0.55,production,draft_capital=0.58; size_speed=0.21; production=0.87; slap_score=0.13,1.0,1.0,16.16875,16.16875,16.16875
John Michael Gyllenborg,TE,Wyoming,0,2026,8,Thomas Fidone,Nebraska,0,2025,85.3,0.55,production,draft_capital=0.41; size_speed=0.23; production=0.78; slap_score=0.54,0.0,0.0,,,0.0
John Michael Gyllenborg,TE,Wyoming,0,2026,9,Jerell Adams,South Carolina,0,2016,84.5,0.55,production,draft_capital=0.00; size_speed=0.83; production=0.92; slap_score=0.23,0.0,0.0,3.8,3.8,3.8
John Michael Gyllenborg,TE,Wyoming,0,2026,10,Will Mallory,Miami (FL),0,2023,84.3,0.55,production,draft_capital=0.36; size_speed=0.46; production=1.01; slap_score=0.04,0.0,0.0,3.5181818181818185,3.5181818181818185,3.5181818181818185
Eli Raridon,TE,Notre Dame,0,2026,1,George Kittle,Iowa,0,2017,91.7,0.55,draft_capital,draft_capital=0.48; size_speed=0.15; production=0.41; slap_score=0.15,1.0,1.0,16.16875,16.16875,16.16875
Eli Raridon,TE,Notre Dame,0,2026,2,Andrew Ogletree,Youngstown St.,0,2022,90.7,0.438,production,draft_capital=0.16; size_speed=0.25; production=0.72; slap_score=0.28,0.0,0.0,3.5700000000000003,3.5700000000000003,3.5700000000000003
Eli Raridon,TE,Notre Dame,0,2026,3,Zach Davidson,Central Missouri St.,0,2021,90.6,0.438,production,draft_capital=0.16; size_speed=0.54; production=0.72; slap_score=0.11,0.0,0.0,,,0.0
Eli Raridon,TE,Notre Dame,0,2026,4,Jerell Adams,South Carolina,0,2016,90.4,0.55,size_speed,draft_capital=0.10; size_speed=0.77; production=0.42; slap_score=0.21,0.0,0.0,3.8,3.8,3.8
Eli Raridon,TE,Notre Dame,0,2026,5,Will Mallory,Miami (FL),0,2023,89.2,0.55,production,draft_capital=0.26; size_speed=0.40; production=0.67; slap_score=0.06,0.0,0.0,3.5181818181818185,3.5181818181818185,3.5181818181818185
Eli Raridon,TE,Notre Dame,0,2026,6,Josh Whyle,Cincinnati,0,2023,88.5,0.55,production,draft_capital=0.45; size_speed=0.44; production=0.67; slap_score=0.03,0.0,0.0,4.342857142857143,4.342857142857143,4.342857142857143
Eli Raridon,TE,Notre Dame,0,2026,7,Foster Moreau,LSU,0,2019,88.3,0.55,draft_capital,draft_capital=0.67; size_speed=0.18; production=0.61; slap_score=0.10,0.0,0.0,7.108333259820938,7.108333259820938,7.108333259820938
Eli Raridon,TE,Notre Dame,0,2026,8,Seth Devalve,Princeton,0,2016,88.2,0.438,production,draft_capital=0.63; size_speed=0.45; production=0.72; slap_score=0.18,0.0,0.0,4.78125,4.78125,4.78125
Eli Raridon,TE,Notre Dame,0,2026,9,Jaylen Samuels,North Carolina St.,0,2018,87.4,0.438,size_speed,draft_capital=0.19; size_speed=1.01; production=0.74; slap_score=0.14,0.0,0.0,,,0.0
Eli Raridon,TE,Notre Dame,0,2026,10,Nick Muse,South Carolina,0,2022,87.3,0.55,production,draft_capital=0.57; size_speed=0.55; production=0.59; slap_score=0.36,0.0,0.0,,,0.0
Oscar Delp,TE,Georgia,0,2026,1,Will Dissly,Washington,0,2018,91.4,0.55,production,draft_capital=0.01; size_speed=0.12; production=0.57; slap_score=0.13,0.0,0.0,7.34,4.364285698958805,12.316666666666668
Oscar Delp,TE,Georgia,0,2026,2,Trevon Wesco,West Virginia,0,2019,88.7,0.55,size_speed,draft_capital=0.05; size_speed=1.00; production=0.45; slap_score=0.25,0.0,0.0,,,0.0
Oscar Delp,TE,Georgia,0,2026,3,Blake Bell,Oklahoma,0,2015,88.6,0.55,size_speed,draft_capital=0.05; size_speed=1.21; production=0.26; slap_score=0.23,0.0,0.0,3.733333333333333,3.733333333333333,3.733333333333333
Oscar Delp,TE,Georgia,0,2026,4,Jeremy Sprinkle,Arkansas,0,2017,87.7,0.55,size_speed,draft_capital=0.60; size_speed=0.88; production=0.51; slap_score=0.03,0.0,0.0,3.74,3.74,3.74
Oscar Delp,TE,Georgia,0,2026,5,Durham Smythe,Notre Dame,0,2018,87.3,0.55,size_speed,draft_capital=0.10; size_speed=1.16; production=0.49; slap_score=0.24,0.0,0.0,5.5076923076923086,4.523076919408945,5.5076923076923086
Oscar Delp,TE,Georgia,0,2026,6,Michael Roberts,Toledo,0,2017,85.7,0.55,production,draft_capital=0.16; size_speed=0.65; production=0.84; slap_score=0.31,0.0,0.0,,,5.285714285714286
Oscar Delp,TE,Georgia,0,2026,7,Cameron Latu,Alabama,0,2023,85.3,0.55,size_speed,draft_capital=0.28; size_speed=1.18; production=0.47; slap_score=0.51,0.0,0.0,,,0.0
Oscar Delp,TE,Georgia,0,2026,8,Dalton Schultz,Stanford,0,2018,84.5,0.55,size_speed,draft_capital=0.31; size_speed=1.64; production=0.40; slap_score=0.14,0.0,0.0,12.28235295940848,9.156249977648258,12.28235295940848
Oscar Delp,TE,Georgia,0,2026,9,Robbie Ouzts,Alabama,0,2025,84.3,0.55,draft_capital,draft_capital=0.98; size_speed=0.71; production=0.47; slap_score=0.49,0.0,0.0,,,0.0
Oscar Delp,TE,Georgia,0,2026,10,Tre' McKitty,Georgia,0,2021,84.1,0.55,size_speed,draft_capital=0.39; size_speed=1.17; production=0.72; slap_score=0.36,0.0,0.0,2.15,2.15,2.15
Nate Boerkircher,TE,Texas A&M,0,2026,1,Robbie Ouzts,Alabama,0,2025,90.5,0.55,size_speed,draft_capital=0.42; size_speed=0.71; production=0.37; slap_score=0.15,0.0,0.0,,,0.0
Nate Boerkircher,TE,Texas A&M,0,2026,2,Jeremy Sprinkle,Arkansas,0,2017,87.5,0.55,size_speed,draft_capital=0.04; size_speed=0.88; production=0.61; slap_score=0.32,0.0,0.0,3.74,3.74,3.74
Nate Boerkircher,TE,Texas A&M,0,2026,3,Will Dissly,Washington,0,2018,87.3,0.55,production,draft_capital=0.55; size_speed=0.12; production=0.60; slap_score=0.48,0.0,0.0,7.34,4.364285698958805,12.316666666666668
Nate Boerkircher,TE,Texas A&M,0,2026,4,Charlie Woerner,Georgia,0,2020,85.0,0.55,size_speed,draft_capital=0.56; size_speed=1.55; production=0.22; slap_score=0.19,0.0,0.0,1.45,,2.1333333333333333
Nate Boerkircher,TE,Texas A&M,0,2026,5,Jackson Hawes,Georgia Tech,0,2025,84.8,0.55,size_speed,draft_capital=0.36; size_speed=1.72; production=0.16; slap_score=0.07,0.0,0.0,4.053846153846154,4.053846153846154,4.053846153846154
Nate Boerkircher,TE,Texas A&M,0,2026,6,Blake Bell,Oklahoma,0,2015,84.7,0.55,size_speed,draft_capital=0.61; size_speed=1.21; production=0.26; slap_score=0.58,0.0,0.0,3.733333333333333,3.733333333333333,3.733333333333333
Nate Boerkircher,TE,Texas A&M,0,2026,7,Ben Koyack,Notre Dame,0,2015,84.6,0.55,draft_capital,draft_capital=1.04; size_speed=0.35; production=0.54; slap_score=0.45,0.0,0.0,4.566666666666666,4.566666666666666,4.566666666666666
Nate Boerkircher,TE,Texas A&M,0,2026,8,Trevon Wesco,West Virginia,0,2019,84.3,0.55,size_speed,draft_capital=0.51; size_speed=1.00; production=0.56; slap_score=0.59,0.0,0.0,,,0.0
Nate Boerkircher,TE,Texas A&M,0,2026,9,Durham Smythe,Notre Dame,0,2018,84.2,0.55,size_speed,draft_capital=0.47; size_speed=1.16; production=0.50; slap_score=0.58,0.0,0.0,5.5076923076923086,4.523076919408945,5.5076923076923086
Nate Boerkircher,TE,Texas A&M,0,2026,10,Noah Gray,Duke,0,2021,83.9,0.55,size_speed,draft_capital=0.16; size_speed=1.57; production=0.49; slap_score=0.36,0.0,0.0,7.08125,4.4125,7.08125
Josh Cuevas,TE,Alabama,0,2026,1,Connor Heyward,Michigan St.,0,2022,93.0,0.438,production,draft_capital=0.24; size_speed=0.15; production=0.60; slap_score=0.05,0.0,0.0,4.4750000000000005,4.4750000000000005,4.4750000000000005
Josh Cuevas,TE,Alabama,0,2026,2,Gavin Bartholomew,Pittsburgh,0,2025,92.2,0.55,size_speed,draft_capital=0.18; size_speed=0.70; production=0.31; slap_score=0.09,0.0,0.0,,,0.0
Josh Cuevas,TE,Alabama,0,2026,3,Randall Telfer,USC,0,2015,91.9,0.55,production,draft_capital=0.12; size_speed=0.15; production=0.53; slap_score=0.11,0.0,0.0,,,0.0
Josh Cuevas,TE,Alabama,0,2026,4,Grant Calcaterra,SMU,0,2022,90.9,0.55,production,draft_capital=0.12; size_speed=0.31; production=0.57; slap_score=0.15,0.0,0.0,4.6000000000000005,4.6000000000000005,4.6000000000000005
Josh Cuevas,TE,Alabama,0,2026,5,Tanner McLachlan,Arizona,0,2024,90.5,0.55,production,draft_capital=0.05; size_speed=0.05; production=0.63; slap_score=0.17,0.0,0.0,,,0.0
Josh Cuevas,TE,Alabama,0,2026,6,Davis Allen,Clemson,0,2023,89.3,0.55,size_speed,draft_capital=0.14; size_speed=0.54; production=0.52; slap_score=0.39,0.0,0.0,4.1866666666666665,4.1866666666666665,4.1866666666666665
Josh Cuevas,TE,Alabama,0,2026,7,Payne Durham,Purdue,0,2023,88.8,0.55,production,draft_capital=0.25; size_speed=0.52; production=0.61; slap_score=0.29,0.0,0.0,,,1.8
Josh Cuevas,TE,Alabama,0,2026,8,Temarrick Hemingway,South Carolina St.,0,2016,88.3,0.438,production,draft_capital=0.07; size_speed=0.31; production=0.98; slap_score=0.29,0.0,0.0,,,0.0
Josh Cuevas,TE,Alabama,0,2026,9,Jackson Hawes,Georgia Tech,0,2025,88.3,0.55,production,draft_capital=0.20; size_speed=0.18; production=0.77; slap_score=0.09,0.0,0.0,4.053846153846154,4.053846153846154,4.053846153846154
Josh Cuevas,TE,Alabama,0,2026,10,Devin Culp,Washington,0,2024,88.1,0.55,draft_capital,draft_capital=0.60; size_speed=0.31; production=0.47; slap_score=0.46,0.0,0.0,,,0.0
Joe Royer,TE,Cincinnati,0,2026,1,Robbie Ouzts,Alabama,0,2025,89.0,0.55,size_speed,draft_capital=0.10; size_speed=0.71; production=0.63; slap_score=0.07,0.0,0.0,,,0.0
Joe Royer,TE,Cincinnati,0,2026,2,Jeremy Sprinkle,Arkansas,0,2017,87.6,0.55,size_speed,draft_capital=0.48; size_speed=0.88; production=0.42; slap_score=0.39,0.0,0.0,3.74,3.74,3.74
Joe Royer,TE,Cincinnati,0,2026,3,Ben Koyack,Notre Dame,0,2015,87.4,0.55,production,draft_capital=0.52; size_speed=0.35; production=0.65; slap_score=0.37,0.0,0.0,4.566666666666666,4.566666666666666,4.566666666666666
Joe Royer,TE,Cincinnati,0,2026,4,Jordan Thomas,Mississippi St.,0,2018,87.2,0.438,production,draft_capital=0.30; size_speed=0.05; production=1.17; slap_score=0.08,0.0,0.0,4.678571428571429,4.678571428571429,4.678571428571429
Joe Royer,TE,Cincinnati,0,2026,5,A.J. Derby,Arkansas,0,2015,87.0,0.475,size_speed,draft_capital=0.23; size_speed=1.07; production=0.67; slap_score=0.06,0.0,0.0,5.036363636363636,5.036363636363636,5.036363636363636
Joe Royer,TE,Cincinnati,0,2026,6,Brayden Willis,Oklahoma,0,2023,87.0,0.55,draft_capital,draft_capital=0.67; size_speed=0.38; production=0.63; slap_score=0.33,0.0,0.0,,,0.0
Joe Royer,TE,Cincinnati,0,2026,7,Kaden Smith,Stanford,0,2019,85.6,0.55,production,draft_capital=0.07; size_speed=0.10; production=0.93; slap_score=0.31,0.0,0.0,2.246153840651879,2.246153840651879,10.828571428571427
Joe Royer,TE,Cincinnati,0,2026,8,Will Dissly,Washington,0,2018,84.8,0.55,draft_capital,draft_capital=1.07; size_speed=0.12; production=0.38; slap_score=0.55,0.0,0.0,7.34,4.364285698958805,12.316666666666668
Joe Royer,TE,Cincinnati,0,2026,9,Isaac Nauta,Georgia,0,2019,84.5,0.55,size_speed,draft_capital=0.45; size_speed=1.30; production=0.55; slap_score=0.38,0.0,0.0,,,0.0
Joe Royer,TE,Cincinnati,0,2026,10,Ko Kieft,Minnesota,0,2022,84.2,0.55,production,draft_capital=0.39; size_speed=0.19; production=0.89; slap_score=0.52,0.0,0.0,2.625,2.625,2.625
Dae'Quan Wright,TE,Mississippi,0,2026,1,Jordan Thomas,Mississippi St.,0,2018,88.6,0.438,production,draft_capital=0.28; size_speed=0.05; production=1.05; slap_score=0.02,0.0,0.0,4.678571428571429,4.678571428571429,4.678571428571429
Dae'Quan Wright,TE,Mississippi,0,2026,2,Ben Koyack,Notre Dame,0,2015,87.8,0.55,production,draft_capital=0.50; size_speed=0.35; production=0.65; slap_score=0.31,0.0,0.0,4.566666666666666,4.566666666666666,4.566666666666666
Dae'Quan Wright,TE,Mississippi,0,2026,3,Kaden Smith,Stanford,0,2019,85.4,0.55,production,draft_capital=0.09; size_speed=0.10; production=0.92; slap_score=0.37,0.0,0.0,2.246153840651879,2.246153840651879,10.828571428571427
Dae'Quan Wright,TE,Mississippi,0,2026,4,Payne Durham,Purdue,0,2023,85.2,0.55,size_speed,draft_capital=0.23; size_speed=1.37; production=0.44; slap_score=0.41,0.0,0.0,,,1.8
Dae'Quan Wright,TE,Mississippi,0,2026,5,Brayden Willis,Oklahoma,0,2023,84.8,0.55,production,draft_capital=0.65; size_speed=0.38; production=0.86; slap_score=0.26,0.0,0.0,,,0.0
Dae'Quan Wright,TE,Mississippi,0,2026,6,Jeremy Sprinkle,Arkansas,0,2017,83.1,0.55,size_speed,draft_capital=0.50; size_speed=0.88; production=0.85; slap_score=0.46,0.0,0.0,3.74,3.74,3.74
Dae'Quan Wright,TE,Mississippi,0,2026,7,Connor Heyward,Michigan St.,0,2022,82.9,0.438,size_speed,draft_capital=0.26; size_speed=1.74; production=0.32; slap_score=0.07,0.0,0.0,4.4750000000000005,4.4750000000000005,4.4750000000000005
Dae'Quan Wright,TE,Mississippi,0,2026,8,Chigoziem Okonkwo,Maryland,0,2022,82.5,0.55,size_speed,draft_capital=0.68; size_speed=1.31; production=0.45; slap_score=0.63,0.0,0.0,7.294117647058823,7.1000000000000005,7.294117647058823
Dae'Quan Wright,TE,Mississippi,0,2026,9,Temarrick Hemingway,South Carolina St.,0,2016,82.0,0.438,size_speed,draft_capital=0.05; size_speed=1.58; production=0.70; slap_score=0.41,0.0,0.0,,,0.0
Dae'Quan Wright,TE,Mississippi,0,2026,10,Tanner McLachlan,Arizona,0,2024,81.6,0.55,size_speed,draft_capital=0.07; size_speed=1.94; production=0.49; slap_score=0.29,0.0,0.0,,,0.0
Riley Nowakowski,TE,Indiana,0,2026,1,Alizé Mack,Notre Dame,0,2019,93.9,0.55,production,draft_capital=0.26; size_speed=0.28; production=0.34; slap_score=0.01,0.0,0.0,,,0.0
Riley Nowakowski,TE,Indiana,0,2026,2,Connor Heyward,Michigan St.,0,2022,93.6,0.438,production,draft_capital=0.02; size_speed=0.37; production=0.50; slap_score=0.08,0.0,0.0,4.4750000000000005,4.4750000000000005,4.4750000000000005
Riley Nowakowski,TE,Indiana,0,2026,3,Randall Telfer,USC,0,2015,92.4,0.55,production,draft_capital=0.14; size_speed=0.37; production=0.46; slap_score=0.02,0.0,0.0,,,0.0
Riley Nowakowski,TE,Indiana,0,2026,4,Jackson Hawes,Georgia Tech,0,2025,91.6,0.55,draft_capital,draft_capital=0.47; size_speed=0.39; production=0.34; slap_score=0.22,0.0,0.0,4.053846153846154,4.053846153846154,4.053846153846154
Riley Nowakowski,TE,Indiana,0,2026,5,Grant Calcaterra,SMU,0,2022,90.7,0.55,production,draft_capital=0.14; size_speed=0.10; production=0.56; slap_score=0.28,0.0,0.0,4.6000000000000005,4.6000000000000005,4.6000000000000005
Riley Nowakowski,TE,Indiana,0,2026,6,John FitzPatrick,Georgia,0,2022,90.6,0.55,production,draft_capital=0.03; size_speed=0.37; production=0.56; slap_score=0.21,0.0,0.0,2.52,,2.52
Riley Nowakowski,TE,Indiana,0,2026,7,Thomas Fidone,Nebraska,0,2025,90.5,0.55,size_speed,draft_capital=0.11; size_speed=0.81; production=0.39; slap_score=0.21,0.0,0.0,,,0.0
Riley Nowakowski,TE,Indiana,0,2026,8,Rico Gathers,Baylor,0,2016,90.0,0.475,production,draft_capital=0.06; size_speed=0.47; production=0.74; slap_score=0.08,0.0,0.0,,,1.25
Riley Nowakowski,TE,Indiana,0,2026,9,Charlie Woerner,Georgia,0,2020,90.0,0.55,production,draft_capital=0.26; size_speed=0.56; production=0.58; slap_score=0.04,0.0,0.0,1.45,,2.1333333333333333
Riley Nowakowski,TE,Indiana,0,2026,10,Tanner McLachlan,Arizona,0,2024,89.9,0.55,production,draft_capital=0.21; size_speed=0.16; production=0.59; slap_score=0.30,0.0,0.0,,,0.0
Marlin Klein,TE,Michigan,0,2026,1,Caleb Lohner,Utah,0,2025,91.5,0.55,production,draft_capital=0.24; size_speed=0.09; production=0.42; slap_score=0.35,0.0,0.0,,,0.0
Marlin Klein,TE,Michigan,0,2026,2,Tyler Davis,Georgia Tech,0,2020,91.3,0.55,size_speed,draft_capital=0.11; size_speed=0.59; production=0.48; slap_score=0.05,0.0,0.0,,,0.0
Marlin Klein,TE,Michigan,0,2026,3,Alizé Mack,Notre Dame,0,2019,90.2,0.55,production,draft_capital=0.19; size_speed=0.27; production=0.64; slap_score=0.00,0.0,0.0,,,0.0
Marlin Klein,TE,Michigan,0,2026,4,Connor Heyward,Michigan St.,0,2022,89.1,0.438,size_speed,draft_capital=0.09; size_speed=0.92; production=0.61; slap_score=0.09,0.0,0.0,4.4750000000000005,4.4750000000000005,4.4750000000000005
Marlin Klein,TE,Michigan,0,2026,5,Nick Muse,South Carolina,0,2022,88.7,0.55,production,draft_capital=0.11; size_speed=0.12; production=0.66; slap_score=0.38,0.0,0.0,,,0.0
Marlin Klein,TE,Michigan,0,2026,6,John FitzPatrick,Georgia,0,2022,88.7,0.55,size_speed,draft_capital=0.03; size_speed=0.92; production=0.52; slap_score=0.20,0.0,0.0,2.52,,2.52
Marlin Klein,TE,Michigan,0,2026,7,Thomas Fidone,Nebraska,0,2025,88.6,0.55,production,draft_capital=0.04; size_speed=0.26; production=0.73; slap_score=0.22,0.0,0.0,,,0.0
Marlin Klein,TE,Michigan,0,2026,8,Zack Kuntz,Old Dominion,0,2023,88.5,0.55,production,draft_capital=0.06; size_speed=0.53; production=0.66; slap_score=0.30,0.0,0.0,,,0.0
Marlin Klein,TE,Michigan,0,2026,9,C.J. Uzomah,Auburn,0,2015,88.3,0.55,draft_capital,draft_capital=0.79; size_speed=0.21; production=0.20; slap_score=0.49,0.0,0.0,8.018750101327896,6.800000000000001,8.018750101327896
Marlin Klein,TE,Michigan,0,2026,10,James Mitchell,Virginia Tech,0,2022,88.2,0.55,size_speed,draft_capital=0.40; size_speed=0.92; production=0.46; slap_score=0.25,0.0,0.0,3.5375,3.5375,3.5375
Will Kacmarek,TE,Ohio State,0,2026,1,Caleb Lohner,Utah,0,2025,94.0,0.55,production,draft_capital=0.14; size_speed=0.16; production=0.39; slap_score=0.03,0.0,0.0,,,0.0
Will Kacmarek,TE,Ohio State,0,2026,2,Geoff Swaim,Texas,0,2015,92.1,0.55,size_speed,draft_capital=0.11; size_speed=0.81; production=0.23; slap_score=0.14,0.0,0.0,7.025,,7.025
Will Kacmarek,TE,Ohio State,0,2026,3,John FitzPatrick,Georgia,0,2022,90.0,0.55,size_speed,draft_capital=0.41; size_speed=0.99; production=0.19; slap_score=0.12,0.0,0.0,2.52,,2.52
Will Kacmarek,TE,Ohio State,0,2026,4,Alizé Mack,Notre Dame,0,2019,89.2,0.55,production,draft_capital=0.18; size_speed=0.34; production=0.62; slap_score=0.32,0.0,0.0,,,0.0
Will Kacmarek,TE,Ohio State,0,2026,5,Rory Anderson,South Carolina,0,2015,89.0,0.55,size_speed,draft_capital=0.07; size_speed=0.99; production=0.48; slap_score=0.06,0.0,0.0,,,0.0
Will Kacmarek,TE,Ohio State,0,2026,6,Zack Kuntz,Old Dominion,0,2023,87.4,0.55,slap_score,draft_capital=0.31; size_speed=0.46; production=0.47; slap_score=0.61,0.0,0.0,,,0.0
Will Kacmarek,TE,Ohio State,0,2026,7,Randall Telfer,USC,0,2015,87.3,0.55,size_speed,draft_capital=0.58; size_speed=0.99; production=0.36; slap_score=0.34,0.0,0.0,,,0.0
Will Kacmarek,TE,Ohio State,0,2026,8,Thomas Fidone,Nebraska,0,2025,86.8,0.55,production,draft_capital=0.33; size_speed=0.19; production=0.66; slap_score=0.54,0.0,0.0,,,0.0
Will Kacmarek,TE,Ohio State,0,2026,9,Charlie Woerner,Georgia,0,2020,86.5,0.55,size_speed,draft_capital=0.70; size_speed=1.18; production=0.19; slap_score=0.29,0.0,0.0,1.45,,2.1333333333333333
Will Kacmarek,TE,Ohio State,0,2026,10,Gavin Bartholomew,Pittsburgh,0,2025,85.6,0.55,production,draft_capital=0.52; size_speed=0.14; production=0.71; slap_score=0.54,0.0,0.0,,,0.0
Lance Mason,TE,Wisconsin,0,2026,1,Ko Kieft,Minnesota,0,2022,90.2,0.55,production,draft_capital=0.24; size_speed=0.19; production=0.64; slap_score=0.03,0.0,0.0,2.625,2.625,2.625
Lance Mason,TE,Wisconsin,0,2026,2,Jordan Thomas,Mississippi St.,0,2018,86.5,0.438,production,draft_capital=0.32; size_speed=0.05; production=0.98; slap_score=0.47,0.0,0.0,4.678571428571429,4.678571428571429,4.678571428571429
Lance Mason,TE,Wisconsin,0,2026,3,Brayden Willis,Oklahoma,0,2023,85.4,0.55,production,draft_capital=0.05; size_speed=0.38; production=0.95; slap_score=0.23,0.0,0.0,,,0.0
Lance Mason,TE,Wisconsin,0,2026,4,Isaac Nauta,Georgia,0,2019,84.9,0.55,size_speed,draft_capital=0.17; size_speed=1.30; production=0.68; slap_score=0.18,0.0,0.0,,,0.0
Lance Mason,TE,Wisconsin,0,2026,5,Luke Lachey,Iowa,0,2025,83.1,0.55,size_speed,draft_capital=0.22; size_speed=1.82; production=0.36; slap_score=0.29,0.0,0.0,,,0.0
Lance Mason,TE,Wisconsin,0,2026,6,Robbie Ouzts,Alabama,0,2025,82.9,0.55,production,draft_capital=0.72; size_speed=0.71; production=0.82; slap_score=0.48,0.0,0.0,,,0.0
Lance Mason,TE,Wisconsin,0,2026,7,Ben Koyack,Notre Dame,0,2015,82.5,0.55,production,draft_capital=0.11; size_speed=0.35; production=1.16; slap_score=0.18,0.0,0.0,4.566666666666666,4.566666666666666,4.566666666666666
Lance Mason,TE,Wisconsin,0,2026,8,A.J. Derby,Arkansas,0,2015,82.1,0.475,size_speed,draft_capital=0.40; size_speed=1.07; production=0.85; slap_score=0.62,0.0,0.0,5.036363636363636,5.036363636363636,5.036363636363636
Lance Mason,TE,Wisconsin,0,2026,9,Moliki Matavao,UCLA,0,2025,81.2,0.55,size_speed,draft_capital=0.07; size_speed=1.38; production=0.92; slap_score=0.39,0.0,0.0,,,0.0
Lance Mason,TE,Wisconsin,0,2026,10,Connor Heyward,Michigan St.,0,2022,80.4,0.438,size_speed,draft_capital=0.35; size_speed=1.74; production=0.24; slap_score=0.57,0.0,0.0,4.4750000000000005,4.4750000000000005,4.4750000000000005
Toby Payne,TE,Marshall,0,2026,1,Ko Kieft,Minnesota,0,2022,88.6,0.55,production,draft_capital=0.32; size_speed=0.19; production=0.73; slap_score=0.07,0.0,0.0,2.625,2.625,2.625
Toby Payne,TE,Marshall,0,2026,2,Brayden Willis,Oklahoma,0,2023,88.5,0.55,production,draft_capital=0.04; size_speed=0.38; production=0.70; slap_score=0.26,0.0,0.0,,,0.0
Toby Payne,TE,Marshall,0,2026,3,Ben Koyack,Notre Dame,0,2015,87.6,0.55,production,draft_capital=0.19; size_speed=0.35; production=0.79; slap_score=0.22,0.0,0.0,4.566666666666666,4.566666666666666,4.566666666666666
Toby Payne,TE,Marshall,0,2026,4,Isaac Nauta,Georgia,0,2019,85.9,0.55,size_speed,draft_capital=0.26; size_speed=1.30; production=0.54; slap_score=0.21,0.0,0.0,,,0.0
Toby Payne,TE,Marshall,0,2026,5,Jordan Thomas,Mississippi St.,0,2018,84.7,0.438,production,draft_capital=0.41; size_speed=0.05; production=1.13; slap_score=0.51,0.0,0.0,4.678571428571429,4.678571428571429,4.678571428571429
Toby Payne,TE,Marshall,0,2026,6,Robbie Ouzts,Alabama,0,2025,84.4,0.55,draft_capital,draft_capital=0.81; size_speed=0.71; production=0.58; slap_score=0.52,0.0,0.0,,,0.0
Toby Payne,TE,Marshall,0,2026,7,Moliki Matavao,UCLA,0,2025,83.2,0.55,size_speed,draft_capital=0.02; size_speed=1.38; production=0.71; slap_score=0.43,0.0,0.0,,,0.0
Toby Payne,TE,Marshall,0,2026,8,A.J. Derby,Arkansas,0,2015,82.6,0.475,size_speed,draft_capital=0.49; size_speed=1.07; production=0.66; slap_score=0.65,0.0,0.0,5.036363636363636,5.036363636363636,5.036363636363636
Toby Payne,TE,Marshall,0,2026,9,Gerald Christian,Louisville,0,2015,81.9,0.55,size_speed,draft_capital=0.15; size_speed=1.81; production=0.60; slap_score=0.25,0.0,0.0,,,0.0
Toby Payne,TE,Marshall,0,2026,10,Luke Lachey,Iowa,0,2025,81.9,0.55,size_speed,draft_capital=0.13; size_speed=1.82; production=0.56; slap_score=0.32,0.0,0.0,,,0.0
Brett Norfleet,TE,Missouri,0,2026,1,Ko Kieft,Minnesota,0,2022,88.9,0.55,production,draft_capital=0.32; size_speed=0.19; production=0.69; slap_score=0.17,0.0,0.0,2.625,2.625,2.625
Brett Norfleet,TE,Missouri,0,2026,2,Ben Koyack,Notre Dame,0,2015,88.4,0.55,production,draft_capital=0.19; size_speed=0.35; production=0.67; slap_score=0.33,0.0,0.0,4.566666666666666,4.566666666666666,4.566666666666666
Brett Norfleet,TE,Missouri,0,2026,3,Brayden Willis,Oklahoma,0,2023,86.0,0.55,production,draft_capital=0.04; size_speed=0.38; production=0.85; slap_score=0.37,0.0,0.0,,,0.0
Brett Norfleet,TE,Missouri,0,2026,4,Robbie Ouzts,Alabama,0,2025,85.2,0.55,draft_capital,draft_capital=0.81; size_speed=0.71; production=0.29; slap_score=0.63,0.0,0.0,,,0.0
Brett Norfleet,TE,Missouri,0,2026,5,Isaac Nauta,Georgia,0,2019,83.7,0.55,size_speed,draft_capital=0.26; size_speed=1.30; production=0.74; slap_score=0.32,0.0,0.0,,,0.0
Brett Norfleet,TE,Missouri,0,2026,6,John FitzPatrick,Georgia,0,2022,82.4,0.55,size_speed,draft_capital=0.38; size_speed=1.74; production=0.44; slap_score=0.42,0.0,0.0,2.52,,2.52
Brett Norfleet,TE,Missouri,0,2026,7,Gerald Christian,Louisville,0,2015,82.3,0.55,size_speed,draft_capital=0.15; size_speed=1.81; production=0.59; slap_score=0.14,0.0,0.0,,,0.0
Brett Norfleet,TE,Missouri,0,2026,8,Rory Anderson,South Carolina,0,2015,82.1,0.55,size_speed,draft_capital=0.10; size_speed=1.74; production=0.66; slap_score=0.24,0.0,0.0,,,0.0
Brett Norfleet,TE,Missouri,0,2026,9,Geoff Swaim,Texas,0,2015,82.0,0.55,size_speed,draft_capital=0.07; size_speed=1.92; production=0.51; slap_score=0.16,0.0,0.0,7.025,,7.025
Brett Norfleet,TE,Missouri,0,2026,10,Jordan Thomas,Mississippi St.,0,2018,81.8,0.438,production,draft_capital=0.41; size_speed=0.05; production=1.37; slap_score=0.62,0.0,0.0,4.678571428571429,4.678571428571429,4.678571428571429
Seydou Traore,TE,Mississippi State,0,2026,1,Ben Koyack,Notre Dame,0,2015,84.0,0.55,production,draft_capital=0.37; size_speed=0.35; production=0.94; slap_score=0.45,0.0,0.0,4.566666666666666,4.566666666666666,4.566666666666666
Seydou Traore,TE,Mississippi State,0,2026,2,Brayden Willis,Oklahoma,0,2023,83.4,0.55,production,draft_capital=0.21; size_speed=0.38; production=0.98; slap_score=0.49,0.0,0.0,,,0.0
Seydou Traore,TE,Mississippi State,0,2026,3,Ryan Izzo,Florida St.,0,2018,81.0,0.475,slap_score,draft_capital=0.17; size_speed=0.27; production=0.63; slap_score=1.06,0.0,0.0,3.09000004529953,3.09000004529953,3.09000004529953
Seydou Traore,TE,Mississippi State,0,2026,4,Isaac Nauta,Georgia,0,2019,80.2,0.55,size_speed,draft_capital=0.43; size_speed=1.30; production=0.99; slap_score=0.44,0.0,0.0,,,0.0
Seydou Traore,TE,Mississippi State,0,2026,5,Gerald Christian,Louisville,0,2015,79.9,0.55,size_speed,draft_capital=0.02; size_speed=1.81; production=0.89; slap_score=0.02,0.0,0.0,,,0.0
Seydou Traore,TE,Mississippi State,0,2026,6,Ko Kieft,Minnesota,0,2022,79.5,0.55,production,draft_capital=0.50; size_speed=0.19; production=1.32; slap_score=0.29,0.0,0.0,2.625,2.625,2.625
Seydou Traore,TE,Mississippi State,0,2026,7,Moliki Matavao,UCLA,0,2025,78.9,0.55,size_speed,draft_capital=0.19; size_speed=1.38; production=0.99; slap_score=0.66,0.0,0.0,,,0.0
Seydou Traore,TE,Mississippi State,0,2026,8,Rory Anderson,South Carolina,0,2015,78.6,0.55,size_speed,draft_capital=0.07; size_speed=1.74; production=1.00; slap_score=0.36,0.0,0.0,,,0.0
Seydou Traore,TE,Mississippi State,0,2026,9,Robbie Ouzts,Alabama,0,2025,77.1,0.55,production,draft_capital=0.98; size_speed=0.71; production=1.09; slap_score=0.75,0.0,0.0,,,0.0
Seydou Traore,TE,Mississippi State,0,2026,10,Jordan Thomas,Mississippi St.,0,2018,76.6,0.438,production,draft_capital=0.58; size_speed=0.05; production=1.79; slap_score=0.74,0.0,0.0,4.678571428571429,4.678571428571429,4.678571428571429
Cooper Flanagan,TE,Notre Dame,0,2026,1,Ko Kieft,Minnesota,0,2022,91.7,0.512,production,draft_capital=0.32; size_speed=0.19; production=0.45; slap_score=0.26,0.0,0.0,2.625,2.625,2.625
Cooper Flanagan,TE,Notre Dame,0,2026,2,Brayden Willis,Oklahoma,0,2023,84.6,0.512,production,draft_capital=0.04; size_speed=0.38; production=0.98; slap_score=0.46,0.0,0.0,,,0.0
Cooper Flanagan,TE,Notre Dame,0,2026,3,Ben Koyack,Notre Dame,0,2015,84.4,0.512,production,draft_capital=0.19; size_speed=0.35; production=1.01; slap_score=0.41,0.0,0.0,4.566666666666666,4.566666666666666,4.566666666666666
Cooper Flanagan,TE,Notre Dame,0,2026,4,Robbie Ouzts,Alabama,0,2025,84.2,0.512,draft_capital,draft_capital=0.81; size_speed=0.71; production=0.23; slap_score=0.71,0.0,0.0,,,0.0
Cooper Flanagan,TE,Notre Dame,0,2026,5,Isaac Nauta,Georgia,0,2019,82.7,0.512,size_speed,draft_capital=0.26; size_speed=1.30; production=0.82; slap_score=0.40,0.0,0.0,,,0.0
Cooper Flanagan,TE,Notre Dame,0,2026,6,Jordan Thomas,Mississippi St.,0,2018,81.1,0.438,production,draft_capital=0.41; size_speed=0.05; production=1.34; slap_score=0.70,0.0,0.0,4.678571428571429,4.678571428571429,4.678571428571429
Cooper Flanagan,TE,Notre Dame,0,2026,7,John FitzPatrick,Georgia,0,2022,80.7,0.512,size_speed,draft_capital=0.38; size_speed=1.74; production=0.59; slap_score=0.50,0.0,0.0,2.52,,2.52
Cooper Flanagan,TE,Notre Dame,0,2026,8,Geoff Swaim,Texas,0,2015,80.6,0.512,size_speed,draft_capital=0.07; size_speed=1.92; production=0.66; slap_score=0.24,0.0,0.0,7.025,,7.025
Cooper Flanagan,TE,Notre Dame,0,2026,9,Gerald Christian,Louisville,0,2015,80.4,0.512,size_speed,draft_capital=0.15; size_speed=1.81; production=0.84; slap_score=0.06,0.0,0.0,,,0.0
Cooper Flanagan,TE,Notre Dame,0,2026,10,Luke Lachey,Iowa,0,2025,79.8,0.512,size_speed,draft_capital=0.13; size_speed=1.82; production=0.70; slap_score=0.52,0.0,0.0,,,0.0
Ethan Davis,TE,Tennessee,0,2026,1,Ben Koyack,Notre Dame,0,2015,91.1,0.55,production,draft_capital=0.19; size_speed=0.35; production=0.39; slap_score=0.39,0.0,0.0,4.566666666666666,4.566666666666666,4.566666666666666
Ethan Davis,TE,Tennessee,0,2026,2,Brayden Willis,Oklahoma,0,2023,85.2,0.55,production,draft_capital=0.04; size_speed=0.38; production=0.89; slap_score=0.43,0.0,0.0,,,0.0
Ethan Davis,TE,Tennessee,0,2026,3,Rory Anderson,South Carolina,0,2015,84.0,0.55,size_speed,draft_capital=0.10; size_speed=1.74; production=0.29; slap_score=0.30,0.0,0.0,,,0.0
Ethan Davis,TE,Tennessee,0,2026,4,Robbie Ouzts,Alabama,0,2025,83.1,0.55,draft_capital,draft_capital=0.81; size_speed=0.71; production=0.56; slap_score=0.69,0.0,0.0,,,0.0
Ethan Davis,TE,Tennessee,0,2026,5,Gerald Christian,Louisville,0,2015,83.0,0.55,size_speed,draft_capital=0.15; size_speed=1.81; production=0.49; slap_score=0.08,0.0,0.0,,,0.0
Ethan Davis,TE,Tennessee,0,2026,6,Ko Kieft,Minnesota,0,2022,82.9,0.55,production,draft_capital=0.32; size_speed=0.19; production=1.12; slap_score=0.23,0.0,0.0,2.625,2.625,2.625
Ethan Davis,TE,Tennessee,0,2026,7,Geoff Swaim,Texas,0,2015,82.7,0.55,size_speed,draft_capital=0.07; size_speed=1.92; production=0.36; slap_score=0.22,0.0,0.0,7.025,,7.025
Ethan Davis,TE,Tennessee,0,2026,8,John FitzPatrick,Georgia,0,2022,82.4,0.55,size_speed,draft_capital=0.38; size_speed=1.74; production=0.35; slap_score=0.48,0.0,0.0,2.52,,2.52
Ethan Davis,TE,Tennessee,0,2026,9,Charlie Woerner,Georgia,0,2020,81.5,0.55,size_speed,draft_capital=0.67; size_speed=1.55; production=0.34; slap_score=0.65,0.0,0.0,1.45,,2.1333333333333333
Ethan Davis,TE,Tennessee,0,2026,10,Isaac Nauta,Georgia,0,2019,81.4,0.55,size_speed,draft_capital=0.26; size_speed=1.30; production=0.94; slap_score=0.38,0.0,0.0,,,0.0
Andrew Rappleyea,TE,Penn State,0,2026,1,Ko Kieft,Minnesota,0,2022,90.7,0.55,production,draft_capital=0.32; size_speed=0.19; production=0.52; slap_score=0.24,0.0,0.0,2.625,2.625,2.625
Andrew Rappleyea,TE,Penn State,0,2026,2,Ben Koyack,Notre Dame,0,2015,85.8,0.55,production,draft_capital=0.19; size_speed=0.35; production=0.86; slap_score=0.39,0.0,0.0,4.566666666666666,4.566666666666666,4.566666666666666
Andrew Rappleyea,TE,Penn State,0,2026,3,Robbie Ouzts,Alabama,0,2025,85.0,0.55,draft_capital,draft_capital=0.81; size_speed=0.71; production=0.18; slap_score=0.69,0.0,0.0,,,0.0
Andrew Rappleyea,TE,Penn State,0,2026,4,Brayden Willis,Oklahoma,0,2023,83.2,0.55,production,draft_capital=0.04; size_speed=0.38; production=1.04; slap_score=0.43,0.0,0.0,,,0.0
Andrew Rappleyea,TE,Penn State,0,2026,5,Isaac Nauta,Georgia,0,2019,82.0,0.55,size_speed,draft_capital=0.26; size_speed=1.30; production=0.88; slap_score=0.38,0.0,0.0,,,0.0
Andrew Rappleyea,TE,Penn State,0,2026,6,John FitzPatrick,Georgia,0,2022,82.0,0.55,size_speed,draft_capital=0.38; size_speed=1.74; production=0.45; slap_score=0.48,0.0,0.0,2.52,,2.52
Andrew Rappleyea,TE,Penn State,0,2026,7,Geoff Swaim,Texas,0,2015,81.8,0.55,size_speed,draft_capital=0.07; size_speed=1.92; production=0.52; slap_score=0.22,0.0,0.0,7.025,,7.025
Andrew Rappleyea,TE,Penn State,0,2026,8,Gerald Christian,Louisville,0,2015,80.8,0.55,size_speed,draft_capital=0.15; size_speed=1.81; production=0.78; slap_score=0.08,0.0,0.0,,,0.0
Andrew Rappleyea,TE,Penn State,0,2026,9,Charlie Woerner,Georgia,0,2020,80.8,0.55,size_speed,draft_capital=0.67; size_speed=1.55; production=0.49; slap_score=0.65,0.0,0.0,1.45,,2.1333333333333333
Andrew Rappleyea,TE,Penn State,0,2026,10,Rory Anderson,South Carolina,0,2015,80.5,0.55,size_speed,draft_capital=0.10; size_speed=1.74; production=0.82; slap_score=0.30,0.0,0.0,,,0.0
Jaleel Skinner,TE,Louisville,0,2026,1,Ben Koyack,Notre Dame,0,2015,90.0,0.55,production,draft_capital=0.19; size_speed=0.35; production=0.49; slap_score=0.39,0.0,0.0,4.566666666666666,4.566666666666666,4.566666666666666
Jaleel Skinner,TE,Louisville,0,2026,2,Ko Kieft,Minnesota,0,2022,84.6,0.55,production,draft_capital=0.32; size_speed=0.19; production=0.99; slap_score=0.24,0.0,0.0,2.625,2.625,2.625
Jaleel Skinner,TE,Louisville,0,2026,3,Brayden Willis,Oklahoma,0,2023,84.5,0.55,production,draft_capital=0.04; size_speed=0.38; production=0.94; slap_score=0.44,0.0,0.0,,,0.0
Jaleel Skinner,TE,Louisville,0,2026,4,Robbie Ouzts,Alabama,0,2025,84.0,0.55,draft_capital,draft_capital=0.81; size_speed=0.71; production=0.43; slap_score=0.69,0.0,0.0,,,0.0
Jaleel Skinner,TE,Louisville,0,2026,5,Rory Anderson,South Carolina,0,2015,83.5,0.55,size_speed,draft_capital=0.10; size_speed=1.74; production=0.40; slap_score=0.31,0.0,0.0,,,0.0
Jaleel Skinner,TE,Louisville,0,2026,6,Geoff Swaim,Texas,0,2015,83.0,0.55,size_speed,draft_capital=0.07; size_speed=1.92; production=0.25; slap_score=0.22,0.0,0.0,7.025,,7.025
Jaleel Skinner,TE,Louisville,0,2026,7,John FitzPatrick,Georgia,0,2022,82.8,0.55,size_speed,draft_capital=0.38; size_speed=1.74; production=0.23; slap_score=0.48,0.0,0.0,2.52,,2.52
Jaleel Skinner,TE,Louisville,0,2026,8,Gerald Christian,Louisville,0,2015,82.6,0.55,size_speed,draft_capital=0.15; size_speed=1.81; production=0.56; slap_score=0.08,0.0,0.0,,,0.0
Jaleel Skinner,TE,Louisville,0,2026,9,Charlie Woerner,Georgia,0,2020,81.8,0.55,size_speed,draft_capital=0.67; size_speed=1.55; production=0.22; slap_score=0.66,0.0,0.0,1.45,,2.1333333333333333
Jaleel Skinner,TE,Louisville,0,2026,10,Isaac Nauta,Georgia,0,2019,81.3,0.55,size_speed,draft_capital=0.26; size_speed=1.30; production=0.94; slap_score=0.39,0.0,0.0,,,0.0
Benji Gosnell,TE,Virginia Tech,0,2026,1,Ko Kieft,Minnesota,0,2022,91.7,0.55,production,draft_capital=0.32; size_speed=0.19; production=0.46; slap_score=0.20,0.0,0.0,2.625,2.625,2.625
Benji Gosnell,TE,Virginia Tech,0,2026,2,Robbie Ouzts,Alabama,0,2025,84.8,0.55,draft_capital,draft_capital=0.81; size_speed=0.71; production=0.33; slap_score=0.65,0.0,0.0,,,0.0
Benji Gosnell,TE,Virginia Tech,0,2026,3,Ben Koyack,Notre Dame,0,2015,83.5,0.55,production,draft_capital=0.19; size_speed=0.35; production=1.04; slap_score=0.35,0.0,0.0,4.566666666666666,4.566666666666666,4.566666666666666
Benji Gosnell,TE,Virginia Tech,0,2026,4,John FitzPatrick,Georgia,0,2022,81.4,0.55,size_speed,draft_capital=0.38; size_speed=1.74; production=0.57; slap_score=0.44,0.0,0.0,2.52,,2.52
Benji Gosnell,TE,Virginia Tech,0,2026,5,Geoff Swaim,Texas,0,2015,81.1,0.55,size_speed,draft_capital=0.07; size_speed=1.92; production=0.64; slap_score=0.18,0.0,0.0,7.025,,7.025
Benji Gosnell,TE,Virginia Tech,0,2026,6,Brayden Willis,Oklahoma,0,2023,80.9,0.55,production,draft_capital=0.04; size_speed=0.38; production=1.23; slap_score=0.39,0.0,0.0,,,0.0
Benji Gosnell,TE,Virginia Tech,0,2026,7,Luke Lachey,Iowa,0,2025,80.4,0.55,size_speed,draft_capital=0.13; size_speed=1.82; production=0.69; slap_score=0.46,0.0,0.0,,,0.0
Benji Gosnell,TE,Virginia Tech,0,2026,8,Isaac Nauta,Georgia,0,2019,80.3,0.55,size_speed,draft_capital=0.26; size_speed=1.30; production=1.04; slap_score=0.34,0.0,0.0,,,0.0
Benji Gosnell,TE,Virginia Tech,0,2026,9,Charlie Woerner,Georgia,0,2020,80.3,0.55,size_speed,draft_capital=0.67; size_speed=1.55; production=0.61; slap_score=0.62,0.0,0.0,1.45,,2.1333333333333333
Benji Gosnell,TE,Virginia Tech,0,2026,10,Jordan Thomas,Mississippi St.,0,2018,79.4,0.438,production,draft_capital=0.41; size_speed=0.05; production=1.63; slap_score=0.64,0.0,0.0,4.678571428571429,4.678571428571429,4.678571428571429
R.J. Maryland,TE,SMU,0,2026,1,Rory Anderson,South Carolina,0,2015,92.4,0.55,size_speed,draft_capital=0.07; size_speed=0.70; production=0.25; slap_score=0.20,0.0,0.0,,,0.0
R.J. Maryland,TE,SMU,0,2026,2,Geoff Swaim,Texas,0,2015,90.3,0.55,production,draft_capital=0.25; size_speed=0.51; production=0.55; slap_score=0.12,0.0,0.0,7.025,,7.025
R.J. Maryland,TE,SMU,0,2026,3,Devin Culp,Washington,0,2024,88.3,0.55,production,draft_capital=0.25; size_speed=0.23; production=0.72; slap_score=0.25,0.0,0.0,,,0.0
R.J. Maryland,TE,SMU,0,2026,4,Alizé Mack,Notre Dame,0,2019,88.1,0.55,slap_score,draft_capital=0.32; size_speed=0.04; production=0.51; slap_score=0.58,0.0,0.0,,,0.0
R.J. Maryland,TE,SMU,0,2026,5,Stephen Sullivan,LSU,0,2020,87.9,0.55,production,draft_capital=0.14; size_speed=0.60; production=0.72; slap_score=0.18,0.0,0.0,2.45,,2.45
R.J. Maryland,TE,SMU,0,2026,6,Caleb Lohner,Utah,0,2025,87.3,0.55,production,draft_capital=0.28; size_speed=0.13; production=0.81; slap_score=0.22,0.0,0.0,,,0.0
R.J. Maryland,TE,SMU,0,2026,7,John FitzPatrick,Georgia,0,2022,87.1,0.55,size_speed,draft_capital=0.55; size_speed=0.70; production=0.56; slap_score=0.38,0.0,0.0,2.52,,2.52
R.J. Maryland,TE,SMU,0,2026,8,Randall Telfer,USC,0,2015,86.2,0.55,draft_capital,draft_capital=0.72; size_speed=0.70; production=0.26; slap_score=0.60,0.0,0.0,,,0.0
R.J. Maryland,TE,SMU,0,2026,9,Gavin Bartholomew,Pittsburgh,0,2025,85.0,0.55,slap_score,draft_capital=0.66; size_speed=0.15; production=0.36; slap_score=0.80,0.0,0.0,,,0.0
R.J. Maryland,TE,SMU,0,2026,10,Thomas Fidone,Nebraska,0,2025,84.7,0.55,slap_score,draft_capital=0.48; size_speed=0.48; production=0.47; slap_score=0.80,0.0,0.0,,,0.0
Jack Pedersen,TE,UCLA,0,2026,1,Ko Kieft,Minnesota,0,2022,88.8,0.55,production,draft_capital=0.32; size_speed=0.19; production=0.65; slap_score=0.30,0.0,0.0,2.625,2.625,2.625
Jack Pedersen,TE,UCLA,0,2026,2,Ben Koyack,Notre Dame,0,2015,85.1,0.55,production,draft_capital=0.19; size_speed=0.35; production=0.87; slap_score=0.45,0.0,0.0,4.566666666666666,4.566666666666666,4.566666666666666
Jack Pedersen,TE,UCLA,0,2026,3,Robbie Ouzts,Alabama,0,2025,84.4,0.55,draft_capital,draft_capital=0.81; size_speed=0.71; production=0.15; slap_score=0.75,0.0,0.0,,,0.0
Jack Pedersen,TE,UCLA,0,2026,4,Geoff Swaim,Texas,0,2015,82.5,0.55,size_speed,draft_capital=0.07; size_speed=1.92; production=0.34; slap_score=0.29,0.0,0.0,7.025,,7.025
Jack Pedersen,TE,UCLA,0,2026,5,John FitzPatrick,Georgia,0,2022,82.3,0.55,size_speed,draft_capital=0.38; size_speed=1.74; production=0.28; slap_score=0.55,0.0,0.0,2.52,,2.52
Jack Pedersen,TE,UCLA,0,2026,6,Charlie Woerner,Georgia,0,2020,81.0,0.55,size_speed,draft_capital=0.67; size_speed=1.55; production=0.33; slap_score=0.72,0.0,0.0,1.45,,2.1333333333333333
Jack Pedersen,TE,UCLA,0,2026,7,Brayden Willis,Oklahoma,0,2023,80.9,0.55,production,draft_capital=0.04; size_speed=0.38; production=1.18; slap_score=0.50,0.0,0.0,,,0.0
Jack Pedersen,TE,UCLA,0,2026,8,Rory Anderson,South Carolina,0,2015,80.5,0.55,size_speed,draft_capital=0.10; size_speed=1.74; production=0.79; slap_score=0.37,0.0,0.0,,,0.0
Jack Pedersen,TE,UCLA,0,2026,9,Gerald Christian,Louisville,0,2015,80.1,0.55,size_speed,draft_capital=0.15; size_speed=1.81; production=0.87; slap_score=0.01,0.0,0.0,,,0.0
Jack Pedersen,TE,UCLA,0,2026,10,Isaac Nauta,Georgia,0,2019,79.7,0.55,size_speed,draft_capital=0.26; size_speed=1.30; production=1.06; slap_score=0.45,0.0,0.0,,,0.0
Luke Hasz,TE,Mississippi,0,2026,1,Ben Koyack,Notre Dame,0,2015,87.2,0.55,production,draft_capital=0.19; size_speed=0.35; production=0.75; slap_score=0.38,0.0,0.0,4.566666666666666,4.566666666666666,4.566666666666666
Luke Hasz,TE,Mississippi,0,2026,2,Stephen Sullivan,LSU,0,2020,83.3,0.55,size_speed,draft_capital=0.03; size_speed=1.83; production=0.32; slap_score=0.27,0.0,0.0,2.45,,2.45
Luke Hasz,TE,Mississippi,0,2026,3,Rory Anderson,South Carolina,0,2015,82.2,0.55,size_speed,draft_capital=0.10; size_speed=1.74; production=0.61; slap_score=0.30,0.0,0.0,,,0.0
Luke Hasz,TE,Mississippi,0,2026,4,Geoff Swaim,Texas,0,2015,80.9,0.55,size_speed,draft_capital=0.07; size_speed=1.92; production=0.66; slap_score=0.21,0.0,0.0,7.025,,7.025
Luke Hasz,TE,Mississippi,0,2026,5,John FitzPatrick,Georgia,0,2022,80.2,0.55,size_speed,draft_capital=0.38; size_speed=1.74; production=0.72; slap_score=0.47,0.0,0.0,2.52,,2.52
Luke Hasz,TE,Mississippi,0,2026,6,Charlie Woerner,Georgia,0,2020,79.7,0.55,size_speed,draft_capital=0.67; size_speed=1.55; production=0.67; slap_score=0.64,0.0,0.0,1.45,,2.1333333333333333
Luke Hasz,TE,Mississippi,0,2026,7,Randall Telfer,USC,0,2015,79.6,0.55,size_speed,draft_capital=0.55; size_speed=1.74; production=0.53; slap_score=0.69,0.0,0.0,,,0.0
Luke Hasz,TE,Mississippi,0,2026,8,Devin Culp,Washington,0,2024,79.6,0.55,size_speed,draft_capital=0.07; size_speed=2.20; production=0.47; slap_score=0.35,0.0,0.0,,,0.0
Luke Hasz,TE,Mississippi,0,2026,9,Jordan Thomas,Mississippi St.,0,2018,79.1,0.438,production,draft_capital=0.41; size_speed=0.05; production=1.63; slap_score=0.67,0.0,0.0,4.678571428571429,4.678571428571429,4.678571428571429
Luke Hasz,TE,Mississippi,0,2026,10,Gerald Christian,Louisville,0,2015,78.9,0.55,size_speed,draft_capital=0.15; size_speed=1.81; production=0.98; slap_score=0.09,0.0,0.0,,,0.0
Bauer Sharp,TE,LSU,0,2026,1,Geoff Swaim,Texas,0,2015,89.5,0.55,size_speed,draft_capital=0.25; size_speed=0.78; production=0.43; slap_score=0.29,0.0,0.0,7.025,,7.025
Bauer Sharp,TE,LSU,0,2026,2,Rory Anderson,South Carolina,0,2015,89.2,0.55,size_speed,draft_capital=0.07; size_speed=0.97; production=0.29; slap_score=0.38,0.0,0.0,,,0.0
Bauer Sharp,TE,LSU,0,2026,3,Caleb Lohner,Utah,0,2025,88.1,0.55,production,draft_capital=0.28; size_speed=0.14; production=0.67; slap_score=0.40,0.0,0.0,,,0.0
Bauer Sharp,TE,LSU,0,2026,4,Alizé Mack,Notre Dame,0,2019,85.7,0.55,slap_score,draft_capital=0.32; size_speed=0.31; production=0.52; slap_score=0.75,0.0,0.0,,,0.0
Bauer Sharp,TE,LSU,0,2026,5,Devin Culp,Washington,0,2024,85.7,0.55,production,draft_capital=0.25; size_speed=0.50; production=0.80; slap_score=0.43,0.0,0.0,,,0.0
Bauer Sharp,TE,LSU,0,2026,6,Stephen Sullivan,LSU,0,2020,85.5,0.55,size_speed,draft_capital=0.14; size_speed=0.87; production=0.77; slap_score=0.35,0.0,0.0,2.45,,2.45
Bauer Sharp,TE,LSU,0,2026,7,John FitzPatrick,Georgia,0,2022,85.5,0.55,size_speed,draft_capital=0.55; size_speed=0.97; production=0.43; slap_score=0.55,0.0,0.0,2.52,,2.52
Bauer Sharp,TE,LSU,0,2026,8,Randall Telfer,USC,0,2015,83.5,0.55,size_speed,draft_capital=0.72; size_speed=0.97; production=0.23; slap_score=0.78,0.0,0.0,,,0.0
Bauer Sharp,TE,LSU,0,2026,9,Thomas Fidone,Nebraska,0,2025,82.7,0.55,slap_score,draft_capital=0.48; size_speed=0.21; production=0.50; slap_score=0.97,0.0,0.0,,,0.0
Bauer Sharp,TE,LSU,0,2026,10,Gavin Bartholomew,Pittsburgh,0,2025,82.3,0.55,slap_score,draft_capital=0.66; size_speed=0.12; production=0.47; slap_score=0.98,0.0,0.0,,,0.0
Dan Villari,TE,Syracuse,0,2026,1,Ben Koyack,Notre Dame,0,2015,86.3,0.55,slap_score,draft_capital=0.37; size_speed=0.35; production=0.43; slap_score=0.74,0.0,0.0,4.566666666666666,4.566666666666666,4.566666666666666
Dan Villari,TE,Syracuse,0,2026,2,Brayden Willis,Oklahoma,0,2023,84.5,0.55,slap_score,draft_capital=0.21; size_speed=0.38; production=0.63; slap_score=0.78,0.0,0.0,,,0.0
Dan Villari,TE,Syracuse,0,2026,3,Gerald Christian,Louisville,0,2015,83.5,0.55,size_speed,draft_capital=0.02; size_speed=1.81; production=0.33; slap_score=0.27,0.0,0.0,,,0.0
Dan Villari,TE,Syracuse,0,2026,4,Ko Kieft,Minnesota,0,2022,81.3,0.55,production,draft_capital=0.50; size_speed=0.19; production=1.07; slap_score=0.59,0.0,0.0,2.625,2.625,2.625
Dan Villari,TE,Syracuse,0,2026,5,Rory Anderson,South Carolina,0,2015,81.1,0.55,size_speed,draft_capital=0.07; size_speed=1.74; production=0.46; slap_score=0.66,0.0,0.0,,,0.0
Dan Villari,TE,Syracuse,0,2026,6,Isaac Nauta,Georgia,0,2019,81.0,0.55,size_speed,draft_capital=0.43; size_speed=1.30; production=0.68; slap_score=0.73,0.0,0.0,,,0.0
Dan Villari,TE,Syracuse,0,2026,7,Geoff Swaim,Texas,0,2015,79.2,0.55,size_speed,draft_capital=0.25; size_speed=1.92; production=0.65; slap_score=0.57,0.0,0.0,7.025,,7.025
Dan Villari,TE,Syracuse,0,2026,8,Moliki Matavao,UCLA,0,2025,78.9,0.55,size_speed,draft_capital=0.19; size_speed=1.38; production=0.69; slap_score=0.95,0.0,0.0,,,0.0
Dan Villari,TE,Syracuse,0,2026,9,Robbie Ouzts,Alabama,0,2025,78.1,0.55,slap_score,draft_capital=0.98; size_speed=0.71; production=0.65; slap_score=1.04,0.0,0.0,,,0.0
Dan Villari,TE,Syracuse,0,2026,10,John FitzPatrick,Georgia,0,2022,77.9,0.55,size_speed,draft_capital=0.55; size_speed=1.74; production=0.62; slap_score=0.83,0.0,0.0,2.52,,2.52
Jaren Kanak,TE,Oklahoma,0,2026,1,Rory Anderson,South Carolina,0,2015,84.9,0.55,production,draft_capital=0.07; size_speed=0.33; production=0.78; slap_score=0.63,0.0,0.0,,,0.0
Jaren Kanak,TE,Oklahoma,0,2026,2,Moliki Matavao,UCLA,0,2025,81.8,0.55,slap_score,draft_capital=0.19; size_speed=0.70; production=0.68; slap_score=0.92,0.0,0.0,,,0.0
Jaren Kanak,TE,Oklahoma,0,2026,3,Geoff Swaim,Texas,0,2015,81.6,0.55,production,draft_capital=0.25; size_speed=0.15; production=1.11; slap_score=0.55,0.0,0.0,7.025,,7.025
Jaren Kanak,TE,Oklahoma,0,2026,4,Alizé Mack,Notre Dame,0,2019,81.6,0.55,slap_score,draft_capital=0.32; size_speed=0.32; production=0.64; slap_score=1.01,0.0,0.0,,,0.0
Jaren Kanak,TE,Oklahoma,0,2026,5,Stephen Sullivan,LSU,0,2020,79.7,0.55,production,draft_capital=0.14; size_speed=0.24; production=1.23; slap_score=0.61,0.0,0.0,2.45,,2.45
Jaren Kanak,TE,Oklahoma,0,2026,6,Devin Culp,Washington,0,2024,79.4,0.55,production,draft_capital=0.25; size_speed=0.13; production=1.20; slap_score=0.69,0.0,0.0,,,0.0
Jaren Kanak,TE,Oklahoma,0,2026,7,Brayden Willis,Oklahoma,0,2023,79.2,0.55,size_speed,draft_capital=0.21; size_speed=1.69; production=0.65; slap_score=0.76,0.0,0.0,,,0.0
Jaren Kanak,TE,Oklahoma,0,2026,8,Ben Koyack,Notre Dame,0,2015,79.1,0.55,size_speed,draft_capital=0.37; size_speed=1.73; production=0.66; slap_score=0.71,0.0,0.0,4.566666666666666,4.566666666666666,4.566666666666666
Jaren Kanak,TE,Oklahoma,0,2026,9,John FitzPatrick,Georgia,0,2022,79.1,0.55,production,draft_capital=0.55; size_speed=0.33; production=1.08; slap_score=0.81,0.0,0.0,2.52,,2.52
Jaren Kanak,TE,Oklahoma,0,2026,10,Caleb Lohner,Utah,0,2025,79.0,0.55,production,draft_capital=0.28; size_speed=0.49; production=1.22; slap_score=0.66,0.0,0.0,,,0.0
Carsen Ryan,TE,BYU,0,2026,1,Brayden Willis,Oklahoma,0,2023,81.9,0.55,slap_score,draft_capital=0.21; size_speed=0.38; production=0.46; slap_score=1.08,0.0,0.0,,,0.0
Carsen Ryan,TE,BYU,0,2026,2,Gerald Christian,Louisville,0,2015,81.2,0.55,size_speed,draft_capital=0.02; size_speed=1.81; production=0.46; slap_score=0.57,0.0,0.0,,,0.0
Carsen Ryan,TE,BYU,0,2026,3,Ben Koyack,Notre Dame,0,2015,81.1,0.55,slap_score,draft_capital=0.37; size_speed=0.35; production=0.64; slap_score=1.04,0.0,0.0,4.566666666666666,4.566666666666666,4.566666666666666
Carsen Ryan,TE,BYU,0,2026,4,Isaac Nauta,Georgia,0,2019,78.5,0.55,size_speed,draft_capital=0.43; size_speed=1.30; production=0.60; slap_score=1.03,0.0,0.0,,,0.0
Carsen Ryan,TE,BYU,0,2026,5,Rory Anderson,South Carolina,0,2015,76.7,0.55,size_speed,draft_capital=0.07; size_speed=1.74; production=0.75; slap_score=0.96,0.0,0.0,,,0.0
Carsen Ryan,TE,BYU,0,2026,6,Moliki Matavao,UCLA,0,2025,76.5,0.55,size_speed,draft_capital=0.19; size_speed=1.38; production=0.52; slap_score=1.25,0.0,0.0,,,0.0
Carsen Ryan,TE,BYU,0,2026,7,Ko Kieft,Minnesota,0,2022,76.2,0.55,production,draft_capital=0.50; size_speed=0.19; production=1.29; slap_score=0.89,0.0,0.0,2.625,2.625,2.625
Carsen Ryan,TE,BYU,0,2026,8,Jordan Thomas,Mississippi St.,0,2018,74.5,0.438,slap_score,draft_capital=0.58; size_speed=0.05; production=0.94; slap_score=1.33,0.0,0.0,4.678571428571429,4.678571428571429,4.678571428571429
Carsen Ryan,TE,BYU,0,2026,9,Geoff Swaim,Texas,0,2015,73.9,0.55,size_speed,draft_capital=0.25; size_speed=1.92; production=1.05; slap_score=0.87,0.0,0.0,7.025,,7.025
Carsen Ryan,TE,BYU,0,2026,10,John FitzPatrick,Georgia,0,2022,72.4,0.55,size_speed,draft_capital=0.55; size_speed=1.74; production=1.02; slap_score=1.13,0.0,0.0,2.52,,2.52
Joey Schlaffer,TE,Penn State,0,2026,1,Ko Kieft,Minnesota,0,2022,89.7,0.55,production,draft_capital=0.32; size_speed=0.19; production=0.55; slap_score=0.34,0.0,0.0,2.625,2.625,2.625
Joey Schlaffer,TE,Penn State,0,2026,2,Robbie Ouzts,Alabama,0,2025,83.8,0.55,draft_capital,draft_capital=0.81; size_speed=0.71; production=0.23; slap_score=0.79,0.0,0.0,,,0.0
Joey Schlaffer,TE,Penn State,0,2026,3,Ben Koyack,Notre Dame,0,2015,82.9,0.55,production,draft_capital=0.19; size_speed=0.35; production=1.03; slap_score=0.49,0.0,0.0,4.566666666666666,4.566666666666666,4.566666666666666
Joey Schlaffer,TE,Penn State,0,2026,4,Geoff Swaim,Texas,0,2015,81.7,0.55,size_speed,draft_capital=0.07; size_speed=1.92; production=0.48; slap_score=0.32,0.0,0.0,7.025,,7.025
Joey Schlaffer,TE,Penn State,0,2026,5,John FitzPatrick,Georgia,0,2022,81.4,0.55,size_speed,draft_capital=0.38; size_speed=1.74; production=0.43; slap_score=0.58,0.0,0.0,2.52,,2.52
Joey Schlaffer,TE,Penn State,0,2026,6,Charlie Woerner,Georgia,0,2020,80.0,0.55,size_speed,draft_capital=0.67; size_speed=1.55; production=0.47; slap_score=0.75,0.0,0.0,1.45,,2.1333333333333333
Joey Schlaffer,TE,Penn State,0,2026,7,Brayden Willis,Oklahoma,0,2023,79.2,0.55,production,draft_capital=0.04; size_speed=0.38; production=1.29; slap_score=0.53,0.0,0.0,,,0.0
Joey Schlaffer,TE,Penn State,0,2026,8,Rory Anderson,South Carolina,0,2015,78.9,0.55,size_speed,draft_capital=0.10; size_speed=1.74; production=0.95; slap_score=0.41,0.0,0.0,,,0.0
Joey Schlaffer,TE,Penn State,0,2026,9,Gerald Christian,Louisville,0,2015,78.8,0.55,size_speed,draft_capital=0.15; size_speed=1.81; production=1.00; slap_score=0.02,0.0,0.0,,,0.0
Joey Schlaffer,TE,Penn State,0,2026,10,Isaac Nauta,Georgia,0,2019,78.7,0.55,size_speed,draft_capital=0.26; size_speed=1.30; production=1.13; slap_score=0.48,0.0,0.0,,,0.0
Shamar Easter,TE,North Carolina,0,2026,1,Ko Kieft,Minnesota,0,2022,88.7,0.55,production,draft_capital=0.32; size_speed=0.19; production=0.64; slap_score=0.34,0.0,0.0,2.625,2.625,2.625
Shamar Easter,TE,North Carolina,0,2026,2,Ben Koyack,Notre Dame,0,2015,83.8,0.55,production,draft_capital=0.19; size_speed=0.35; production=0.96; slap_score=0.49,0.0,0.0,4.566666666666666,4.566666666666666,4.566666666666666
Shamar Easter,TE,North Carolina,0,2026,3,Robbie Ouzts,Alabama,0,2025,83.8,0.55,draft_capital,draft_capital=0.81; size_speed=0.71; production=0.21; slap_score=0.79,0.0,0.0,,,0.0
Shamar Easter,TE,North Carolina,0,2026,4,Geoff Swaim,Texas,0,2015,82.1,0.55,size_speed,draft_capital=0.07; size_speed=1.92; production=0.39; slap_score=0.32,0.0,0.0,7.025,,7.025
Shamar Easter,TE,North Carolina,0,2026,5,John FitzPatrick,Georgia,0,2022,81.8,0.55,size_speed,draft_capital=0.38; size_speed=1.74; production=0.34; slap_score=0.58,0.0,0.0,2.52,,2.52
Shamar Easter,TE,North Carolina,0,2026,6,Charlie Woerner,Georgia,0,2020,80.4,0.55,size_speed,draft_capital=0.67; size_speed=1.55; production=0.38; slap_score=0.75,0.0,0.0,1.45,,2.1333333333333333
Shamar Easter,TE,North Carolina,0,2026,7,Rory Anderson,South Carolina,0,2015,79.6,0.55,size_speed,draft_capital=0.10; size_speed=1.74; production=0.87; slap_score=0.41,0.0,0.0,,,0.0
Shamar Easter,TE,North Carolina,0,2026,8,Brayden Willis,Oklahoma,0,2023,79.6,0.55,production,draft_capital=0.04; size_speed=0.38; production=1.27; slap_score=0.53,0.0,0.0,,,0.0
Shamar Easter,TE,North Carolina,0,2026,9,Gerald Christian,Louisville,0,2015,79.2,0.55,size_speed,draft_capital=0.15; size_speed=1.81; production=0.96; slap_score=0.02,0.0,0.0,,,0.0
Shamar Easter,TE,North Carolina,0,2026,10,Isaac Nauta,Georgia,0,2019,78.7,0.55,size_speed,draft_capital=0.26; size_speed=1.30; production=1.13; slap_score=0.48,0.0,0.0,,,0.0
Max Bredeson,TE,Michigan,0,2026,1,Ko Kieft,Minnesota,0,2022,87.4,0.55,production,draft_capital=0.50; size_speed=0.19; production=0.56; slap_score=0.52,0.0,0.0,2.625,2.625,2.625
Max Bredeson,TE,Michigan,0,2026,2,Ben Koyack,Notre Dame,0,2015,81.3,0.55,production,draft_capital=0.37; size_speed=0.35; production=1.02; slap_score=0.68,0.0,0.0,4.566666666666666,4.566666666666666,4.566666666666666
Max Bredeson,TE,Michigan,0,2026,3,Robbie Ouzts,Alabama,0,2025,80.7,0.55,draft_capital,draft_capital=0.98; size_speed=0.71; production=0.23; slap_score=0.98,0.0,0.0,,,0.0
Max Bredeson,TE,Michigan,0,2026,4,Geoff Swaim,Texas,0,2015,80.6,0.55,size_speed,draft_capital=0.25; size_speed=1.92; production=0.48; slap_score=0.51,0.0,0.0,7.025,,7.025
Max Bredeson,TE,Michigan,0,2026,5,John FitzPatrick,Georgia,0,2022,79.5,0.55,size_speed,draft_capital=0.55; size_speed=1.74; production=0.42; slap_score=0.77,0.0,0.0,2.52,,2.52
Max Bredeson,TE,Michigan,0,2026,6,Gerald Christian,Louisville,0,2015,78.7,0.55,size_speed,draft_capital=0.02; size_speed=1.81; production=1.00; slap_score=0.21,0.0,0.0,,,0.0
Max Bredeson,TE,Michigan,0,2026,7,Rory Anderson,South Carolina,0,2015,78.0,0.55,size_speed,draft_capital=0.07; size_speed=1.74; production=0.94; slap_score=0.59,0.0,0.0,,,0.0
Max Bredeson,TE,Michigan,0,2026,8,Brayden Willis,Oklahoma,0,2023,77.9,0.55,production,draft_capital=0.21; size_speed=0.38; production=1.29; slap_score=0.72,0.0,0.0,,,0.0
Max Bredeson,TE,Michigan,0,2026,9,Charlie Woerner,Georgia,0,2020,77.7,0.55,size_speed,draft_capital=0.84; size_speed=1.55; production=0.47; slap_score=0.94,0.0,0.0,1.45,,2.1333333333333333
Max Bredeson,TE,Michigan,0,2026,10,Isaac Nauta,Georgia,0,2019,77.3,0.55,size_speed,draft_capital=0.43; size_speed=1.30; production=1.13; slap_score=0.67,0.0,0.0,,,0.0
Lake McRee,TE,USC,0,2026,1,Gerald Christian,Louisville,0,2015,80.1,0.55,size_speed,draft_capital=0.02; size_speed=1.81; production=0.25; slap_score=0.81,0.0,0.0,,,0.0
Lake McRee,TE,USC,0,2026,2,Ben Koyack,Notre Dame,0,2015,79.4,0.55,slap_score,draft_capital=0.37; size_speed=0.35; production=0.36; slap_score=1.28,0.0,0.0,4.566666666666666,4.566666666666666,4.566666666666666
Lake McRee,TE,USC,0,2026,3,Brayden Willis,Oklahoma,0,2023,78.1,0.55,slap_score,draft_capital=0.21; size_speed=0.38; production=0.55; slap_score=1.33,0.0,0.0,,,0.0
Lake McRee,TE,USC,0,2026,4,Rory Anderson,South Carolina,0,2015,75.9,0.55,size_speed,draft_capital=0.07; size_speed=1.74; production=0.44; slap_score=1.20,0.0,0.0,,,0.0
Lake McRee,TE,USC,0,2026,5,Isaac Nauta,Georgia,0,2019,75.5,0.55,size_speed,draft_capital=0.43; size_speed=1.30; production=0.66; slap_score=1.27,0.0,0.0,,,0.0
Lake McRee,TE,USC,0,2026,6,Ko Kieft,Minnesota,0,2022,75.4,0.55,production,draft_capital=0.50; size_speed=0.19; production=1.16; slap_score=1.13,0.0,0.0,2.625,2.625,2.625
Lake McRee,TE,USC,0,2026,7,Geoff Swaim,Texas,0,2015,74.3,0.55,size_speed,draft_capital=0.25; size_speed=1.92; production=0.73; slap_score=1.11,0.0,0.0,7.025,,7.025
Lake McRee,TE,USC,0,2026,8,Moliki Matavao,UCLA,0,2025,73.1,0.55,slap_score,draft_capital=0.19; size_speed=1.38; production=0.61; slap_score=1.49,0.0,0.0,,,0.0
Lake McRee,TE,USC,0,2026,9,John FitzPatrick,Georgia,0,2022,72.1,0.55,size_speed,draft_capital=0.55; size_speed=1.74; production=0.70; slap_score=1.37,0.0,0.0,2.52,,2.52
Lake McRee,TE,USC,0,2026,10,Stephen Sullivan,LSU,0,2020,71.8,0.55,size_speed,draft_capital=0.14; size_speed=1.83; production=1.06; slap_score=1.18,0.0,0.0,2.45,,2.45
Jack Velling,TE,Michigan State,0,2026,1,Gerald Christian,Louisville,0,2015,78.8,0.55,size_speed,draft_capital=0.02; size_speed=1.81; production=0.51; slap_score=0.84,0.0,0.0,,,0.0
Jack Velling,TE,Michigan State,0,2026,2,Ben Koyack,Notre Dame,0,2015,77.8,0.55,slap_score,draft_capital=0.37; size_speed=0.35; production=0.61; slap_score=1.31,0.0,0.0,4.566666666666666,4.566666666666666,4.566666666666666
Jack Velling,TE,Michigan State,0,2026,3,Ko Kieft,Minnesota,0,2022,77.0,0.55,slap_score,draft_capital=0.50; size_speed=0.19; production=0.95; slap_score=1.16,0.0,0.0,2.625,2.625,2.625
Jack Velling,TE,Michigan State,0,2026,4,Brayden Willis,Oklahoma,0,2023,76.8,0.55,slap_score,draft_capital=0.21; size_speed=0.38; production=0.71; slap_score=1.35,0.0,0.0,,,0.0
Jack Velling,TE,Michigan State,0,2026,5,Isaac Nauta,Georgia,0,2019,75.1,0.55,slap_score,draft_capital=0.43; size_speed=1.30; production=0.67; slap_score=1.30,0.0,0.0,,,0.0
Jack Velling,TE,Michigan State,0,2026,6,Rory Anderson,South Carolina,0,2015,74.5,0.55,size_speed,draft_capital=0.07; size_speed=1.74; production=0.66; slap_score=1.23,0.0,0.0,,,0.0
Jack Velling,TE,Michigan State,0,2026,7,Geoff Swaim,Texas,0,2015,73.9,0.55,size_speed,draft_capital=0.25; size_speed=1.92; production=0.75; slap_score=1.14,0.0,0.0,7.025,,7.025
Jack Velling,TE,Michigan State,0,2026,8,Moliki Matavao,UCLA,0,2025,72.1,0.55,slap_score,draft_capital=0.19; size_speed=1.38; production=0.73; slap_score=1.52,0.0,0.0,,,0.0
Jack Velling,TE,Michigan State,0,2026,9,John FitzPatrick,Georgia,0,2022,71.8,0.55,size_speed,draft_capital=0.55; size_speed=1.74; production=0.69; slap_score=1.40,0.0,0.0,2.52,,2.52
Jack Velling,TE,Michigan State,0,2026,10,Robbie Ouzts,Alabama,0,2025,71.3,0.55,slap_score,draft_capital=0.98; size_speed=0.71; production=0.64; slap_score=1.61,0.0,0.0,,,0.0
Khalil Dinkins,TE,Penn State,0,2026,1,Ko Kieft,Minnesota,0,2022,80.2,0.55,slap_score,draft_capital=0.50; size_speed=0.19; production=0.52; slap_score=1.15,0.0,0.0,2.625,2.625,2.625
Khalil Dinkins,TE,Penn State,0,2026,2,Gerald Christian,Louisville,0,2015,77.0,0.55,size_speed,draft_capital=0.02; size_speed=1.81; production=0.80; slap_score=0.84,0.0,0.0,,,0.0
Khalil Dinkins,TE,Penn State,0,2026,3,Ben Koyack,Notre Dame,0,2015,76.1,0.55,slap_score,draft_capital=0.37; size_speed=0.35; production=0.87; slap_score=1.31,0.0,0.0,4.566666666666666,4.566666666666666,4.566666666666666
Khalil Dinkins,TE,Penn State,0,2026,4,Geoff Swaim,Texas,0,2015,75.1,0.55,size_speed,draft_capital=0.25; size_speed=1.92; production=0.51; slap_score=1.14,0.0,0.0,7.025,,7.025
Khalil Dinkins,TE,Penn State,0,2026,5,Brayden Willis,Oklahoma,0,2023,74.1,0.55,slap_score,draft_capital=0.21; size_speed=0.38; production=1.06; slap_score=1.35,0.0,0.0,,,0.0
Khalil Dinkins,TE,Penn State,0,2026,6,Isaac Nauta,Georgia,0,2019,73.6,0.55,slap_score,draft_capital=0.43; size_speed=1.30; production=0.91; slap_score=1.30,0.0,0.0,,,0.0
Khalil Dinkins,TE,Penn State,0,2026,7,Rory Anderson,South Carolina,0,2015,73.5,0.55,size_speed,draft_capital=0.07; size_speed=1.74; production=0.83; slap_score=1.22,0.0,0.0,,,0.0
Khalil Dinkins,TE,Penn State,0,2026,8,John FitzPatrick,Georgia,0,2022,72.9,0.55,size_speed,draft_capital=0.55; size_speed=1.74; production=0.44; slap_score=1.40,0.0,0.0,2.52,,2.52
Khalil Dinkins,TE,Penn State,0,2026,9,Robbie Ouzts,Alabama,0,2025,72.9,0.55,slap_score,draft_capital=0.98; size_speed=0.71; production=0.16; slap_score=1.61,0.0,0.0,,,0.0
Khalil Dinkins,TE,Penn State,0,2026,10,Luke Lachey,Iowa,0,2025,71.8,0.55,size_speed,draft_capital=0.04; size_speed=1.82; production=0.72; slap_score=1.41,0.0,0.0,,,0.0
Matthew Hibner,TE,SMU,0,2026,1,Rory Anderson,South Carolina,0,2015,81.2,0.55,size_speed,draft_capital=0.07; size_speed=1.22; production=0.33; slap_score=0.99,0.0,0.0,,,0.0
Matthew Hibner,TE,SMU,0,2026,2,Geoff Swaim,Texas,0,2015,80.5,0.55,size_speed,draft_capital=0.25; size_speed=1.03; production=0.72; slap_score=0.91,0.0,0.0,7.025,,7.025
Matthew Hibner,TE,SMU,0,2026,3,Devin Culp,Washington,0,2024,79.2,0.55,slap_score,draft_capital=0.25; size_speed=0.75; production=0.80; slap_score=1.05,0.0,0.0,,,0.0
Matthew Hibner,TE,SMU,0,2026,4,Caleb Lohner,Utah,0,2025,79.0,0.55,slap_score,draft_capital=0.28; size_speed=0.39; production=0.94; slap_score=1.02,0.0,0.0,,,0.0
Matthew Hibner,TE,SMU,0,2026,5,Stephen Sullivan,LSU,0,2020,78.7,0.55,size_speed,draft_capital=0.14; size_speed=1.12; production=0.84; slap_score=0.97,0.0,0.0,2.45,,2.45
Matthew Hibner,TE,SMU,0,2026,6,Alizé Mack,Notre Dame,0,2019,77.6,0.55,slap_score,draft_capital=0.32; size_speed=0.56; production=0.45; slap_score=1.37,0.0,0.0,,,0.0
Matthew Hibner,TE,SMU,0,2026,7,John FitzPatrick,Georgia,0,2022,76.4,0.55,size_speed,draft_capital=0.55; size_speed=1.22; production=0.72; slap_score=1.17,0.0,0.0,2.52,,2.52
Matthew Hibner,TE,SMU,0,2026,8,Thomas Fidone,Nebraska,0,2025,74.8,0.55,slap_score,draft_capital=0.48; size_speed=0.04; production=0.40; slap_score=1.59,0.0,0.0,,,0.0
Matthew Hibner,TE,SMU,0,2026,9,Randall Telfer,USC,0,2015,74.7,0.55,slap_score,draft_capital=0.72; size_speed=1.22; production=0.42; slap_score=1.39,0.0,0.0,,,0.0
Matthew Hibner,TE,SMU,0,2026,10,Gavin Bartholomew,Pittsburgh,0,2025,74.2,0.55,slap_score,draft_capital=0.66; size_speed=0.37; production=0.35; slap_score=1.59,0.0,0.0,,,0.0
Chamon Metayer,TE,Arizona State,0,2026,1,Gerald Christian,Louisville,0,2015,77.7,0.55,size_speed,draft_capital=0.02; size_speed=1.81; production=0.32; slap_score=1.04,0.0,0.0,,,0.0
Chamon Metayer,TE,Arizona State,0,2026,2,Ben Koyack,Notre Dame,0,2015,76.4,0.55,slap_score,draft_capital=0.37; size_speed=0.35; production=0.31; slap_score=1.50,0.0,0.0,4.566666666666666,4.566666666666666,4.566666666666666
Chamon Metayer,TE,Arizona State,0,2026,3,Brayden Willis,Oklahoma,0,2023,74.3,0.55,slap_score,draft_capital=0.21; size_speed=0.38; production=0.68; slap_score=1.55,0.0,0.0,,,0.0
Chamon Metayer,TE,Arizona State,0,2026,4,Rory Anderson,South Carolina,0,2015,73.6,0.55,size_speed,draft_capital=0.07; size_speed=1.74; production=0.33; slap_score=1.42,0.0,0.0,,,0.0
Chamon Metayer,TE,Arizona State,0,2026,5,Ko Kieft,Minnesota,0,2022,73.0,0.55,slap_score,draft_capital=0.50; size_speed=0.19; production=1.15; slap_score=1.35,0.0,0.0,2.625,2.625,2.625
Chamon Metayer,TE,Arizona State,0,2026,6,Geoff Swaim,Texas,0,2015,72.6,0.55,size_speed,draft_capital=0.25; size_speed=1.92; production=0.59; slap_score=1.34,0.0,0.0,7.025,,7.025
Chamon Metayer,TE,Arizona State,0,2026,7,Isaac Nauta,Georgia,0,2019,72.1,0.55,slap_score,draft_capital=0.43; size_speed=1.30; production=0.77; slap_score=1.50,0.0,0.0,,,0.0
Chamon Metayer,TE,Arizona State,0,2026,8,Stephen Sullivan,LSU,0,2020,70.5,0.55,size_speed,draft_capital=0.14; size_speed=1.83; production=0.93; slap_score=1.40,0.0,0.0,2.45,,2.45
Chamon Metayer,TE,Arizona State,0,2026,9,John FitzPatrick,Georgia,0,2022,70.0,0.55,size_speed,draft_capital=0.55; size_speed=1.74; production=0.57; slap_score=1.60,0.0,0.0,2.52,,2.52
Chamon Metayer,TE,Arizona State,0,2026,10,Moliki Matavao,UCLA,0,2025,69.6,0.55,slap_score,draft_capital=0.19; size_speed=1.38; production=0.74; slap_score=1.71,0.0,0.0,,,0.0
Nate Rutchena,TE,UC Davis,0,2026,1,Ko Kieft,Minnesota,0,2022,76.6,0.438,slap_score,draft_capital=0.50; size_speed=0.19; production=0.28; slap_score=1.33,0.0,0.0,2.625,2.625,2.625
Nate Rutchena,TE,UC Davis,0,2026,2,Gerald Christian,Louisville,0,2015,75.2,0.438,size_speed,draft_capital=0.02; size_speed=1.81; production=0.55; slap_score=1.01,0.0,0.0,,,0.0
Nate Rutchena,TE,UC Davis,0,2026,3,Ben Koyack,Notre Dame,0,2015,74.1,0.438,slap_score,draft_capital=0.37; size_speed=0.35; production=0.40; slap_score=1.48,0.0,0.0,4.566666666666666,4.566666666666666,4.566666666666666
Nate Rutchena,TE,UC Davis,0,2026,4,Brayden Willis,Oklahoma,0,2023,71.8,0.438,slap_score,draft_capital=0.21; size_speed=0.38; production=1.02; slap_score=1.52,0.0,0.0,,,0.0
Nate Rutchena,TE,UC Davis,0,2026,5,Rory Anderson,South Carolina,0,2015,71.1,0.438,size_speed,draft_capital=0.07; size_speed=1.74; production=0.29; slap_score=1.39,0.0,0.0,,,0.0
Nate Rutchena,TE,UC Davis,0,2026,6,Geoff Swaim,Texas,0,2015,70.9,0.438,size_speed,draft_capital=0.25; size_speed=1.92; production=0.40; slap_score=1.31,0.0,0.0,7.025,,7.025
Nate Rutchena,TE,UC Davis,0,2026,7,Stephen Sullivan,LSU,0,2020,70.9,0.438,size_speed,draft_capital=0.14; size_speed=1.83; production=0.21; slap_score=1.37,0.0,0.0,2.45,,2.45
Nate Rutchena,TE,UC Davis,0,2026,8,Isaac Nauta,Georgia,0,2019,69.9,0.438,slap_score,draft_capital=0.43; size_speed=1.30; production=1.03; slap_score=1.47,0.0,0.0,,,0.0
Nate Rutchena,TE,UC Davis,0,2026,9,John FitzPatrick,Georgia,0,2022,67.9,0.438,size_speed,draft_capital=0.55; size_speed=1.74; production=0.36; slap_score=1.57,0.0,0.0,2.52,,2.52
Nate Rutchena,TE,UC Davis,0,2026,10,Devin Culp,Washington,0,2024,67.7,0.438,size_speed,draft_capital=0.25; size_speed=2.20; production=0.20; slap_score=1.45,0.0,0.0,,,0.0
Miles Kitselman,TE,Tennessee,0,2026,1,Geoff Swaim,Texas,0,2015,79.7,0.55,slap_score,draft_capital=0.25; size_speed=0.95; production=0.38; slap_score=1.17,0.0,0.0,7.025,,7.025
Miles Kitselman,TE,Tennessee,0,2026,2,Rory Anderson,South Carolina,0,2015,79.6,0.55,slap_score,draft_capital=0.07; size_speed=0.76; production=0.30; slap_score=1.25,0.0,0.0,,,0.0
Miles Kitselman,TE,Tennessee,0,2026,3,Ben Koyack,Notre Dame,0,2015,78.1,0.55,slap_score,draft_capital=0.37; size_speed=0.63; production=0.38; slap_score=1.33,0.0,0.0,4.566666666666666,4.566666666666666,4.566666666666666
Miles Kitselman,TE,Tennessee,0,2026,4,Stephen Sullivan,LSU,0,2020,76.8,0.55,slap_score,draft_capital=0.14; size_speed=0.86; production=0.81; slap_score=1.23,0.0,0.0,2.45,,2.45
Miles Kitselman,TE,Tennessee,0,2026,5,John FitzPatrick,Georgia,0,2022,76.2,0.55,slap_score,draft_capital=0.55; size_speed=0.76; production=0.37; slap_score=1.43,0.0,0.0,2.52,,2.52
Miles Kitselman,TE,Tennessee,0,2026,6,Brayden Willis,Oklahoma,0,2023,75.0,0.55,slap_score,draft_capital=0.21; size_speed=0.59; production=0.88; slap_score=1.38,0.0,0.0,,,0.0
Miles Kitselman,TE,Tennessee,0,2026,7,Caleb Lohner,Utah,0,2025,74.7,0.55,size_speed,draft_capital=0.28; size_speed=1.59; production=0.61; slap_score=1.27,0.0,0.0,,,0.0
Miles Kitselman,TE,Tennessee,0,2026,8,Devin Culp,Washington,0,2024,74.6,0.55,slap_score,draft_capital=0.25; size_speed=1.23; production=0.83; slap_score=1.30,0.0,0.0,,,0.0
Miles Kitselman,TE,Tennessee,0,2026,9,Ko Kieft,Minnesota,0,2022,73.4,0.55,slap_score,draft_capital=0.50; size_speed=1.16; production=1.12; slap_score=1.18,0.0,0.0,2.625,2.625,2.625
Miles Kitselman,TE,Tennessee,0,2026,10,Charlie Woerner,Georgia,0,2020,73.3,0.55,slap_score,draft_capital=0.84; size_speed=0.58; production=0.35; slap_score=1.60,0.0,0.0,1.45,,2.1333333333333333
Ty Thompson,TE,Tulane,0,2026,1,Gerald Christian,Louisville,0,2015,76.1,0.512,size_speed,draft_capital=0.02; size_speed=1.81; production=0.39; slap_score=1.10,0.0,0.0,,,0.0
Ty Thompson,TE,Tulane,0,2026,2,Ben Koyack,Notre Dame,0,2015,74.5,0.512,slap_score,draft_capital=0.37; size_speed=0.35; production=0.38; slap_score=1.56,0.0,0.0,4.566666666666666,4.566666666666666,4.566666666666666
Ty Thompson,TE,Tulane,0,2026,3,Ko Kieft,Minnesota,0,2022,72.6,0.512,slap_score,draft_capital=0.50; size_speed=0.19; production=1.13; slap_score=1.41,0.0,0.0,2.625,2.625,2.625
Ty Thompson,TE,Tulane,0,2026,4,Brayden Willis,Oklahoma,0,2023,72.6,0.512,slap_score,draft_capital=0.21; size_speed=0.38; production=0.75; slap_score=1.61,0.0,0.0,,,0.0
Ty Thompson,TE,Tulane,0,2026,5,Geoff Swaim,Texas,0,2015,72.2,0.512,size_speed,draft_capital=0.25; size_speed=1.92; production=0.22; slap_score=1.40,0.0,0.0,7.025,,7.025
Ty Thompson,TE,Tulane,0,2026,6,Rory Anderson,South Carolina,0,2015,72.0,0.512,size_speed,draft_capital=0.07; size_speed=1.74; production=0.33; slap_score=1.48,0.0,0.0,,,0.0
Ty Thompson,TE,Tulane,0,2026,7,Isaac Nauta,Georgia,0,2019,70.3,0.512,slap_score,draft_capital=0.43; size_speed=1.30; production=0.87; slap_score=1.56,0.0,0.0,,,0.0
Ty Thompson,TE,Tulane,0,2026,8,John FitzPatrick,Georgia,0,2022,69.3,0.512,size_speed,draft_capital=0.55; size_speed=1.74; production=0.22; slap_score=1.66,0.0,0.0,2.52,,2.52
Ty Thompson,TE,Tulane,0,2026,9,Stephen Sullivan,LSU,0,2020,69.2,0.512,size_speed,draft_capital=0.14; size_speed=1.83; production=0.96; slap_score=1.46,0.0,0.0,2.45,,2.45
Ty Thompson,TE,Tulane,0,2026,10,Moliki Matavao,UCLA,0,2025,67.7,0.512,slap_score,draft_capital=0.19; size_speed=1.38; production=0.83; slap_score=1.77,0.0,0.0,,,0.0
DJ Rogers,TE,TCU,0,2026,1,Gerald Christian,Louisville,0,2015,76.8,0.55,size_speed,draft_capital=0.02; size_speed=1.81; production=0.45; slap_score=1.08,0.0,0.0,,,0.0
DJ Rogers,TE,TCU,0,2026,2,Ben Koyack,Notre Dame,0,2015,75.8,0.55,slap_score,draft_capital=0.37; size_speed=0.35; production=0.30; slap_score=1.55,0.0,0.0,4.566666666666666,4.566666666666666,4.566666666666666
DJ Rogers,TE,TCU,0,2026,3,Rory Anderson,South Carolina,0,2015,73.3,0.55,size_speed,draft_capital=0.07; size_speed=1.74; production=0.21; slap_score=1.46,0.0,0.0,,,0.0
DJ Rogers,TE,TCU,0,2026,4,Brayden Willis,Oklahoma,0,2023,72.8,0.55,slap_score,draft_capital=0.21; size_speed=0.38; production=0.84; slap_score=1.59,0.0,0.0,,,0.0
DJ Rogers,TE,TCU,0,2026,5,Geoff Swaim,Texas,0,2015,72.5,0.55,size_speed,draft_capital=0.25; size_speed=1.92; production=0.52; slap_score=1.38,0.0,0.0,7.025,,7.025
DJ Rogers,TE,TCU,0,2026,6,Ko Kieft,Minnesota,0,2022,71.4,0.55,slap_score,draft_capital=0.50; size_speed=0.19; production=1.28; slap_score=1.39,0.0,0.0,2.625,2.625,2.625
DJ Rogers,TE,TCU,0,2026,7,Stephen Sullivan,LSU,0,2020,71.3,0.55,size_speed,draft_capital=0.14; size_speed=1.83; production=0.72; slap_score=1.44,0.0,0.0,2.45,,2.45
DJ Rogers,TE,TCU,0,2026,8,Isaac Nauta,Georgia,0,2019,70.4,0.55,slap_score,draft_capital=0.43; size_speed=1.30; production=0.96; slap_score=1.54,0.0,0.0,,,0.0
DJ Rogers,TE,TCU,0,2026,9,John FitzPatrick,Georgia,0,2022,69.7,0.55,size_speed,draft_capital=0.55; size_speed=1.74; production=0.53; slap_score=1.64,0.0,0.0,2.52,,2.52
DJ Rogers,TE,TCU,0,2026,10,Devin Culp,Washington,0,2024,68.7,0.55,size_speed,draft_capital=0.25; size_speed=2.20; production=0.71; slap_score=1.52,0.0,0.0,,,0.0
Jameson Geers,TE,Minnesota,0,2026,1,Gerald Christian,Louisville,0,2015,76.0,0.55,size_speed,draft_capital=0.02; size_speed=1.81; production=0.57; slap_score=1.10,0.0,0.0,,,0.0
Jameson Geers,TE,Minnesota,0,2026,2,Ben Koyack,Notre Dame,0,2015,74.6,0.55,slap_score,draft_capital=0.37; size_speed=0.35; production=0.55; slap_score=1.57,0.0,0.0,4.566666666666666,4.566666666666666,4.566666666666666
Jameson Geers,TE,Minnesota,0,2026,3,Ko Kieft,Minnesota,0,2022,74.5,0.55,slap_score,draft_capital=0.50; size_speed=0.19; production=0.88; slap_score=1.41,0.0,0.0,2.625,2.625,2.625
Jameson Geers,TE,Minnesota,0,2026,4,Geoff Swaim,Texas,0,2015,72.9,0.55,size_speed,draft_capital=0.25; size_speed=1.92; production=0.31; slap_score=1.40,0.0,0.0,7.025,,7.025
Jameson Geers,TE,Minnesota,0,2026,5,Rory Anderson,South Carolina,0,2015,72.3,0.55,size_speed,draft_capital=0.07; size_speed=1.74; production=0.49; slap_score=1.48,0.0,0.0,,,0.0
Jameson Geers,TE,Minnesota,0,2026,6,Brayden Willis,Oklahoma,0,2023,71.9,0.55,slap_score,draft_capital=0.21; size_speed=0.38; production=0.93; slap_score=1.61,0.0,0.0,,,0.0
Jameson Geers,TE,Minnesota,0,2026,7,Isaac Nauta,Georgia,0,2019,70.6,0.55,slap_score,draft_capital=0.43; size_speed=1.30; production=0.89; slap_score=1.56,0.0,0.0,,,0.0
Jameson Geers,TE,Minnesota,0,2026,8,John FitzPatrick,Georgia,0,2022,70.2,0.55,size_speed,draft_capital=0.55; size_speed=1.74; production=0.25; slap_score=1.66,0.0,0.0,2.52,,2.52
Jameson Geers,TE,Minnesota,0,2026,9,Stephen Sullivan,LSU,0,2020,69.3,0.55,size_speed,draft_capital=0.14; size_speed=1.83; production=1.01; slap_score=1.46,0.0,0.0,2.45,,2.45
Jameson Geers,TE,Minnesota,0,2026,10,Robbie Ouzts,Alabama,0,2025,69.0,0.55,slap_score,draft_capital=0.98; size_speed=0.71; production=0.35; slap_score=1.87,0.0,0.0,,,0.0
Jerand Bradley,TE,Kansas State,0,2026,1,Ko Kieft,Minnesota,0,2022,76.2,0.55,slap_score,draft_capital=0.50; size_speed=0.19; production=0.55; slap_score=1.44,0.0,0.0,2.625,2.625,2.625
Jerand Bradley,TE,Kansas State,0,2026,2,Gerald Christian,Louisville,0,2015,74.6,0.55,size_speed,draft_capital=0.02; size_speed=1.81; production=0.76; slap_score=1.13,0.0,0.0,,,0.0
Jerand Bradley,TE,Kansas State,0,2026,3,Ben Koyack,Notre Dame,0,2015,72.6,0.55,slap_score,draft_capital=0.37; size_speed=0.35; production=0.83; slap_score=1.60,0.0,0.0,4.566666666666666,4.566666666666666,4.566666666666666
Jerand Bradley,TE,Kansas State,0,2026,4,Geoff Swaim,Texas,0,2015,71.9,0.55,size_speed,draft_capital=0.25; size_speed=1.92; production=0.51; slap_score=1.43,0.0,0.0,7.025,,7.025
Jerand Bradley,TE,Kansas State,0,2026,5,Brayden Willis,Oklahoma,0,2023,70.9,0.55,slap_score,draft_capital=0.21; size_speed=0.38; production=1.02; slap_score=1.64,0.0,0.0,,,0.0
Jerand Bradley,TE,Kansas State,0,2026,6,Rory Anderson,South Carolina,0,2015,70.5,0.55,size_speed,draft_capital=0.07; size_speed=1.74; production=0.80; slap_score=1.51,0.0,0.0,,,0.0
Jerand Bradley,TE,Kansas State,0,2026,7,Isaac Nauta,Georgia,0,2019,70.4,0.55,slap_score,draft_capital=0.43; size_speed=1.30; production=0.87; slap_score=1.59,0.0,0.0,,,0.0
Jerand Bradley,TE,Kansas State,0,2026,8,John FitzPatrick,Georgia,0,2022,69.4,0.55,size_speed,draft_capital=0.55; size_speed=1.74; production=0.44; slap_score=1.69,0.0,0.0,2.52,,2.52
Jerand Bradley,TE,Kansas State,0,2026,9,Robbie Ouzts,Alabama,0,2025,68.9,0.55,slap_score,draft_capital=0.98; size_speed=0.71; production=0.19; slap_score=1.90,0.0,0.0,,,0.0
Jerand Bradley,TE,Kansas State,0,2026,10,Luke Lachey,Iowa,0,2025,68.4,0.55,size_speed,draft_capital=0.04; size_speed=1.82; production=0.70; slap_score=1.70,0.0,0.0,,,0.0
Josh Kattus,TE,Kentucky,0,2026,1,Ko Kieft,Minnesota,0,2022,75.3,0.55,slap_score,draft_capital=0.50; size_speed=0.19; production=0.69; slap_score=1.45,0.0,0.0,2.625,2.625,2.625
Josh Kattus,TE,Kentucky,0,2026,2,Gerald Christian,Louisville,0,2015,75.1,0.55,size_speed,draft_capital=0.02; size_speed=1.81; production=0.66; slap_score=1.14,0.0,0.0,,,0.0
Josh Kattus,TE,Kentucky,0,2026,3,Ben Koyack,Notre Dame,0,2015,73.3,0.55,slap_score,draft_capital=0.37; size_speed=0.35; production=0.71; slap_score=1.60,0.0,0.0,4.566666666666666,4.566666666666666,4.566666666666666
Josh Kattus,TE,Kentucky,0,2026,4,Geoff Swaim,Texas,0,2015,72.2,0.55,size_speed,draft_capital=0.25; size_speed=1.92; production=0.39; slap_score=1.44,0.0,0.0,7.025,,7.025
Josh Kattus,TE,Kentucky,0,2026,5,Rory Anderson,South Carolina,0,2015,71.1,0.55,size_speed,draft_capital=0.07; size_speed=1.74; production=0.66; slap_score=1.52,0.0,0.0,,,0.0
Josh Kattus,TE,Kentucky,0,2026,6,Brayden Willis,Oklahoma,0,2023,71.1,0.55,slap_score,draft_capital=0.21; size_speed=0.38; production=0.97; slap_score=1.65,0.0,0.0,,,0.0
Josh Kattus,TE,Kentucky,0,2026,7,Isaac Nauta,Georgia,0,2019,70.3,0.55,slap_score,draft_capital=0.43; size_speed=1.30; production=0.86; slap_score=1.60,0.0,0.0,,,0.0
Josh Kattus,TE,Kentucky,0,2026,8,John FitzPatrick,Georgia,0,2022,69.6,0.55,size_speed,draft_capital=0.55; size_speed=1.74; production=0.32; slap_score=1.70,0.0,0.0,2.52,,2.52
Josh Kattus,TE,Kentucky,0,2026,9,Robbie Ouzts,Alabama,0,2025,68.7,0.55,slap_score,draft_capital=0.98; size_speed=0.71; production=0.20; slap_score=1.90,0.0,0.0,,,0.0
Josh Kattus,TE,Kentucky,0,2026,10,Luke Lachey,Iowa,0,2025,67.8,0.55,size_speed,draft_capital=0.04; size_speed=1.82; production=0.81; slap_score=1.71,0.0,0.0,,,0.0
Tanner Arkin,TE,Illinois,0,2026,1,Ko Kieft,Minnesota,0,2022,74.8,0.55,slap_score,draft_capital=0.50; size_speed=0.19; production=0.71; slap_score=1.48,0.0,0.0,2.625,2.625,2.625
Tanner Arkin,TE,Illinois,0,2026,2,Gerald Christian,Louisville,0,2015,74.1,0.55,size_speed,draft_capital=0.02; size_speed=1.81; production=0.79; slap_score=1.16,0.0,0.0,,,0.0
Tanner Arkin,TE,Illinois,0,2026,3,Ben Koyack,Notre Dame,0,2015,72.4,0.55,slap_score,draft_capital=0.37; size_speed=0.35; production=0.79; slap_score=1.63,0.0,0.0,4.566666666666666,4.566666666666666,4.566666666666666
Tanner Arkin,TE,Illinois,0,2026,4,Geoff Swaim,Texas,0,2015,72.2,0.55,size_speed,draft_capital=0.25; size_speed=1.92; production=0.29; slap_score=1.46,0.0,0.0,7.025,,7.025
Tanner Arkin,TE,Illinois,0,2026,5,Rory Anderson,South Carolina,0,2015,70.6,0.55,size_speed,draft_capital=0.07; size_speed=1.74; production=0.71; slap_score=1.55,0.0,0.0,,,0.0
Tanner Arkin,TE,Illinois,0,2026,6,Brayden Willis,Oklahoma,0,2023,69.7,0.55,slap_score,draft_capital=0.21; size_speed=0.38; production=1.12; slap_score=1.67,0.0,0.0,,,0.0
Tanner Arkin,TE,Illinois,0,2026,7,John FitzPatrick,Georgia,0,2022,69.5,0.55,size_speed,draft_capital=0.55; size_speed=1.74; production=0.22; slap_score=1.72,0.0,0.0,2.52,,2.52
Tanner Arkin,TE,Illinois,0,2026,8,Isaac Nauta,Georgia,0,2019,69.0,0.55,slap_score,draft_capital=0.43; size_speed=1.30; production=1.02; slap_score=1.62,0.0,0.0,,,0.0
Tanner Arkin,TE,Illinois,0,2026,9,Robbie Ouzts,Alabama,0,2025,68.4,0.55,slap_score,draft_capital=0.98; size_speed=0.71; production=0.17; slap_score=1.93,0.0,0.0,,,0.0
Tanner Arkin,TE,Illinois,0,2026,10,Caleb Lohner,Utah,0,2025,67.7,0.55,size_speed,draft_capital=0.28; size_speed=2.57; production=0.14; slap_score=1.57,0.0,0.0,,,0.0
Amari Niblack,TE,Texas A&M,0,2026,1,Gerald Christian,Louisville,0,2015,74.5,0.55,size_speed,draft_capital=0.02; size_speed=1.81; production=0.76; slap_score=1.14,0.0,0.0,,,0.0
Amari Niblack,TE,Texas A&M,0,2026,2,Ko Kieft,Minnesota,0,2022,73.6,0.55,slap_score,draft_capital=0.50; size_speed=0.19; production=0.93; slap_score=1.46,0.0,0.0,2.625,2.625,2.625
Amari Niblack,TE,Texas A&M,0,2026,3,Ben Koyack,Notre Dame,0,2015,73.3,0.55,slap_score,draft_capital=0.37; size_speed=0.35; production=0.69; slap_score=1.61,0.0,0.0,4.566666666666666,4.566666666666666,4.566666666666666
Amari Niblack,TE,Texas A&M,0,2026,4,Geoff Swaim,Texas,0,2015,72.7,0.55,size_speed,draft_capital=0.25; size_speed=1.92; production=0.18; slap_score=1.44,0.0,0.0,7.025,,7.025
Amari Niblack,TE,Texas A&M,0,2026,5,Rory Anderson,South Carolina,0,2015,71.4,0.55,size_speed,draft_capital=0.07; size_speed=1.74; production=0.59; slap_score=1.52,0.0,0.0,,,0.0
Amari Niblack,TE,Texas A&M,0,2026,6,Brayden Willis,Oklahoma,0,2023,69.9,0.55,slap_score,draft_capital=0.21; size_speed=0.38; production=1.13; slap_score=1.65,0.0,0.0,,,0.0
Amari Niblack,TE,Texas A&M,0,2026,7,John FitzPatrick,Georgia,0,2022,69.8,0.55,size_speed,draft_capital=0.55; size_speed=1.74; production=0.16; slap_score=1.70,0.0,0.0,2.52,,2.52
Amari Niblack,TE,Texas A&M,0,2026,8,Stephen Sullivan,LSU,0,2020,69.2,0.55,size_speed,draft_capital=0.14; size_speed=1.83; production=0.96; slap_score=1.50,0.0,0.0,2.45,,2.45
Amari Niblack,TE,Texas A&M,0,2026,9,Isaac Nauta,Georgia,0,2019,68.8,0.55,slap_score,draft_capital=0.43; size_speed=1.30; production=1.09; slap_score=1.60,0.0,0.0,,,0.0
Amari Niblack,TE,Texas A&M,0,2026,10,Robbie Ouzts,Alabama,0,2025,68.3,0.55,slap_score,draft_capital=0.98; size_speed=0.71; production=0.38; slap_score=1.91,0.0,0.0,,,0.0
Holden Staes,TE,Indiana,0,2026,1,Gerald Christian,Louisville,0,2015,73.8,0.55,size_speed,draft_capital=0.02; size_speed=1.81; production=0.79; slap_score=1.19,0.0,0.0,,,0.0
Holden Staes,TE,Indiana,0,2026,2,Ko Kieft,Minnesota,0,2022,73.0,0.55,slap_score,draft_capital=0.50; size_speed=0.19; production=0.92; slap_score=1.51,0.0,0.0,2.625,2.625,2.625
Holden Staes,TE,Indiana,0,2026,3,Ben Koyack,Notre Dame,0,2015,72.4,0.55,slap_score,draft_capital=0.37; size_speed=0.35; production=0.72; slap_score=1.66,0.0,0.0,4.566666666666666,4.566666666666666,4.566666666666666
Holden Staes,TE,Indiana,0,2026,4,Geoff Swaim,Texas,0,2015,72.1,0.55,size_speed,draft_capital=0.25; size_speed=1.92; production=0.10; slap_score=1.49,0.0,0.0,7.025,,7.025
Holden Staes,TE,Indiana,0,2026,5,Rory Anderson,South Carolina,0,2015,70.7,0.55,size_speed,draft_capital=0.07; size_speed=1.74; production=0.60; slap_score=1.58,0.0,0.0,,,0.0
Holden Staes,TE,Indiana,0,2026,6,John FitzPatrick,Georgia,0,2022,69.2,0.55,slap_score,draft_capital=0.55; size_speed=1.74; production=0.08; slap_score=1.75,0.0,0.0,2.52,,2.52
Holden Staes,TE,Indiana,0,2026,7,Brayden Willis,Oklahoma,0,2023,69.0,0.55,slap_score,draft_capital=0.21; size_speed=0.38; production=1.15; slap_score=1.71,0.0,0.0,,,0.0
Holden Staes,TE,Indiana,0,2026,8,Stephen Sullivan,LSU,0,2020,68.4,0.55,size_speed,draft_capital=0.14; size_speed=1.83; production=0.98; slap_score=1.56,0.0,0.0,2.45,,2.45
Holden Staes,TE,Indiana,0,2026,9,Isaac Nauta,Georgia,0,2019,68.0,0.55,slap_score,draft_capital=0.43; size_speed=1.30; production=1.10; slap_score=1.66,0.0,0.0,,,0.0
Holden Staes,TE,Indiana,0,2026,10,Robbie Ouzts,Alabama,0,2025,67.6,0.55,slap_score,draft_capital=0.98; size_speed=0.71; production=0.35; slap_score=1.96,0.0,0.0,,,0.0
Davin Stoffel,TE,Illinois,0,2026,1,Ko Kieft,Minnesota,0,2022,73.6,0.55,slap_score,draft_capital=0.50; size_speed=0.19; production=0.73; slap_score=1.56,0.0,0.0,2.625,2.625,2.625
Davin Stoffel,TE,Illinois,0,2026,2,Gerald Christian,Louisville,0,2015,72.4,0.55,size_speed,draft_capital=0.02; size_speed=1.81; production=0.91; slap_score=1.24,0.0,0.0,,,0.0
Davin Stoffel,TE,Illinois,0,2026,3,Geoff Swaim,Texas,0,2015,71.2,0.55,size_speed,draft_capital=0.25; size_speed=1.92; production=0.29; slap_score=1.54,0.0,0.0,7.025,,7.025
Davin Stoffel,TE,Illinois,0,2026,4,Ben Koyack,Notre Dame,0,2015,70.7,0.55,slap_score,draft_capital=0.37; size_speed=0.35; production=0.89; slap_score=1.71,0.0,0.0,4.566666666666666,4.566666666666666,4.566666666666666
Davin Stoffel,TE,Illinois,0,2026,5,Rory Anderson,South Carolina,0,2015,69.1,0.55,size_speed,draft_capital=0.07; size_speed=1.74; production=0.79; slap_score=1.63,0.0,0.0,,,0.0
Davin Stoffel,TE,Illinois,0,2026,6,John FitzPatrick,Georgia,0,2022,68.4,0.55,slap_score,draft_capital=0.55; size_speed=1.74; production=0.25; slap_score=1.80,0.0,0.0,2.52,,2.52
Davin Stoffel,TE,Illinois,0,2026,7,Brayden Willis,Oklahoma,0,2023,67.7,0.55,slap_score,draft_capital=0.21; size_speed=0.38; production=1.24; slap_score=1.76,0.0,0.0,,,0.0
Davin Stoffel,TE,Illinois,0,2026,8,Isaac Nauta,Georgia,0,2019,67.2,0.55,slap_score,draft_capital=0.43; size_speed=1.30; production=1.13; slap_score=1.71,0.0,0.0,,,0.0
Davin Stoffel,TE,Illinois,0,2026,9,Robbie Ouzts,Alabama,0,2025,67.2,0.55,slap_score,draft_capital=0.98; size_speed=0.71; production=0.23; slap_score=2.01,0.0,0.0,,,0.0
Davin Stoffel,TE,Illinois,0,2026,10,Caleb Lohner,Utah,0,2025,66.8,0.55,size_speed,draft_capital=0.28; size_speed=2.57; production=0.10; slap_score=1.65,0.0,0.0,,,0.0
Carnell Tate,WR,Ohio State,0,2026,1,Matthew Golden,Texas,0,2025,93.2,0.473,slap_score,draft_capital=0.27; production=0.09; slap_score=0.36,0.0,0.0,5.0,5.0,
Carnell Tate,WR,Ohio State,0,2026,2,Marquise Brown,Oklahoma,0,2019,92.8,0.473,production,draft_capital=0.31; production=0.35; slap_score=0.21,1.0,0.0,14.14375,14.14375,
Carnell Tate,WR,Ohio State,0,2026,3,Jerry Jeudy,Alabama,0,2020,92.6,0.473,production,draft_capital=0.12; production=0.48; slap_score=0.05,1.0,1.0,14.170588,13.613333,
Carnell Tate,WR,Ohio State,0,2026,4,Garrett Wilson,Ohio St.,0,2022,92.6,0.473,production,draft_capital=0.06; production=0.48; slap_score=0.07,1.0,1.0,14.817647,14.817647,
Carnell Tate,WR,Ohio State,0,2026,5,Jaxon Smith-Njigba,Ohio St.,0,2023,92.4,0.473,production,draft_capital=0.18; production=0.48; slap_score=0.06,1.0,1.0,21.288235,21.288235,
Carnell Tate,WR,Ohio State,0,2026,6,Jordan Addison,USC,0,2023,91.6,0.473,slap_score,draft_capital=0.27; production=0.34; slap_score=0.37,1.0,0.0,14.166667,14.166667,
Carnell Tate,WR,Ohio State,0,2026,7,Tee Higgins,Clemson,0,2020,91.2,0.473,production,draft_capital=0.40; production=0.40; slap_score=0.27,1.0,0.0,18.508333,15.778571,
Carnell Tate,WR,Ohio State,0,2026,8,Brian Thomas,LSU,0,2024,91.2,0.473,production,draft_capital=0.27; production=0.47; slap_score=0.25,1.0,1.0,16.705882,16.705882,
Carnell Tate,WR,Ohio State,0,2026,9,Justin Jefferson,LSU,0,2020,90.9,0.473,production,draft_capital=0.24; production=0.57; slap_score=0.06,1.0,1.0,21.685882,21.685882,
Carnell Tate,WR,Ohio State,0,2026,10,Ja'Marr Chase,LSU,0,2021,90.2,0.473,production,draft_capital=0.04; production=0.54; slap_score=0.33,1.0,1.0,23.705882,20.2,
Jordyn Tyson,WR,Arizona State,0,2026,1,Kevin White,West Virginia,0,2015,98.4,0.473,slap_score,draft_capital=0.06; production=0.02; slap_score=0.08,0.0,0.0,,,
Jordyn Tyson,WR,Arizona State,0,2026,2,Phillip Dorsett,Miami (FL),0,2015,92.9,0.473,slap_score,draft_capital=0.30; production=0.05; slap_score=0.38,0.0,0.0,9.163636,6.586667,
Jordyn Tyson,WR,Arizona State,0,2026,3,DeVante Parker,Louisville,0,2015,91.7,0.473,production,draft_capital=0.04; production=0.52; slap_score=0.16,1.0,1.0,15.3875,11.675,
Jordyn Tyson,WR,Arizona State,0,2026,4,Zay Flowers,Boston Col.,0,2023,91.4,0.473,production,draft_capital=0.18; production=0.49; slap_score=0.24,1.0,1.0,14.664706,14.664706,
Jordyn Tyson,WR,Arizona State,0,2026,5,Treylon Burks,Arkansas,0,2022,87.2,0.473,production,draft_capital=0.09; production=0.79; slap_score=0.28,0.0,0.0,8.009091,8.009091,
Jordyn Tyson,WR,Arizona State,0,2026,6,Tyquan Thornton,Baylor,0,2022,86.8,0.473,slap_score,draft_capital=0.60; production=0.08; slap_score=0.69,0.0,0.0,7.345455,5.525,
Jordyn Tyson,WR,Arizona State,0,2026,7,Michael Pittman Jr.,USC,0,2020,86.5,0.473,slap_score,draft_capital=0.37; production=0.44; slap_score=0.67,1.0,0.0,15.7625,14.035294,
Jordyn Tyson,WR,Arizona State,0,2026,8,Corey Davis,Western Michigan,0,2017,85.8,0.473,production,draft_capital=0.10; production=0.92; slap_score=0.19,0.0,0.0,13.671429,11.475,
Jordyn Tyson,WR,Arizona State,0,2026,9,Brandon Aiyuk,Arizona St.,0,2020,84.8,0.473,production,draft_capital=0.25; production=0.71; slap_score=0.64,1.0,0.0,15.575,15.375,
Jordyn Tyson,WR,Arizona State,0,2026,10,CeeDee Lamb,Oklahoma,0,2020,84.7,0.473,production,draft_capital=0.08; production=1.00; slap_score=0.15,1.0,1.0,23.835294,17.741176,
Makai Lemon,WR,USC,0,2026,1,Nelson Agholor,USC,0,2015,94.2,0.473,production,draft_capital=0.07; production=0.38; slap_score=0.01,1.0,0.0,11.71875,11.71875,
Makai Lemon,WR,USC,0,2026,2,Breshad Perriman,Central Florida,0,2015,94.1,0.473,production,draft_capital=0.22; production=0.34; slap_score=0.08,0.0,0.0,9.864286,6.74,
Makai Lemon,WR,USC,0,2026,3,N'Keal Harry,Arizona St.,0,2019,93.0,0.473,slap_score,draft_capital=0.28; production=0.19; slap_score=0.34,0.0,0.0,5.838462,5.838462,
Makai Lemon,WR,USC,0,2026,4,Keon Coleman,Florida St.,0,2024,93.0,0.473,production,draft_capital=0.30; production=0.34; slap_score=0.20,0.0,0.0,8.576923,8.576923,
Makai Lemon,WR,USC,0,2026,5,Laquon Treadwell,Mississippi,0,2016,92.5,0.473,production,draft_capital=0.17; production=0.47; slap_score=0.07,0.0,0.0,6.866667,4.746667,
Makai Lemon,WR,USC,0,2026,6,Corey Coleman,Baylor,0,2016,92.4,0.473,production,draft_capital=0.01; production=0.50; slap_score=0.03,0.0,0.0,9.33,9.33,
Makai Lemon,WR,USC,0,2026,7,Jayden Higgins,Iowa State,0,2025,92.2,0.473,production,draft_capital=0.33; production=0.37; slap_score=0.23,0.0,0.0,7.617647,7.617647,
Makai Lemon,WR,USC,0,2026,8,Devin Funchess,Michigan,0,2015,90.9,0.473,draft_capital,draft_capital=0.46; production=0.36; slap_score=0.31,0.0,0.0,12.1875,12.1875,
Makai Lemon,WR,USC,0,2026,9,John Ross,Washington,0,2017,90.2,0.473,production,draft_capital=0.06; production=0.55; slap_score=0.32,0.0,0.0,11.875,11.875,
Makai Lemon,WR,USC,0,2026,10,Wan'Dale Robinson,Kentucky,0,2022,88.8,0.473,production,draft_capital=0.48; production=0.57; slap_score=0.29,1.0,0.0,13.61875,10.747059,
KC Concepcion,WR,Texas A&M,0,2026,1,Nelson Agholor,USC,0,2015,95.1,0.473,production,draft_capital=0.12; production=0.31; slap_score=0.03,1.0,0.0,11.71875,11.71875,
KC Concepcion,WR,Texas A&M,0,2026,2,Laquon Treadwell,Mississippi,0,2016,94.6,0.473,production,draft_capital=0.02; production=0.35; slap_score=0.05,0.0,0.0,6.866667,4.746667,
KC Concepcion,WR,Texas A&M,0,2026,3,Breshad Perriman,Central Florida,0,2015,93.7,0.473,production,draft_capital=0.03; production=0.41; slap_score=0.06,0.0,0.0,9.864286,6.74,
KC Concepcion,WR,Texas A&M,0,2026,4,Jayden Higgins,Iowa State,0,2025,93.7,0.473,production,draft_capital=0.14; production=0.33; slap_score=0.21,0.0,0.0,7.617647,7.617647,
KC Concepcion,WR,Texas A&M,0,2026,5,John Ross,Washington,0,2017,93.2,0.473,slap_score,draft_capital=0.25; production=0.18; slap_score=0.34,0.0,0.0,11.875,11.875,
KC Concepcion,WR,Texas A&M,0,2026,6,Keon Coleman,Florida St.,0,2024,93.2,0.473,production,draft_capital=0.11; production=0.40; slap_score=0.18,0.0,0.0,8.576923,8.576923,
KC Concepcion,WR,Texas A&M,0,2026,7,KJ Hamler,Penn St.,0,2020,92.7,0.473,production,draft_capital=0.31; production=0.37; slap_score=0.18,0.0,0.0,7.508333,7.508333,
KC Concepcion,WR,Texas A&M,0,2026,8,Wan'Dale Robinson,Kentucky,0,2022,92.7,0.473,production,draft_capital=0.29; production=0.32; slap_score=0.27,1.0,0.0,13.61875,10.747059,
KC Concepcion,WR,Texas A&M,0,2026,9,Luther Burden III,Missouri,0,2025,92.3,0.473,production,draft_capital=0.22; production=0.47; slap_score=0.08,0.0,0.0,8.526667,8.526667,
KC Concepcion,WR,Texas A&M,0,2026,10,Laviska Shenault Jr.,Colorado,0,2020,91.5,0.473,production,draft_capital=0.28; production=0.51; slap_score=0.12,0.0,0.0,11.221429,11.221429,
Denzel Boston,WR,Washington,0,2026,1,Phillip Dorsett,Miami (FL),0,2015,94.0,0.438,production,draft_capital=0.18; production=0.40; slap_score=0.02,0.0,0.0,9.163636,6.586667,
Denzel Boston,WR,Washington,0,2026,2,Michael Pittman Jr.,USC,0,2020,93.6,0.438,slap_score,draft_capital=0.26; production=0.24; slap_score=0.27,1.0,0.0,15.7625,14.035294,
Denzel Boston,WR,Washington,0,2026,3,Brandon Aiyuk,Arizona St.,0,2020,92.1,0.438,production,draft_capital=0.13; production=0.47; slap_score=0.24,1.0,0.0,15.575,15.375,
Denzel Boston,WR,Washington,0,2026,4,Zay Jones,East Carolina,0,2017,90.6,0.438,slap_score,draft_capital=0.31; production=0.39; slap_score=0.40,0.0,0.0,12.38125,10.325,
Denzel Boston,WR,Washington,0,2026,5,Tyquan Thornton,Baylor,0,2022,90.6,0.438,draft_capital,draft_capital=0.48; production=0.40; slap_score=0.29,0.0,0.0,7.345455,5.525,
Denzel Boston,WR,Washington,0,2026,6,Treylon Burks,Arkansas,0,2022,90.3,0.438,production,draft_capital=0.03; production=0.68; slap_score=0.13,0.0,0.0,8.009091,8.009091,
Denzel Boston,WR,Washington,0,2026,7,DeVante Parker,Louisville,0,2015,90.1,0.438,production,draft_capital=0.07; production=0.64; slap_score=0.24,1.0,1.0,15.3875,11.675,
Denzel Boston,WR,Washington,0,2026,8,Jayden Reed,Michigan St.,0,2023,90.0,0.438,slap_score,draft_capital=0.48; production=0.05; slap_score=0.48,0.0,0.0,13.575,13.575,
Denzel Boston,WR,Washington,0,2026,9,Kevin White,West Virginia,0,2015,89.9,0.438,slap_score,draft_capital=0.18; production=0.39; slap_score=0.48,0.0,0.0,,,
Denzel Boston,WR,Washington,0,2026,10,Zay Flowers,Boston Col.,0,2023,89.8,0.438,production,draft_capital=0.06; production=0.70; slap_score=0.16,1.0,1.0,14.664706,14.664706,
Omar Cooper Jr.,WR,Indiana,0,2026,1,Henry Ruggs III,Alabama,0,2020,91.3,0.438,draft_capital,draft_capital=0.47; production=0.43; slap_score=0.17,0.0,0.0,6.469231,6.469231,
Omar Cooper Jr.,WR,Indiana,0,2026,2,Jayden Higgins,Iowa State,0,2025,90.7,0.473,production,draft_capital=0.13; production=0.54; slap_score=0.26,0.0,0.0,7.617647,7.617647,
Omar Cooper Jr.,WR,Indiana,0,2026,3,Jaelen Strong,Arizona St.,0,2015,90.2,0.473,production,draft_capital=0.41; production=0.50; slap_score=0.24,0.0,0.0,4.81,4.81,
Omar Cooper Jr.,WR,Indiana,0,2026,4,Wan'Dale Robinson,Kentucky,0,2022,90.2,0.473,production,draft_capital=0.02; production=0.61; slap_score=0.21,1.0,0.0,13.61875,10.747059,
Omar Cooper Jr.,WR,Indiana,0,2026,5,Laquon Treadwell,Mississippi,0,2016,89.3,0.473,production,draft_capital=0.29; production=0.49; slap_score=0.42,0.0,0.0,6.866667,4.746667,
Omar Cooper Jr.,WR,Indiana,0,2026,6,N'Keal Harry,Arizona St.,0,2019,89.3,0.473,production,draft_capital=0.18; production=0.68; slap_score=0.16,0.0,0.0,5.838462,5.838462,
Omar Cooper Jr.,WR,Indiana,0,2026,7,Mecole Hardman,Georgia,0,2019,89.3,0.473,production,draft_capital=0.20; production=0.52; slap_score=0.42,0.0,0.0,11.725,8.288235,
Omar Cooper Jr.,WR,Indiana,0,2026,8,Keon Coleman,Florida St.,0,2024,89.1,0.473,production,draft_capital=0.16; production=0.64; slap_score=0.30,0.0,0.0,8.576923,8.576923,
Omar Cooper Jr.,WR,Indiana,0,2026,9,Devin Funchess,Michigan,0,2015,88.9,0.473,production,draft_capital=0.00; production=0.71; slap_score=0.18,0.0,0.0,12.1875,12.1875,
Omar Cooper Jr.,WR,Indiana,0,2026,10,JuJu Smith-Schuster,USC,0,2017,88.6,0.473,production,draft_capital=0.31; production=0.71; slap_score=0.07,1.0,1.0,18.55625,18.55625,
Zachariah Branch,WR,Georgia,0,2026,1,Alec Pierce,Cincinnati,0,2022,99.0,0.473,draft_capital,draft_capital=0.05; production=0.03; slap_score=0.04,0.0,0.0,12.22,10.0875,
Zachariah Branch,WR,Georgia,0,2026,2,John Metchie,Alabama,0,2022,97.8,0.473,production,draft_capital=0.07; production=0.12; slap_score=0.07,0.0,0.0,5.991667,5.54,
Zachariah Branch,WR,Georgia,0,2026,3,Chase Claypool,Notre Dame,0,2020,92.3,0.473,production,draft_capital=0.02; production=0.49; slap_score=0.12,1.0,0.0,13.43125,13.43125,
Zachariah Branch,WR,Georgia,0,2026,4,Matthew Golden,Texas,0,2025,88.2,0.473,slap_score,draft_capital=0.39; production=0.35; slap_score=0.59,0.0,0.0,5.0,5.0,
Zachariah Branch,WR,Georgia,0,2026,5,Jordan Addison,USC,0,2023,87.1,0.473,slap_score,draft_capital=0.39; production=0.49; slap_score=0.59,1.0,0.0,14.166667,14.166667,
Zachariah Branch,WR,Georgia,0,2026,6,Adonai Mitchell,Texas,0,2024,86.9,0.473,production,draft_capital=0.04; production=0.80; slap_score=0.31,0.0,0.0,5.61875,5.61875,
Zachariah Branch,WR,Georgia,0,2026,7,Brian Thomas,LSU,0,2024,85.0,0.473,slap_score,draft_capital=0.39; production=0.58; slap_score=0.70,1.0,1.0,16.705882,16.705882,
Zachariah Branch,WR,Georgia,0,2026,8,Christian Kirk,Texas A&M,0,2018,84.4,0.473,production,draft_capital=0.04; production=0.91; slap_score=0.46,1.0,1.0,14.347059,12.853846,
Zachariah Branch,WR,Georgia,0,2026,9,Tee Higgins,Clemson,0,2020,84.1,0.473,production,draft_capital=0.26; production=0.72; slap_score=0.68,1.0,0.0,18.508333,15.778571,
Zachariah Branch,WR,Georgia,0,2026,10,Ja'Lynn Polk,Washington,0,2024,83.9,0.473,production,draft_capital=0.18; production=1.05; slap_score=0.11,0.0,0.0,2.515385,2.515385,
Ja'Kobi Lane,WR,USC,0,2026,1,Anthony Schwartz,Auburn,0,2021,99.3,0.438,production,draft_capital=0.00; production=0.05; slap_score=0.01,0.0,0.0,2.783333,2.783333,
Ja'Kobi Lane,WR,USC,0,2026,2,Dyami Brown,North Carolina,0,2021,97.1,0.438,production,draft_capital=0.10; production=0.14; slap_score=0.11,0.0,0.0,4.7,3.122222,
Ja'Kobi Lane,WR,USC,0,2026,3,Troy Franklin,Oregon,0,2024,96.8,0.438,production,draft_capital=0.13; production=0.16; slap_score=0.11,0.0,0.0,10.182353,10.182353,
Ja'Kobi Lane,WR,USC,0,2026,4,Chris Godwin,Penn St.,0,2017,93.5,0.438,production,draft_capital=0.08; production=0.45; slap_score=0.08,1.0,1.0,19.721429,19.721429,
Ja'Kobi Lane,WR,USC,0,2026,5,Jaelen Strong,Arizona St.,0,2015,93.2,0.438,production,draft_capital=0.26; production=0.42; slap_score=0.08,0.0,0.0,4.81,4.81,
Ja'Kobi Lane,WR,USC,0,2026,6,JuJu Smith-Schuster,USC,0,2017,92.1,0.438,slap_score,draft_capital=0.37; production=0.02; slap_score=0.39,1.0,1.0,18.55625,18.55625,
Ja'Kobi Lane,WR,USC,0,2026,7,Keke Coutee,Texas Tech,0,2018,92.1,0.438,production,draft_capital=0.15; production=0.41; slap_score=0.29,0.0,0.0,11.125,11.125,
Ja'Kobi Lane,WR,USC,0,2026,8,Josh Downs,North Carolina,0,2023,92.0,0.438,production,draft_capital=0.16; production=0.55; slap_score=0.01,0.0,0.0,13.014286,13.014286,
Ja'Kobi Lane,WR,USC,0,2026,9,Carlos Henderson,Louisiana Tech,0,2017,91.3,0.438,production,draft_capital=0.10; production=0.61; slap_score=0.03,0.0,0.0,,,
Ja'Kobi Lane,WR,USC,0,2026,10,Gabriel Davis,Central Florida,0,2020,90.9,0.438,draft_capital,draft_capital=0.42; production=0.34; slap_score=0.35,0.0,0.0,11.44,11.44,
Germie Bernard,WR,Alabama,0,2026,1,Mecole Hardman,Georgia,0,2019,92.5,0.473,production,draft_capital=0.23; production=0.46; slap_score=0.01,0.0,0.0,11.725,8.288235,
Germie Bernard,WR,Alabama,0,2026,2,D.K. Metcalf,Mississippi,0,2019,91.0,0.473,production,draft_capital=0.11; production=0.57; slap_score=0.15,1.0,1.0,17.08125,17.08125,
Germie Bernard,WR,Alabama,0,2026,3,Antonio Callaway,Florida,0,2018,89.6,0.473,production,draft_capital=0.42; production=0.55; slap_score=0.25,0.0,0.0,8.26875,8.26875,
Germie Bernard,WR,Alabama,0,2026,4,Chris Godwin,Penn St.,0,2017,89.3,0.473,production,draft_capital=0.16; production=0.69; slap_score=0.04,1.0,1.0,19.721429,19.721429,
Germie Bernard,WR,Alabama,0,2026,5,Jaelen Strong,Arizona St.,0,2015,89.1,0.473,production,draft_capital=0.02; production=0.69; slap_score=0.19,0.0,0.0,4.81,4.81,
Germie Bernard,WR,Alabama,0,2026,6,Keke Coutee,Texas Tech,0,2018,88.9,0.473,production,draft_capital=0.39; production=0.64; slap_score=0.18,0.0,0.0,11.125,11.125,
Germie Bernard,WR,Alabama,0,2026,7,Carlos Henderson,Louisiana Tech,0,2017,87.8,0.473,production,draft_capital=0.14; production=0.78; slap_score=0.15,0.0,0.0,,,
Germie Bernard,WR,Alabama,0,2026,8,Josh Downs,North Carolina,0,2023,87.4,0.473,production,draft_capital=0.08; production=0.82; slap_score=0.11,0.0,0.0,13.014286,13.014286,
Germie Bernard,WR,Alabama,0,2026,9,Anthony Schwartz,Auburn,0,2021,86.4,0.473,production,draft_capital=0.24; production=0.87; slap_score=0.11,0.0,0.0,2.783333,2.783333,
Germie Bernard,WR,Alabama,0,2026,10,Jalin Hyatt,Tennessee,0,2023,86.1,0.473,production,draft_capital=0.01; production=0.90; slap_score=0.20,0.0,0.0,4.638462,4.638462,
Malachi Fields,WR,Notre Dame,0,2026,1,Ladd McConkey,Georgia,0,2024,97.4,0.404,draft_capital,draft_capital=0.20; production=0.02; slap_score=0.03,1.0,1.0,15.05625,15.05625,
Malachi Fields,WR,Notre Dame,0,2026,2,DJ Chark,LSU,0,2018,95.4,0.438,production,draft_capital=0.22; production=0.25; slap_score=0.08,1.0,0.0,15.053333,15.053333,
Malachi Fields,WR,Notre Dame,0,2026,3,Jonathan Mingo,Mississippi,0,2023,95.4,0.438,production,draft_capital=0.13; production=0.25; slap_score=0.16,0.0,0.0,5.653333,5.653333,
Malachi Fields,WR,Notre Dame,0,2026,4,Van Jefferson,Florida,0,2020,92.4,0.404,slap_score,draft_capital=0.16; production=0.03; slap_score=0.42,0.0,0.0,9.894118,9.894118,
Malachi Fields,WR,Notre Dame,0,2026,5,Ricky Pearsall,Florida,0,2024,92.4,0.438,slap_score,draft_capital=0.26; production=0.27; slap_score=0.35,0.0,0.0,9.844444,9.844444,
Malachi Fields,WR,Notre Dame,0,2026,6,Josh Palmer,Tennessee,0,2021,91.2,0.438,production,draft_capital=0.42; production=0.47; slap_score=0.16,0.0,0.0,10.67,10.67,
Malachi Fields,WR,Notre Dame,0,2026,7,Malachi Corley,Western Kentucky,0,2024,91.0,0.438,production,draft_capital=0.27; production=0.60; slap_score=0.01,0.0,0.0,2.633333,2.633333,
Malachi Fields,WR,Notre Dame,0,2026,8,Will Fuller,Notre Dame,0,2016,90.9,0.438,slap_score,draft_capital=0.43; production=0.14; slap_score=0.43,0.0,0.0,17.172727,11.32,
Malachi Fields,WR,Notre Dame,0,2026,9,Jack Bech,TCU,0,2025,90.9,0.438,production,draft_capital=0.17; production=0.55; slap_score=0.26,,,,,
Malachi Fields,WR,Notre Dame,0,2026,10,James Washington,Oklahoma St.,0,2018,90.7,0.438,production,draft_capital=0.21; production=0.63; slap_score=0.09,0.0,0.0,8.9,8.9,
Chris Brazzell,WR,Tennessee,0,2026,1,James Washington,Oklahoma St.,0,2018,98.4,0.438,production,draft_capital=0.02; production=0.11; slap_score=0.00,0.0,0.0,8.9,8.9,
Chris Brazzell,WR,Tennessee,0,2026,2,DJ Chark,LSU,0,2018,96.2,0.438,production,draft_capital=0.03; production=0.27; slap_score=0.00,1.0,0.0,15.053333,15.053333,
Chris Brazzell,WR,Tennessee,0,2026,3,Tre Harris,Ole Miss,0,2025,96.0,0.438,production,draft_capital=0.08; production=0.26; slap_score=0.08,0.0,0.0,4.3375,4.3375,
Chris Brazzell,WR,Tennessee,0,2026,4,Cedric Tillman,Tennessee,0,2023,95.5,0.438,draft_capital,draft_capital=0.20; production=0.19; slap_score=0.16,0.0,0.0,8.933333,8.933333,
Chris Brazzell,WR,Tennessee,0,2026,5,Pat Bryant,Illinois,0,2025,95.1,0.438,production,draft_capital=0.20; production=0.25; slap_score=0.16,0.0,0.0,6.233333,6.233333,
Chris Brazzell,WR,Tennessee,0,2026,6,Jaylin Noel,Iowa State,0,2025,94.9,0.438,draft_capital,draft_capital=0.25; production=0.10; slap_score=0.23,,,,,
Chris Brazzell,WR,Tennessee,0,2026,7,Michael Gallup,Colorado St.,0,2018,94.3,0.438,draft_capital,draft_capital=0.29; production=0.00; slap_score=0.27,1.0,0.0,15.192857,15.192857,
Chris Brazzell,WR,Tennessee,0,2026,8,Malachi Corley,Western Kentucky,0,2024,94.3,0.438,production,draft_capital=0.08; production=0.39; slap_score=0.09,0.0,0.0,2.633333,2.633333,
Chris Brazzell,WR,Tennessee,0,2026,9,JJ Arcega-Whiteside,Stanford,0,2019,94.1,0.438,production,draft_capital=0.04; production=0.41; slap_score=0.07,0.0,0.0,4.1125,4.1125,
Chris Brazzell,WR,Tennessee,0,2026,10,Taywan Taylor,Western Kentucky,0,2017,94.0,0.438,production,draft_capital=0.17; production=0.40; slap_score=0.06,0.0,0.0,6.738462,6.738462,
Antonio Williams,WR,Clemson,0,2026,1,Sammie Coates,Auburn,0,2015,94.8,0.473,production,draft_capital=0.01; production=0.33; slap_score=0.06,0.0,0.0,7.081818,7.081818,
Antonio Williams,WR,Clemson,0,2026,2,Josh Palmer,Tennessee,0,2021,94.7,0.473,production,draft_capital=0.13; production=0.33; slap_score=0.04,0.0,0.0,10.67,10.67,
Antonio Williams,WR,Clemson,0,2026,3,Amari Rodgers,Clemson,0,2021,94.5,0.473,production,draft_capital=0.01; production=0.36; slap_score=0.06,0.0,0.0,4.788889,4.788889,
Antonio Williams,WR,Clemson,0,2026,4,Malachi Corley,Western Kentucky,0,2024,93.3,0.473,production,draft_capital=0.29; production=0.32; slap_score=0.21,0.0,0.0,2.633333,2.633333,
Antonio Williams,WR,Clemson,0,2026,5,DJ Chark,LSU,0,2018,93.2,0.473,production,draft_capital=0.33; production=0.35; slap_score=0.12,1.0,0.0,15.053333,15.053333,
Antonio Williams,WR,Clemson,0,2026,6,Chimere Dike,Florida,0,2025,93.2,0.473,production,draft_capital=0.20; production=0.35; slap_score=0.23,0.0,0.0,6.829412,6.829412,
Antonio Williams,WR,Clemson,0,2026,7,Nico Collins,Michigan,0,2021,92.7,0.473,production,draft_capital=0.04; production=0.48; slap_score=0.08,1.0,1.0,17.55,17.36,
Antonio Williams,WR,Clemson,0,2026,8,Jaylin Noel,Iowa State,0,2025,92.6,0.438,production,draft_capital=0.11; production=0.50; slap_score=0.12,,,,,
Antonio Williams,WR,Clemson,0,2026,9,Tre'Quan Smith,Central Florida,0,2018,92.3,0.473,production,draft_capital=0.05; production=0.46; slap_score=0.20,0.0,0.0,8.77,7.930769,
Antonio Williams,WR,Clemson,0,2026,10,Jamison Crowder,Duke,0,2015,91.9,0.473,production,draft_capital=0.23; production=0.51; slap_score=0.06,0.0,0.0,14.335,12.34375,
Elijah Sarratt,WR,Indiana,0,2026,1,DJ Chark,LSU,0,2018,97.5,0.438,slap_score,draft_capital=0.07; production=0.08; slap_score=0.12,1.0,0.0,15.053333,15.053333,
Elijah Sarratt,WR,Indiana,0,2026,2,Michael Gallup,Colorado St.,0,2018,95.7,0.438,production,draft_capital=0.19; production=0.20; slap_score=0.14,1.0,0.0,15.192857,15.192857,
Elijah Sarratt,WR,Indiana,0,2026,3,James Washington,Oklahoma St.,0,2018,95.1,0.438,production,draft_capital=0.08; production=0.31; slap_score=0.12,0.0,0.0,8.9,8.9,
Elijah Sarratt,WR,Indiana,0,2026,4,Jaylin Noel,Iowa State,0,2025,95.1,0.438,production,draft_capital=0.15; production=0.30; slap_score=0.11,,,,,
Elijah Sarratt,WR,Indiana,0,2026,5,Cedric Tillman,Tennessee,0,2023,94.5,0.438,production,draft_capital=0.10; production=0.38; slap_score=0.04,0.0,0.0,8.933333,8.933333,
Elijah Sarratt,WR,Indiana,0,2026,6,Tre'Quan Smith,Central Florida,0,2018,94.3,0.438,draft_capital,draft_capital=0.32; production=0.20; slap_score=0.20,0.0,0.0,8.77,7.930769,
Elijah Sarratt,WR,Indiana,0,2026,7,Josh Palmer,Tennessee,0,2021,94.3,0.438,production,draft_capital=0.13; production=0.38; slap_score=0.05,0.0,0.0,10.67,10.67,
Elijah Sarratt,WR,Indiana,0,2026,8,Jack Bech,TCU,0,2025,94.3,0.438,production,draft_capital=0.12; production=0.39; slap_score=0.05,,,,,
Elijah Sarratt,WR,Indiana,0,2026,9,Pat Bryant,Illinois,0,2025,93.7,0.438,production,draft_capital=0.10; production=0.44; slap_score=0.03,0.0,0.0,6.233333,6.233333,
Elijah Sarratt,WR,Indiana,0,2026,10,Sammie Coates,Auburn,0,2015,93.6,0.438,production,draft_capital=0.28; production=0.38; slap_score=0.05,0.0,0.0,7.081818,7.081818,
Chris Bell,WR,Louisville,0,2026,1,Jack Bech,TCU,0,2025,96.1,0.404,production,draft_capital=0.11; production=0.26; slap_score=0.08,,,,,
Chris Bell,WR,Louisville,0,2026,2,Cedric Tillman,Tennessee,0,2023,95.4,0.404,draft_capital,draft_capital=0.32; production=0.10; slap_score=0.10,0.0,0.0,8.933333,8.933333,
Chris Bell,WR,Louisville,0,2026,3,Jaylin Noel,Iowa State,0,2025,95.3,0.404,draft_capital,draft_capital=0.38; production=0.00; slap_score=0.03,,,,,
Chris Bell,WR,Louisville,0,2026,4,James Washington,Oklahoma St.,0,2018,95.1,0.404,slap_score,draft_capital=0.15; production=0.01; slap_score=0.26,0.0,0.0,8.9,8.9,
Chris Bell,WR,Louisville,0,2026,5,Pat Bryant,Illinois,0,2025,95.1,0.404,draft_capital,draft_capital=0.32; production=0.17; slap_score=0.10,0.0,0.0,6.233333,6.233333,
Chris Bell,WR,Louisville,0,2026,6,Michael Gallup,Colorado St.,0,2018,94.6,0.404,draft_capital,draft_capital=0.42; production=0.12; slap_score=0.01,1.0,0.0,15.192857,15.192857,
Chris Bell,WR,Louisville,0,2026,7,Jermaine Burton,Alabama,0,2024,94.3,0.404,draft_capital,draft_capital=0.40; production=0.01; slap_score=0.16,0.0,0.0,,,
Chris Bell,WR,Louisville,0,2026,8,Anthony Miller,Memphis,0,2018,94.2,0.404,production,draft_capital=0.02; production=0.42; slap_score=0.13,0.0,0.0,8.587143,8.587143,
Chris Bell,WR,Louisville,0,2026,9,Tre Harris,Ole Miss,0,2025,93.5,0.404,slap_score,draft_capital=0.04; production=0.18; slap_score=0.34,0.0,0.0,4.3375,4.3375,
Chris Bell,WR,Louisville,0,2026,10,Courtland Sutton,SMU,0,2018,93.4,0.404,slap_score,draft_capital=0.16; production=0.08; slap_score=0.35,1.0,0.0,15.01875,13.90125,
Skyler Bell,WR,UConn,0,2026,1,Hakeem Butler,Iowa St.,0,2019,96.9,0.473,production,draft_capital=0.02; production=0.21; slap_score=0.01,0.0,0.0,,,
Skyler Bell,WR,UConn,0,2026,2,Amara Darboh,Michigan,0,2017,95.7,0.473,production,draft_capital=0.07; production=0.26; slap_score=0.08,0.0,0.0,1.8875,1.8875,
Skyler Bell,WR,UConn,0,2026,3,Josh Reynolds,Texas A&M,0,2017,94.3,0.473,production,draft_capital=0.20; production=0.34; slap_score=0.03,0.0,0.0,9.090909,9.090909,
Skyler Bell,WR,UConn,0,2026,4,Brendan Langley,Lamar,0,2017,93.9,0.369,slap_score,draft_capital=0.01; production=0.00; slap_score=0.33,,,,,
Skyler Bell,WR,UConn,0,2026,5,Jermaine Burton,Alabama,0,2024,93.8,0.473,production,draft_capital=0.26; production=0.29; slap_score=0.20,0.0,0.0,,,
Skyler Bell,WR,UConn,0,2026,6,Chad Williams,Grambling St.,0,2017,93.7,0.473,production,draft_capital=0.05; production=0.35; slap_score=0.21,0.0,0.0,4.1,4.1,
Skyler Bell,WR,UConn,0,2026,7,Dede Westbrook,Oklahoma,0,2017,93.2,0.473,production,draft_capital=0.13; production=0.44; slap_score=0.03,0.0,0.0,11.34375,11.34375,
Skyler Bell,WR,UConn,0,2026,8,Malcolm Mitchell,Georgia,0,2016,92.4,0.473,production,draft_capital=0.16; production=0.37; slap_score=0.30,0.0,0.0,8.008333,8.008333,
Skyler Bell,WR,UConn,0,2026,9,Leonte Carroo,Rutgers,0,2016,91.7,0.473,production,draft_capital=0.18; production=0.38; slap_score=0.35,0.0,0.0,,,
Skyler Bell,WR,UConn,0,2026,10,Cooper Kupp,Eastern Washington,0,2017,91.5,0.473,draft_capital,draft_capital=0.42; production=0.37; slap_score=0.26,1.0,1.0,25.852941,16.90625,
Ted Hurst,WR,Georgia State,0,2026,1,Dede Westbrook,Oklahoma,0,2017,96.7,0.404,draft_capital,draft_capital=0.20; production=0.06; slap_score=0.11,0.0,0.0,11.34375,11.34375,
Ted Hurst,WR,Georgia State,0,2026,2,Brendan Langley,Lamar,0,2017,96.4,0.369,slap_score,draft_capital=0.06; production=0.00; slap_score=0.19,,,,,
Ted Hurst,WR,Georgia State,0,2026,3,Amara Darboh,Michigan,0,2017,96.3,0.404,production,draft_capital=0.15; production=0.23; slap_score=0.07,0.0,0.0,1.8875,1.8875,
Ted Hurst,WR,Georgia State,0,2026,4,Malcolm Mitchell,Georgia,0,2016,96.0,0.404,draft_capital,draft_capital=0.23; production=0.08; slap_score=0.15,0.0,0.0,8.008333,8.008333,
Ted Hurst,WR,Georgia State,0,2026,5,Josh Reynolds,Texas A&M,0,2017,95.1,0.404,draft_capital,draft_capital=0.28; production=0.15; slap_score=0.17,0.0,0.0,9.090909,9.090909,
Ted Hurst,WR,Georgia State,0,2026,6,DeAndre Smelter,Georgia Tech,0,2015,94.6,0.404,draft_capital,draft_capital=0.42; production=0.05; slap_score=0.07,0.0,0.0,,,
Ted Hurst,WR,Georgia State,0,2026,7,Hakeem Butler,Iowa St.,0,2019,94.5,0.404,production,draft_capital=0.10; production=0.38; slap_score=0.14,0.0,0.0,,,
Ted Hurst,WR,Georgia State,0,2026,8,Kenny Golladay,Northern Illinois,0,2017,94.2,0.404,slap_score,draft_capital=0.01; production=0.26; slap_score=0.27,1.0,1.0,15.5,15.5,
Ted Hurst,WR,Georgia State,0,2026,9,Chad Williams,Grambling St.,0,2017,93.9,0.404,slap_score,draft_capital=0.02; production=0.00; slap_score=0.35,0.0,0.0,4.1,4.1,
Ted Hurst,WR,Georgia State,0,2026,10,Ricardo Louis,Auburn,0,2016,93.8,0.404,production,draft_capital=0.26; production=0.30; slap_score=0.21,0.0,0.0,4.478571,4.478571,
Deion Burks,WR,Oklahoma,0,2026,1,Chris Moore,Cincinnati,0,2016,99.0,0.473,production,draft_capital=0.02; production=0.06; slap_score=0.02,0.0,0.0,7.673333,5.99,
Deion Burks,WR,Oklahoma,0,2026,2,DaeSean Hamilton,Penn St.,0,2018,97.5,0.473,production,draft_capital=0.06; production=0.16; slap_score=0.02,0.0,0.0,8.2875,8.2875,
Deion Burks,WR,Oklahoma,0,2026,3,Dont'e Thornton,Tennessee,0,2025,97.2,0.438,production,draft_capital=0.01; production=0.20; slap_score=0.03,,,,,
Deion Burks,WR,Oklahoma,0,2026,4,Tre Tucker,Cincinnati,0,2023,97.1,0.438,production,draft_capital=0.14; production=0.15; slap_score=0.05,0.0,0.0,9.511765,9.511765,
Deion Burks,WR,Oklahoma,0,2026,5,Brendan Langley,Lamar,0,2017,96.6,0.369,slap_score,draft_capital=0.13; production=0.00; slap_score=0.16,,,,,
Deion Burks,WR,Oklahoma,0,2026,6,Arian Smith,Georgia,0,2025,95.4,0.404,production,draft_capital=0.02; production=0.27; slap_score=0.17,,,,,
Deion Burks,WR,Oklahoma,0,2026,7,Savion Williams,TCU,0,2025,95.2,0.404,draft_capital,draft_capital=0.28; production=0.24; slap_score=0.08,,,,,
Deion Burks,WR,Oklahoma,0,2026,8,J'Mon Moore,Missouri,0,2018,94.9,0.473,draft_capital,draft_capital=0.27; production=0.13; slap_score=0.22,0.0,0.0,,,
Deion Burks,WR,Oklahoma,0,2026,9,Vince Mayle,Washington St.,0,2015,94.6,0.473,production,draft_capital=0.12; production=0.34; slap_score=0.04,0.0,0.0,,,
Deion Burks,WR,Oklahoma,0,2026,10,Jaleel Scott,New Mexico St.,0,2018,94.3,0.473,production,draft_capital=0.24; production=0.26; slap_score=0.19,0.0,0.0,,,
Eric McAlister,WR,TCU,0,2026,1,Danny Gray,SMU,0,2022,86.9,0.438,draft_capital,draft_capital=0.68; production=0.59; slap_score=0.36,0.0,0.0,,,
Eric McAlister,WR,TCU,0,2026,2,Miles Boykin,Notre Dame,0,2019,85.9,0.438,draft_capital,draft_capital=0.82; production=0.39; slap_score=0.51,0.0,0.0,5.353846,5.353846,
Eric McAlister,WR,TCU,0,2026,3,Damion Ratley,Texas A&M,0,2018,85.2,0.438,production,draft_capital=0.15; production=0.92; slap_score=0.42,0.0,0.0,4.222222,4.222222,
Eric McAlister,WR,TCU,0,2026,4,Braxton Berrios,Miami (FL),0,2018,84.4,0.438,draft_capital,draft_capital=0.68; production=0.57; slap_score=0.63,0.0,0.0,8.073333,7.484615,
Eric McAlister,WR,TCU,0,2026,5,Deon Cain,Clemson,0,2018,83.1,0.438,production,draft_capital=0.28; production=1.18; slap_score=0.04,0.0,0.0,1.945455,1.945455,
Eric McAlister,WR,TCU,0,2026,6,Stacy Coley,Miami (FL),0,2017,82.8,0.438,draft_capital,draft_capital=0.77; production=0.59; slap_score=0.71,0.0,0.0,,,
Eric McAlister,WR,TCU,0,2026,7,ArDarius Stewart,Alabama,0,2017,81.8,0.438,draft_capital,draft_capital=1.02; production=0.55; slap_score=0.65,0.0,0.0,1.877778,1.877778,
Eric McAlister,WR,TCU,0,2026,8,Roman Wilson,Michigan,0,2024,81.7,0.438,draft_capital,draft_capital=0.94; production=0.58; slap_score=0.70,0.0,0.0,4.511111,4.511111,
Eric McAlister,WR,TCU,0,2026,9,Jalen McMillan,Washington,0,2024,80.6,0.438,slap_score,draft_capital=0.84; production=0.63; slap_score=0.84,0.0,0.0,10.415385,10.415385,
Eric McAlister,WR,TCU,0,2026,10,Riley Ridley,Georgia,0,2019,80.5,0.438,production,draft_capital=0.47; production=1.17; slap_score=0.53,0.0,0.0,,,
Kevin Coleman Jr.,WR,Missouri,0,2026,1,Demarcus Robinson,Florida,0,2016,90.8,0.438,production,draft_capital=0.21; production=0.42; slap_score=0.39,0.0,0.0,10.925,5.342857,
Kevin Coleman Jr.,WR,Missouri,0,2026,2,Isaiah Coulter,Rhode Island,0,2020,90.5,0.438,production,draft_capital=0.34; production=0.41; slap_score=0.37,0.0,0.0,,,
Kevin Coleman Jr.,WR,Missouri,0,2026,3,Ray-Ray McCloud,Clemson,0,2018,90.4,0.438,draft_capital,draft_capital=0.60; production=0.44; slap_score=0.08,0.0,0.0,8.382353,3.109091,
Kevin Coleman Jr.,WR,Missouri,0,2026,4,Stefon Diggs,Maryland,0,2015,89.3,0.438,production,draft_capital=0.04; production=0.49; slap_score=0.48,1.0,1.0,20.5375,14.869231,
Kevin Coleman Jr.,WR,Missouri,0,2026,5,Jordan Lasley,UCLA,0,2018,89.3,0.438,production,draft_capital=0.20; production=0.65; slap_score=0.29,0.0,0.0,,,
Kevin Coleman Jr.,WR,Missouri,0,2026,6,Donovan Peoples-Jones,Michigan,0,2020,88.3,0.438,draft_capital,draft_capital=0.60; production=0.59; slap_score=0.24,0.0,0.0,9.829412,9.829412,
Kevin Coleman Jr.,WR,Missouri,0,2026,7,Equanimeous St. Brown,Notre Dame,0,2018,87.2,0.438,draft_capital,draft_capital=0.87; production=0.39; slap_score=0.31,0.0,0.0,4.936364,4.936364,
Kevin Coleman Jr.,WR,Missouri,0,2026,8,Rashard Higgins,Colorado St.,0,2016,87.1,0.438,production,draft_capital=0.35; production=0.86; slap_score=0.12,0.0,0.0,10.075,9.092308,
Kevin Coleman Jr.,WR,Missouri,0,2026,9,Kayshon Boutte,LSU,0,2023,85.2,0.438,production,draft_capital=0.60; production=0.77; slap_score=0.43,0.0,0.0,8.864286,8.864286,
Kevin Coleman Jr.,WR,Missouri,0,2026,10,Antonio Callaway,Florida,0,2018,84.8,0.438,slap_score,draft_capital=0.43; production=0.39; slap_score=0.79,0.0,0.0,8.26875,8.26875,
Josh Cameron,WR,Baylor,0,2026,1,Ryan Switzer,North Carolina,0,2017,97.3,0.438,production,draft_capital=0.13; production=0.13; slap_score=0.08,0.0,0.0,4.3375,4.3375,
Josh Cameron,WR,Baylor,0,2026,2,Jacob Cowing,Arizona,0,2024,97.2,0.438,slap_score,draft_capital=0.11; production=0.07; slap_score=0.14,0.0,0.0,,,
Josh Cameron,WR,Baylor,0,2026,3,Chad Hansen,California,0,2017,96.4,0.438,production,draft_capital=0.03; production=0.25; slap_score=0.05,0.0,0.0,,,
Josh Cameron,WR,Baylor,0,2026,4,Jaylin Lane,Virginia Tech,0,2025,96.4,0.438,draft_capital,draft_capital=0.22; production=0.08; slap_score=0.13,,,,,
Josh Cameron,WR,Baylor,0,2026,5,Shelton Gibson,West Virginia,0,2017,95.9,0.438,draft_capital,draft_capital=0.25; production=0.12; slap_score=0.13,0.0,0.0,,,
Josh Cameron,WR,Baylor,0,2026,6,Calvin Austin III,Memphis,0,2022,95.0,0.438,production,draft_capital=0.08; production=0.31; slap_score=0.14,0.0,0.0,7.105882,7.105882,
Josh Cameron,WR,Baylor,0,2026,7,Vince Mayle,Washington St.,0,2015,94.7,0.438,draft_capital,draft_capital=0.28; production=0.22; slap_score=0.16,0.0,0.0,,,
Josh Cameron,WR,Baylor,0,2026,8,Jaleel Scott,New Mexico St.,0,2018,94.2,0.438,production,draft_capital=0.16; production=0.38; slap_score=0.07,0.0,0.0,,,
Josh Cameron,WR,Baylor,0,2026,9,J'Mon Moore,Missouri,0,2018,94.0,0.438,production,draft_capital=0.13; production=0.40; slap_score=0.10,0.0,0.0,,,
Josh Cameron,WR,Baylor,0,2026,10,Joe Reed,Virginia,0,2020,94.0,0.438,production,draft_capital=0.05; production=0.38; slap_score=0.15,0.0,0.0,,,
Brenen Thompson,WR,Mississippi State,0,2026,1,Jaleel Scott,New Mexico St.,0,2018,96.7,0.473,production,draft_capital=0.07; production=0.20; slap_score=0.07,0.0,0.0,,,
Brenen Thompson,WR,Mississippi State,0,2026,2,Brendan Langley,Lamar,0,2017,96.1,0.369,draft_capital,draft_capital=0.30; production=0.00; slap_score=0.04,,,,,
Brenen Thompson,WR,Mississippi State,0,2026,3,Amara Darboh,Michigan,0,2017,95.6,0.473,slap_score,draft_capital=0.21; production=0.08; slap_score=0.22,0.0,0.0,1.8875,1.8875,
Brenen Thompson,WR,Mississippi State,0,2026,4,DaeSean Hamilton,Penn St.,0,2018,95.1,0.473,production,draft_capital=0.11; production=0.29; slap_score=0.10,0.0,0.0,8.2875,8.2875,
Brenen Thompson,WR,Mississippi State,0,2026,5,J'Mon Moore,Missouri,0,2018,94.8,0.473,production,draft_capital=0.10; production=0.32; slap_score=0.10,0.0,0.0,,,
Brenen Thompson,WR,Mississippi State,0,2026,6,Dont'e Thornton,Tennessee,0,2025,94.6,0.438,production,draft_capital=0.18; production=0.30; slap_score=0.15,,,,,
Brenen Thompson,WR,Mississippi State,0,2026,7,Jamari Thrash,Louisville,0,2024,94.3,0.473,draft_capital,draft_capital=0.31; production=0.04; slap_score=0.27,0.0,0.0,2.5875,2.5875,
Brenen Thompson,WR,Mississippi State,0,2026,8,Chad Hansen,California,0,2017,94.2,0.473,production,draft_capital=0.20; production=0.35; slap_score=0.04,0.0,0.0,,,
Brenen Thompson,WR,Mississippi State,0,2026,9,Jordan Watkins,Ole Miss,0,2025,94.0,0.438,production,draft_capital=0.15; production=0.37; slap_score=0.15,,,,,
Brenen Thompson,WR,Mississippi State,0,2026,10,Malcolm Mitchell,Georgia,0,2016,93.9,0.473,production,draft_capital=0.13; production=0.39; slap_score=0.00,0.0,0.0,8.008333,8.008333,
Reggie Virgil,WR,Texas Tech,0,2026,1,Isaiah Coulter,Rhode Island,0,2020,92.7,0.404,draft_capital,draft_capital=0.32; production=0.23; slap_score=0.30,0.0,0.0,,,
Reggie Virgil,WR,Texas Tech,0,2026,2,Demarcus Robinson,Florida,0,2016,90.8,0.404,slap_score,draft_capital=0.23; production=0.24; slap_score=0.46,0.0,0.0,10.925,5.342857,
Reggie Virgil,WR,Texas Tech,0,2026,3,Ray-Ray McCloud,Clemson,0,2018,90.5,0.404,draft_capital,draft_capital=0.58; production=0.44; slap_score=0.15,0.0,0.0,8.382353,3.109091,
Reggie Virgil,WR,Texas Tech,0,2026,4,Jordan Lasley,UCLA,0,2018,89.7,0.404,production,draft_capital=0.19; production=0.61; slap_score=0.36,0.0,0.0,,,
Reggie Virgil,WR,Texas Tech,0,2026,5,Donovan Peoples-Jones,Michigan,0,2020,88.8,0.404,draft_capital,draft_capital=0.58; production=0.52; slap_score=0.31,0.0,0.0,9.829412,9.829412,
Reggie Virgil,WR,Texas Tech,0,2026,6,Stefon Diggs,Maryland,0,2015,88.4,0.404,slap_score,draft_capital=0.02; production=0.51; slap_score=0.55,1.0,1.0,20.5375,14.869231,
Reggie Virgil,WR,Texas Tech,0,2026,7,Equanimeous St. Brown,Notre Dame,0,2018,88.4,0.404,draft_capital,draft_capital=0.85; production=0.17; slap_score=0.24,0.0,0.0,4.936364,4.936364,
Reggie Virgil,WR,Texas Tech,0,2026,8,Rashard Higgins,Colorado St.,0,2016,86.8,0.404,production,draft_capital=0.34; production=0.95; slap_score=0.19,0.0,0.0,10.075,9.092308,
Reggie Virgil,WR,Texas Tech,0,2026,9,Freddie Swain,Florida,0,2020,84.5,0.404,draft_capital,draft_capital=0.97; production=0.02; slap_score=0.55,0.0,0.0,5.40625,5.40625,
Reggie Virgil,WR,Texas Tech,0,2026,10,Kayshon Boutte,LSU,0,2023,84.2,0.404,production,draft_capital=0.58; production=0.86; slap_score=0.50,0.0,0.0,8.864286,8.864286,
Lewis Bond,WR,Boston College,0,2026,1,Scott Miller,Bowling Green,0,2019,98.1,0.473,draft_capital,draft_capital=0.09; production=0.09; slap_score=0.04,0.0,0.0,7.321429,7.321429,
Lewis Bond,WR,Boston College,0,2026,2,Travis Fulgham,Old Dominion,0,2019,95.7,0.473,draft_capital,draft_capital=0.30; production=0.02; slap_score=0.16,0.0,0.0,9.658333,9.658333,
Lewis Bond,WR,Boston College,0,2026,3,Tremon Smith,Central Arkansas,0,2018,95.2,0.473,production,draft_capital=0.10; production=0.31; slap_score=0.03,0.0,0.0,,,
Lewis Bond,WR,Boston College,0,2026,4,Bo Melton,Rutgers,0,2022,93.9,0.473,draft_capital,draft_capital=0.35; production=0.23; slap_score=0.18,0.0,0.0,3.025,2.045455,
Lewis Bond,WR,Boston College,0,2026,5,Xavier Hutchinson,Iowa St.,0,2023,93.7,0.473,production,draft_capital=0.02; production=0.36; slap_score=0.20,0.0,0.0,6.125,6.125,
Lewis Bond,WR,Boston College,0,2026,6,KeeSean Johnson,Fresno St.,0,2019,93.4,0.473,draft_capital,draft_capital=0.42; production=0.17; slap_score=0.23,0.0,0.0,4.6,4.6,
Lewis Bond,WR,Boston College,0,2026,7,Marquez Stevenson,Houston,0,2021,93.1,0.473,production,draft_capital=0.02; production=0.42; slap_score=0.15,0.0,0.0,,,
Lewis Bond,WR,Boston College,0,2026,8,Bud Sasser,Missouri,0,2015,93.0,0.473,production,draft_capital=0.06; production=0.44; slap_score=0.13,0.0,0.0,,,
Lewis Bond,WR,Boston College,0,2026,9,Mario Alford,West Virginia,0,2015,92.3,0.473,draft_capital,draft_capital=0.46; production=0.19; slap_score=0.29,0.0,0.0,,,
Lewis Bond,WR,Boston College,0,2026,10,Quintez Cephus,Wisconsin,0,2020,92.1,0.473,draft_capital,draft_capital=0.52; production=0.06; slap_score=0.31,0.0,0.0,6.081818,6.081818,
Amare Thomas,WR,Houston,0,2026,1,Dillon Mitchell,Oregon,0,2019,96.3,0.473,production,draft_capital=0.15; production=0.21; slap_score=0.06,0.0,0.0,,,
Amare Thomas,WR,Houston,0,2026,2,Auden Tate,Florida St.,0,2018,92.6,0.473,production,draft_capital=0.03; production=0.43; slap_score=0.23,0.0,0.0,8.458333,8.458333,
Amare Thomas,WR,Houston,0,2026,3,Isaiah Hodgins,Oregon St.,0,2020,91.5,0.473,draft_capital,draft_capital=0.57; production=0.05; slap_score=0.33,0.0,0.0,11.133333,11.133333,
Amare Thomas,WR,Houston,0,2026,4,Quez Watkins,Southern Miss,0,2020,89.8,0.473,draft_capital,draft_capital=0.71; production=0.34; slap_score=0.21,0.0,0.0,6.823529,6.823529,
Amare Thomas,WR,Houston,0,2026,5,Grant Dubose,Charlotte,0,2023,89.6,0.473,production,draft_capital=0.07; production=0.62; slap_score=0.28,0.0,0.0,,,
Amare Thomas,WR,Houston,0,2026,6,Isaiah Ford,Virginia Tech,0,2017,88.8,0.473,production,draft_capital=0.19; production=0.72; slap_score=0.10,0.0,0.0,6.177778,6.0625,
Amare Thomas,WR,Houston,0,2026,7,Donovan Peoples-Jones,Michigan,0,2020,85.2,0.473,draft_capital,draft_capital=0.84; production=0.59; slap_score=0.42,0.0,0.0,9.829412,9.829412,
Amare Thomas,WR,Houston,0,2026,8,Dax Milne,BYU,0,2021,85.2,0.473,production,draft_capital=0.09; production=0.87; slap_score=0.41,0.0,0.0,1.711111,1.711111,
Amare Thomas,WR,Houston,0,2026,9,Seth Williams,Auburn,0,2021,85.1,0.473,production,draft_capital=0.41; production=0.90; slap_score=0.24,0.0,0.0,,,
Amare Thomas,WR,Houston,0,2026,10,Demarcus Ayers,Houston,0,2016,84.5,0.473,production,draft_capital=0.29; production=0.98; slap_score=0.18,0.0,0.0,,,
Bryce Lance,WR,North Dakota State,0,2026,1,Isaiah McKenzie,Georgia,0,2017,93.5,0.473,production,draft_capital=0.15; production=0.41; slap_score=0.07,0.0,0.0,7.986667,5.275,
Bryce Lance,WR,North Dakota State,0,2026,2,J.J. Nelson,Ala-Birmingham,0,2015,93.3,0.369,slap_score,draft_capital=0.04; production=0.00; slap_score=0.37,,,,,
Bryce Lance,WR,North Dakota State,0,2026,3,Jamari Thrash,Louisville,0,2024,93.2,0.473,production,draft_capital=0.09; production=0.44; slap_score=0.04,0.0,0.0,2.5875,2.5875,
Bryce Lance,WR,North Dakota State,0,2026,4,DeAngelo Yancey,Purdue,0,2017,92.4,0.473,production,draft_capital=0.20; production=0.48; slap_score=0.04,0.0,0.0,,,
Bryce Lance,WR,North Dakota State,0,2026,5,Jamal Agnew,San Diego,0,2017,92.3,0.369,slap_score,draft_capital=0.05; production=0.00; slap_score=0.42,,,,,
Bryce Lance,WR,North Dakota State,0,2026,6,Bub Means,Pittsburgh,0,2024,92.3,0.473,production,draft_capital=0.11; production=0.47; slap_score=0.16,0.0,0.0,,,
Bryce Lance,WR,North Dakota State,0,2026,7,Trent Taylor,Louisiana Tech,0,2017,91.7,0.473,production,draft_capital=0.23; production=0.47; slap_score=0.22,0.0,0.0,6.533333,6.533333,
Bryce Lance,WR,North Dakota State,0,2026,8,Simi Fehoko,Stanford,0,2021,91.6,0.473,production,draft_capital=0.25; production=0.52; slap_score=0.02,0.0,0.0,,,
Bryce Lance,WR,North Dakota State,0,2026,9,KeAndre Lambert-Smith,Auburn,0,2025,91.6,0.438,production,draft_capital=0.07; production=0.52; slap_score=0.24,,,,,
Bryce Lance,WR,North Dakota State,0,2026,10,Jordan Payton,UCLA,0,2016,91.4,0.473,production,draft_capital=0.11; production=0.56; slap_score=0.04,0.0,0.0,,,
Shelton Sampson Jr.,WR,Louisiana-Lafayette,0,2026,1,Auden Tate,Florida St.,0,2018,97.6,0.438,production,draft_capital=0.03; production=0.16; slap_score=0.04,0.0,0.0,8.458333,8.458333,
Shelton Sampson Jr.,WR,Louisiana-Lafayette,0,2026,2,Grant Dubose,Charlotte,0,2023,93.4,0.438,production,draft_capital=0.07; production=0.45; slap_score=0.10,0.0,0.0,,,
Shelton Sampson Jr.,WR,Louisiana-Lafayette,0,2026,3,Dillon Mitchell,Oregon,0,2019,92.8,0.438,production,draft_capital=0.15; production=0.40; slap_score=0.24,0.0,0.0,,,
Shelton Sampson Jr.,WR,Louisiana-Lafayette,0,2026,4,Demarcus Ayers,Houston,0,2016,92.1,0.438,production,draft_capital=0.29; production=0.50; slap_score=0.00,0.0,0.0,,,
Shelton Sampson Jr.,WR,Louisiana-Lafayette,0,2026,5,Isaiah Ford,Virginia Tech,0,2017,91.4,0.438,production,draft_capital=0.19; production=0.58; slap_score=0.09,0.0,0.0,6.177778,6.0625,
Shelton Sampson Jr.,WR,Louisiana-Lafayette,0,2026,6,Dax Milne,BYU,0,2021,91.2,0.438,production,draft_capital=0.09; production=0.56; slap_score=0.22,0.0,0.0,1.711111,1.711111,
Shelton Sampson Jr.,WR,Louisiana-Lafayette,0,2026,7,Junior Bergen,Montana,0,2025,89.9,0.438,production,draft_capital=0.01; production=0.65; slap_score=0.25,,,,,
Shelton Sampson Jr.,WR,Louisiana-Lafayette,0,2026,8,Kenny Lawler,California,0,2016,89.1,0.438,production,draft_capital=0.07; production=0.73; slap_score=0.19,0.0,0.0,,,
Shelton Sampson Jr.,WR,Louisiana-Lafayette,0,2026,9,Malachi Dupre,LSU,0,2017,89.1,0.438,production,draft_capital=0.03; production=0.72; slap_score=0.22,0.0,0.0,,,
Shelton Sampson Jr.,WR,Louisiana-Lafayette,0,2026,10,Quez Watkins,Southern Miss,0,2020,89.1,0.438,draft_capital,draft_capital=0.71; production=0.10; slap_score=0.40,0.0,0.0,6.823529,6.823529,
Anthony Evans III,WR,Mississippi State,0,2026,1,Isaiah Ford,Virginia Tech,0,2017,96.3,0.473,draft_capital,draft_capital=0.19; production=0.15; slap_score=0.11,0.0,0.0,6.177778,6.0625,
Anthony Evans III,WR,Mississippi State,0,2026,2,Grant Dubose,Charlotte,0,2023,94.9,0.473,production,draft_capital=0.07; production=0.32; slap_score=0.07,0.0,0.0,,,
Anthony Evans III,WR,Mississippi State,0,2026,3,Kenny Lawler,California,0,2016,93.4,0.473,production,draft_capital=0.07; production=0.40; slap_score=0.17,0.0,0.0,,,
Anthony Evans III,WR,Mississippi State,0,2026,4,Malachi Dupre,LSU,0,2017,93.0,0.473,production,draft_capital=0.03; production=0.41; slap_score=0.20,0.0,0.0,,,
Anthony Evans III,WR,Mississippi State,0,2026,5,Junior Bergen,Montana,0,2025,92.9,0.438,production,draft_capital=0.01; production=0.43; slap_score=0.23,,,,,
Anthony Evans III,WR,Mississippi State,0,2026,6,Freddie Swain,Florida,0,2020,92.6,0.438,draft_capital,draft_capital=0.45; production=0.25; slap_score=0.23,0.0,0.0,5.40625,5.40625,
Anthony Evans III,WR,Mississippi State,0,2026,7,Dax Milne,BYU,0,2021,92.4,0.473,production,draft_capital=0.09; production=0.45; slap_score=0.20,0.0,0.0,1.711111,1.711111,
Anthony Evans III,WR,Mississippi State,0,2026,8,Auden Tate,Florida St.,0,2018,91.7,0.473,production,draft_capital=0.03; production=0.55; slap_score=0.01,0.0,0.0,8.458333,8.458333,
Anthony Evans III,WR,Mississippi State,0,2026,9,Equanimeous St. Brown,Notre Dame,0,2018,90.9,0.473,draft_capital,draft_capital=0.57; production=0.41; slap_score=0.09,0.0,0.0,4.936364,4.936364,
Anthony Evans III,WR,Mississippi State,0,2026,10,Demarcus Ayers,Houston,0,2016,89.6,0.473,production,draft_capital=0.29; production=0.65; slap_score=0.03,0.0,0.0,,,
Zavion Thomas,WR,LSU,0,2026,1,Cornelius Johnson,Michigan,0,2024,91.1,0.473,production,draft_capital=0.08; production=0.54; slap_score=0.21,0.0,0.0,,,
Zavion Thomas,WR,LSU,0,2026,2,Tyrie Cleveland,Florida,0,2020,84.7,0.473,production,draft_capital=0.10; production=1.01; slap_score=0.02,0.0,0.0,,,
Zavion Thomas,WR,LSU,0,2026,3,Da'Ron Brown,Northern Illinois,0,2015,79.0,0.473,production,draft_capital=0.36; production=1.35; slap_score=0.16,0.0,0.0,,,
Zavion Thomas,WR,LSU,0,2026,4,Mario Alford,West Virginia,0,2015,78.7,0.473,production,draft_capital=0.28; production=1.39; slap_score=0.08,0.0,0.0,,,
Zavion Thomas,WR,LSU,0,2026,5,Bo Melton,Rutgers,0,2022,78.3,0.473,production,draft_capital=0.39; production=1.39; slap_score=0.19,0.0,0.0,3.025,2.045455,
Zavion Thomas,WR,LSU,0,2026,6,Tez Johnson,Oregon,0,2025,77.8,0.473,production,draft_capital=0.33; production=1.44; slap_score=0.06,0.0,0.0,6.16,6.16,
Zavion Thomas,WR,LSU,0,2026,7,Kawaan Baker,South Alabama,0,2021,77.1,0.473,production,draft_capital=0.05; production=1.50; slap_score=0.14,0.0,0.0,,,
Zavion Thomas,WR,LSU,0,2026,8,Scott Miller,Bowling Green,0,2019,77.0,0.473,production,draft_capital=0.65; production=1.39; slap_score=0.32,0.0,0.0,7.321429,7.321429,
Zavion Thomas,WR,LSU,0,2026,9,Braxton Berrios,Miami (FL),0,2018,76.7,0.473,production,draft_capital=0.61; production=1.47; slap_score=0.08,0.0,0.0,8.073333,7.484615,
Zavion Thomas,WR,LSU,0,2026,10,Stacy Coley,Miami (FL),0,2017,76.6,0.473,production,draft_capital=0.52; production=1.48; slap_score=0.16,0.0,0.0,,,
C.J. Daniels,WR,Miami (FL),0,2026,1,Montrell Washington,Samford,0,2022,97.8,0.404,production,draft_capital=0.09; production=0.10; slap_score=0.07,0.0,0.0,0.8,0.8,
C.J. Daniels,WR,Miami (FL),0,2026,2,J.J. Nelson,Ala-Birmingham,0,2015,97.7,0.369,slap_score,draft_capital=0.05; production=0.00; slap_score=0.12,,,,,
C.J. Daniels,WR,Miami (FL),0,2026,3,Jacob Harris,Central Florida,0,2021,97.1,0.404,production,draft_capital=0.11; production=0.14; slap_score=0.10,0.0,0.0,,,
C.J. Daniels,WR,Miami (FL),0,2026,4,Anthony Gould,Oregon St.,0,2024,96.5,0.404,slap_score,draft_capital=0.10; production=0.02; slap_score=0.19,0.0,0.0,,,
C.J. Daniels,WR,Miami (FL),0,2026,5,Jamal Agnew,San Diego,0,2017,96.4,0.369,slap_score,draft_capital=0.14; production=0.00; slap_score=0.17,,,,,
C.J. Daniels,WR,Miami (FL),0,2026,6,Rodney Adams,South Florida,0,2017,95.2,0.404,production,draft_capital=0.20; production=0.30; slap_score=0.09,0.0,0.0,,,
C.J. Daniels,WR,Miami (FL),0,2026,7,Darius Slayton,Auburn,0,2019,95.1,0.404,production,draft_capital=0.22; production=0.32; slap_score=0.03,0.0,0.0,12.142857,12.142857,
C.J. Daniels,WR,Miami (FL),0,2026,8,K.J. Osborn,Miami (FL),0,2020,95.1,0.404,draft_capital,draft_capital=0.31; production=0.01; slap_score=0.18,0.0,0.0,9.323529,9.323529,
C.J. Daniels,WR,Miami (FL),0,2026,9,Justin Shorter,Florida,0,2023,95.0,0.404,production,draft_capital=0.04; production=0.27; slap_score=0.21,0.0,0.0,,,
C.J. Daniels,WR,Miami (FL),0,2026,10,Daurice Fountain,Northern Iowa,0,2018,94.6,0.404,slap_score,draft_capital=0.05; production=0.13; slap_score=0.29,0.0,0.0,,,
Kendrick Law,WR,Kentucky,0,2026,1,Jakeem Grant,Texas Tech,0,2016,96.7,0.473,production,draft_capital=0.08; production=0.20; slap_score=0.04,0.0,0.0,7.23,7.23,
Kendrick Law,WR,Kentucky,0,2026,2,Cornell Powell,Clemson,0,2021,96.1,0.473,production,draft_capital=0.16; production=0.23; slap_score=0.00,0.0,0.0,,,
Kendrick Law,WR,Kentucky,0,2026,3,K.J. Osborn,Miami (FL),0,2020,95.3,0.438,production,draft_capital=0.21; production=0.25; slap_score=0.11,0.0,0.0,9.323529,9.323529,
Kendrick Law,WR,Kentucky,0,2026,4,Casey Washington,Illinois,0,2024,95.1,0.438,production,draft_capital=0.04; production=0.27; slap_score=0.18,0.0,0.0,,,
Kendrick Law,WR,Kentucky,0,2026,5,Jamal Agnew,San Diego,0,2017,94.7,0.369,draft_capital,draft_capital=0.38; production=0.00; slap_score=0.10,,,,,
Kendrick Law,WR,Kentucky,0,2026,6,Darius Slayton,Auburn,0,2019,94.7,0.473,draft_capital,draft_capital=0.30; production=0.25; slap_score=0.10,0.0,0.0,12.142857,12.142857,
Kendrick Law,WR,Kentucky,0,2026,7,Elijah Higgins,Stanford,0,2023,94.4,0.473,production,draft_capital=0.07; production=0.35; slap_score=0.11,0.0,0.0,4.033333,4.033333,
Kendrick Law,WR,Kentucky,0,2026,8,J.J. Nelson,Ala-Birmingham,0,2015,93.8,0.369,draft_capital,draft_capital=0.47; production=0.00; slap_score=0.05,,,,,
Kendrick Law,WR,Kentucky,0,2026,9,Jalen Camp,Georgia Tech,0,2021,93.8,0.473,draft_capital,draft_capital=0.28; production=0.26; slap_score=0.21,0.0,0.0,,,
Kendrick Law,WR,Kentucky,0,2026,10,Montrell Washington,Samford,0,2022,93.3,0.438,draft_capital,draft_capital=0.43; production=0.30; slap_score=0.01,0.0,0.0,0.8,0.8,
De'Zhaun Stribling,WR,Mississippi,0,2026,1,Damion Ratley,Texas A&M,0,2018,93.6,0.438,draft_capital,draft_capital=0.34; production=0.21; slap_score=0.24,0.0,0.0,4.222222,4.222222,
De'Zhaun Stribling,WR,Mississippi,0,2026,2,Stacy Coley,Miami (FL),0,2017,92.1,0.438,production,draft_capital=0.28; production=0.51; slap_score=0.04,0.0,0.0,,,
De'Zhaun Stribling,WR,Mississippi,0,2026,3,Braxton Berrios,Miami (FL),0,2018,92.1,0.438,production,draft_capital=0.19; production=0.53; slap_score=0.03,0.0,0.0,8.073333,7.484615,
De'Zhaun Stribling,WR,Mississippi,0,2026,4,Ronnie Bell,Michigan,0,2023,89.6,0.438,draft_capital,draft_capital=0.72; production=0.13; slap_score=0.33,0.0,0.0,3.85,3.85,
De'Zhaun Stribling,WR,Mississippi,0,2026,5,Cornell Powell,Clemson,0,2021,89.2,0.438,production,draft_capital=0.27; production=0.73; slap_score=0.06,0.0,0.0,,,
De'Zhaun Stribling,WR,Mississippi,0,2026,6,Javon Wims,Georgia,0,2018,89.0,0.438,production,draft_capital=0.34; production=0.66; slap_score=0.25,0.0,0.0,3.872727,3.872727,
De'Zhaun Stribling,WR,Mississippi,0,2026,7,Jalen Camp,Georgia Tech,0,2021,88.9,0.438,production,draft_capital=0.17; production=0.75; slap_score=0.16,0.0,0.0,,,
De'Zhaun Stribling,WR,Mississippi,0,2026,8,Casey Washington,Illinois,0,2024,88.9,0.404,production,draft_capital=0.15; production=0.84; slap_score=0.13,0.0,0.0,,,
De'Zhaun Stribling,WR,Mississippi,0,2026,9,Jakeem Grant,Texas Tech,0,2016,88.8,0.438,production,draft_capital=0.19; production=0.77; slap_score=0.09,0.0,0.0,7.23,7.23,
De'Zhaun Stribling,WR,Mississippi,0,2026,10,K.J. Osborn,Miami (FL),0,2020,88.5,0.404,production,draft_capital=0.32; production=0.85; slap_score=0.05,0.0,0.0,9.323529,9.323529,
Barion Brown,WR,LSU,0,2026,1,Racey McMath,LSU,0,2021,96.7,0.438,production,draft_capital=0.00; production=0.21; slap_score=0.09,0.0,0.0,,,
Barion Brown,WR,LSU,0,2026,2,Dezmon Patmon,Washington St.,0,2020,96.2,0.438,production,draft_capital=0.13; production=0.23; slap_score=0.08,0.0,0.0,,,
Barion Brown,WR,LSU,0,2026,3,Freddie Swain,Florida,0,2020,94.5,0.438,production,draft_capital=0.17; production=0.36; slap_score=0.01,0.0,0.0,5.40625,5.40625,
Barion Brown,WR,LSU,0,2026,4,Isaiah Coulter,Rhode Island,0,2020,92.2,0.438,draft_capital,draft_capital=0.49; production=0.21; slap_score=0.26,0.0,0.0,,,
Barion Brown,WR,LSU,0,2026,5,Equanimeous St. Brown,Notre Dame,0,2018,91.0,0.438,production,draft_capital=0.05; production=0.51; slap_score=0.32,0.0,0.0,4.936364,4.936364,
Barion Brown,WR,LSU,0,2026,6,Kenny Lawler,California,0,2016,88.1,0.438,production,draft_capital=0.54; production=0.71; slap_score=0.07,0.0,0.0,,,
Barion Brown,WR,LSU,0,2026,7,Ray-Ray McCloud,Clemson,0,2018,87.7,0.438,slap_score,draft_capital=0.23; production=0.04; slap_score=0.71,0.0,0.0,8.382353,3.109091,
Barion Brown,WR,LSU,0,2026,8,Malachi Dupre,LSU,0,2017,87.6,0.438,production,draft_capital=0.59; production=0.72; slap_score=0.04,0.0,0.0,,,
Barion Brown,WR,LSU,0,2026,9,Isaiah Ford,Virginia Tech,0,2017,87.0,0.438,production,draft_capital=0.42; production=0.74; slap_score=0.35,0.0,0.0,6.177778,6.0625,
Barion Brown,WR,LSU,0,2026,10,Junior Bergen,Montana,0,2025,86.1,0.404,production,draft_capital=0.62; production=0.91; slap_score=0.01,,,,,
Cody Jackson,WR,Tarleton State,0,2026,1,Ricky White,UNLV,0,2025,94.0,0.438,production,draft_capital=0.17; production=0.39; slap_score=0.09,,,,,
Cody Jackson,WR,Tarleton State,0,2026,2,Ryan Flournoy,SE Missouri St.,0,2024,90.9,0.404,draft_capital,draft_capital=0.44; production=0.24; slap_score=0.38,0.0,0.0,8.769231,8.769231,
Cody Jackson,WR,Tarleton State,0,2026,3,Tommy Mellott,Montana State,0,2025,90.3,0.369,draft_capital,draft_capital=0.47; production=0.00; slap_score=0.41,,,,,
Cody Jackson,WR,Tarleton State,0,2026,4,Shi Smith,South Carolina,0,2021,89.4,0.473,draft_capital,draft_capital=0.64; production=0.47; slap_score=0.18,0.0,0.0,4.106667,4.106667,
Cody Jackson,WR,Tarleton State,0,2026,5,Kawaan Baker,South Alabama,0,2021,89.1,0.473,production,draft_capital=0.05; production=0.72; slap_score=0.01,0.0,0.0,,,
Cody Jackson,WR,Tarleton State,0,2026,6,Marquez Stevenson,Houston,0,2021,87.8,0.473,draft_capital,draft_capital=0.66; production=0.50; slap_score=0.36,0.0,0.0,,,
Cody Jackson,WR,Tarleton State,0,2026,7,Bud Sasser,Missouri,0,2015,87.7,0.473,draft_capital,draft_capital=0.69; production=0.47; slap_score=0.38,0.0,0.0,,,
Cody Jackson,WR,Tarleton State,0,2026,8,Bisi Johnson,Colorado State,0,2019,87.6,0.369,slap_score,draft_capital=0.03; production=0.00; slap_score=0.67,,,,,
Cody Jackson,WR,Tarleton State,0,2026,9,Bo Melton,Rutgers,0,2022,87.1,0.473,production,draft_capital=0.29; production=0.74; slap_score=0.33,0.0,0.0,3.025,2.045455,
Cody Jackson,WR,Tarleton State,0,2026,10,James Proche,SMU,0,2020,86.4,0.473,production,draft_capital=0.69; production=0.70; slap_score=0.20,0.0,0.0,,,
Cyrus Allen,WR,Cincinnati,0,2026,1,Konata Mumpfield,Pittsburgh,0,2025,97.6,0.438,draft_capital,draft_capital=0.12; production=0.09; slap_score=0.09,,,,,
Cyrus Allen,WR,Cincinnati,0,2026,2,Brenden Rice,USC,0,2024,96.1,0.473,production,draft_capital=0.13; production=0.24; slap_score=0.00,0.0,0.0,,,
Cyrus Allen,WR,Cincinnati,0,2026,3,Aaron Burbridge,Michigan St.,0,2016,95.7,0.473,draft_capital,draft_capital=0.26; production=0.06; slap_score=0.18,0.0,0.0,1.975,1.975,
Cyrus Allen,WR,Cincinnati,0,2026,4,Robert Davis,Georgia St.,0,2017,95.2,0.473,draft_capital,draft_capital=0.31; production=0.15; slap_score=0.15,0.0,0.0,,,
Cyrus Allen,WR,Cincinnati,0,2026,5,David Moore,East Central (OK),0,2017,95.0,0.473,production,draft_capital=0.12; production=0.32; slap_score=0.04,0.0,0.0,7.425,7.214286,
Cyrus Allen,WR,Cincinnati,0,2026,6,Cedrick Wilson Jr.,Boise St.,0,2018,94.8,0.473,draft_capital,draft_capital=0.34; production=0.14; slap_score=0.17,0.0,0.0,10.558571,5.162,
Cyrus Allen,WR,Cincinnati,0,2026,7,Trey Quinn,SMU,0,2018,94.6,0.473,draft_capital,draft_capital=0.28; production=0.20; slap_score=0.19,0.0,0.0,4.316667,4.316667,
Cyrus Allen,WR,Cincinnati,0,2026,8,Mike Thomas,Southern Miss,0,2016,94.2,0.473,draft_capital,draft_capital=0.38; production=0.15; slap_score=0.18,0.0,0.0,3.03,,
Cyrus Allen,WR,Cincinnati,0,2026,9,Kelvin Harmon,North Carolina St.,0,2019,94.1,0.473,draft_capital,draft_capital=0.38; production=0.19; slap_score=0.16,0.0,0.0,5.149231,5.149231,
Cyrus Allen,WR,Cincinnati,0,2026,10,Colton Dowell,UT Martin,0,2023,93.6,0.473,production,draft_capital=0.10; production=0.38; slap_score=0.16,0.0,0.0,,,
Caleb Douglas,WR,Texas Tech,0,2026,1,Malachi Dupre,LSU,0,2017,93.4,0.438,production,draft_capital=0.13; production=0.44; slap_score=0.12,0.0,0.0,,,
Caleb Douglas,WR,Texas Tech,0,2026,2,Grant Dubose,Charlotte,0,2023,93.3,0.438,production,draft_capital=0.03; production=0.38; slap_score=0.25,0.0,0.0,,,
Caleb Douglas,WR,Texas Tech,0,2026,3,Kenny Lawler,California,0,2016,93.1,0.438,production,draft_capital=0.18; production=0.43; slap_score=0.15,0.0,0.0,,,
Caleb Douglas,WR,Texas Tech,0,2026,4,Junior Bergen,Montana,0,2025,92.9,0.438,production,draft_capital=0.10; production=0.48; slap_score=0.09,,,,,
Caleb Douglas,WR,Texas Tech,0,2026,5,Freddie Swain,Florida,0,2020,92.6,0.404,draft_capital,draft_capital=0.55; production=0.16; slap_score=0.09,0.0,0.0,5.40625,5.40625,
Caleb Douglas,WR,Texas Tech,0,2026,6,Dax Milne,BYU,0,2021,91.9,0.438,production,draft_capital=0.01; production=0.56; slap_score=0.12,0.0,0.0,1.711111,1.711111,
Caleb Douglas,WR,Texas Tech,0,2026,7,Isaiah Ford,Virginia Tech,0,2017,91.2,0.438,slap_score,draft_capital=0.30; production=0.25; slap_score=0.43,0.0,0.0,6.177778,6.0625,
Caleb Douglas,WR,Texas Tech,0,2026,8,Dezmon Patmon,Washington St.,0,2020,91.2,0.404,draft_capital,draft_capital=0.59; production=0.38; slap_score=0.00,0.0,0.0,,,
Caleb Douglas,WR,Texas Tech,0,2026,9,Auden Tate,Florida St.,0,2018,89.3,0.438,production,draft_capital=0.08; production=0.67; slap_score=0.30,0.0,0.0,8.458333,8.458333,
Caleb Douglas,WR,Texas Tech,0,2026,10,Demarcus Ayers,Houston,0,2016,88.4,0.438,production,draft_capital=0.39; production=0.63; slap_score=0.35,0.0,0.0,,,
Donaven McCulley,WR,Michigan,0,2026,1,Ronnie Bell,Michigan,0,2023,98.4,0.473,production,draft_capital=0.03; production=0.10; slap_score=0.03,0.0,0.0,3.85,3.85,
Donaven McCulley,WR,Michigan,0,2026,2,Ben Skowronek,Notre Dame,0,2021,91.9,0.473,production,draft_capital=0.01; production=0.53; slap_score=0.08,0.0,0.0,6.021429,6.021429,
Donaven McCulley,WR,Michigan,0,2026,3,Stacy Coley,Miami (FL),0,2017,91.3,0.473,draft_capital,draft_capital=0.41; production=0.35; slap_score=0.31,0.0,0.0,,,
Donaven McCulley,WR,Michigan,0,2026,4,Javon Wims,Georgia,0,2018,91.2,0.473,production,draft_capital=0.35; production=0.50; slap_score=0.10,0.0,0.0,3.872727,3.872727,
Donaven McCulley,WR,Michigan,0,2026,5,Tahj Washington,USC,0,2024,90.0,0.473,production,draft_capital=0.11; production=0.65; slap_score=0.06,0.0,0.0,,,
Donaven McCulley,WR,Michigan,0,2026,6,Braxton Berrios,Miami (FL),0,2018,89.8,0.473,draft_capital,draft_capital=0.50; production=0.37; slap_score=0.39,0.0,0.0,8.073333,7.484615,
Donaven McCulley,WR,Michigan,0,2026,7,Devin Lucien,Arizona St.,0,2016,89.1,0.473,production,draft_capital=0.34; production=0.66; slap_score=0.09,0.0,0.0,,,
Donaven McCulley,WR,Michigan,0,2026,8,Tre Nixon,Central Florida,0,2021,88.8,0.438,production,draft_capital=0.09; production=0.76; slap_score=0.20,0.0,0.0,,,
Donaven McCulley,WR,Michigan,0,2026,9,Charone Peake,Clemson,0,2016,88.3,0.473,production,draft_capital=0.11; production=0.76; slap_score=0.07,0.0,0.0,3.418182,3.418182,
Donaven McCulley,WR,Michigan,0,2026,10,K.J. Hill,Ohio St.,0,2020,88.2,0.438,production,draft_capital=0.38; production=0.77; slap_score=0.04,0.0,0.0,,,
Aaron Anderson,WR,LSU,0,2026,1,K.J. Hill,Ohio St.,0,2020,99.6,0.438,draft_capital,draft_capital=0.02; production=0.02; slap_score=0.01,0.0,0.0,,,
Aaron Anderson,WR,LSU,0,2026,2,Tommy Mellott,Montana State,0,2025,98.6,0.369,slap_score,draft_capital=0.06; production=0.00; slap_score=0.06,,,,,
Aaron Anderson,WR,LSU,0,2026,3,Andre Debose,Florida,0,2015,97.3,0.438,production,draft_capital=0.04; production=0.19; slap_score=0.01,0.0,0.0,,,
Aaron Anderson,WR,LSU,0,2026,4,Marcell Ateman,Oklahoma St.,0,2018,97.0,0.438,production,draft_capital=0.10; production=0.15; slap_score=0.11,0.0,0.0,,,
Aaron Anderson,WR,LSU,0,2026,5,Ryan Flournoy,SE Missouri St.,0,2024,96.7,0.404,production,draft_capital=0.03; production=0.26; slap_score=0.03,0.0,0.0,8.769231,8.769231,
Aaron Anderson,WR,LSU,0,2026,6,Devin Fuller,UCLA,0,2016,96.0,0.438,draft_capital,draft_capital=0.24; production=0.09; slap_score=0.15,0.0,0.0,,,
Aaron Anderson,WR,LSU,0,2026,7,Mike Strachan,Charleston (WV),0,2021,95.5,0.438,production,draft_capital=0.12; production=0.26; slap_score=0.14,0.0,0.0,,,
Aaron Anderson,WR,LSU,0,2026,8,Tahj Washington,USC,0,2024,95.5,0.438,draft_capital,draft_capital=0.30; production=0.19; slap_score=0.03,0.0,0.0,,,
Aaron Anderson,WR,LSU,0,2026,9,Charone Peake,Clemson,0,2016,95.4,0.438,draft_capital,draft_capital=0.30; production=0.20; slap_score=0.04,0.0,0.0,3.418182,3.418182,
Aaron Anderson,WR,LSU,0,2026,10,Kaden Prather,Maryland,0,2025,95.4,0.404,draft_capital,draft_capital=0.28; production=0.02; slap_score=0.17,,,,,
Mikey Matthews,WR,UCLA,0,2026,1,Dezmon Patmon,Washington St.,0,2020,92.4,0.438,draft_capital,draft_capital=0.49; production=0.00; slap_score=0.29,0.0,0.0,,,
Mikey Matthews,WR,UCLA,0,2026,2,Freddie Swain,Florida,0,2020,91.1,0.438,draft_capital,draft_capital=0.45; production=0.23; slap_score=0.38,0.0,0.0,5.40625,5.40625,
Mikey Matthews,WR,UCLA,0,2026,3,Racey McMath,LSU,0,2021,90.3,0.438,draft_capital,draft_capital=0.61; production=0.30; slap_score=0.28,0.0,0.0,,,
Mikey Matthews,WR,UCLA,0,2026,4,Malachi Dupre,LSU,0,2017,89.7,0.438,production,draft_capital=0.03; production=0.54; slap_score=0.41,0.0,0.0,,,
Mikey Matthews,WR,UCLA,0,2026,5,Kenny Lawler,California,0,2016,89.5,0.438,production,draft_capital=0.07; production=0.53; slap_score=0.44,0.0,0.0,,,
Mikey Matthews,WR,UCLA,0,2026,6,Junior Bergen,Montana,0,2025,88.7,0.404,production,draft_capital=0.01; production=0.72; slap_score=0.38,,,,,
Mikey Matthews,WR,UCLA,0,2026,7,Dax Milne,BYU,0,2021,86.7,0.438,production,draft_capital=0.09; production=0.81; slap_score=0.41,0.0,0.0,1.711111,1.711111,
Mikey Matthews,WR,UCLA,0,2026,8,Grant Dubose,Charlotte,0,2023,86.6,0.438,production,draft_capital=0.07; production=0.71; slap_score=0.53,0.0,0.0,,,
Mikey Matthews,WR,UCLA,0,2026,9,Equanimeous St. Brown,Notre Dame,0,2018,85.8,0.438,slap_score,draft_capital=0.57; production=0.32; slap_score=0.69,0.0,0.0,4.936364,4.936364,
Mikey Matthews,WR,UCLA,0,2026,10,Isaiah Ford,Virginia Tech,0,2017,85.1,0.438,slap_score,draft_capital=0.19; production=0.60; slap_score=0.72,0.0,0.0,6.177778,6.0625,
Anthony Smith,WR,East Carolina,0,2026,1,John Ursua,Hawaii,0,2019,95.2,0.473,production,draft_capital=0.21; production=0.26; slap_score=0.07,0.0,0.0,,,
Anthony Smith,WR,East Carolina,0,2026,2,Tahj Washington,USC,0,2024,94.8,0.473,production,draft_capital=0.11; production=0.33; slap_score=0.03,0.0,0.0,,,
Anthony Smith,WR,East Carolina,0,2026,3,Devin Lucien,Arizona St.,0,2016,94.5,0.473,draft_capital,draft_capital=0.34; production=0.22; slap_score=0.12,0.0,0.0,,,
Anthony Smith,WR,East Carolina,0,2026,4,Ryan Flournoy,SE Missouri St.,0,2024,94.5,0.404,draft_capital,draft_capital=0.44; production=0.02; slap_score=0.03,0.0,0.0,8.769231,8.769231,
Anthony Smith,WR,East Carolina,0,2026,5,Colton Dowell,UT Martin,0,2023,94.2,0.473,draft_capital,draft_capital=0.31; production=0.26; slap_score=0.13,0.0,0.0,,,
Anthony Smith,WR,East Carolina,0,2026,6,Bisi Johnson,Colorado State,0,2019,94.0,0.369,slap_score,draft_capital=0.03; production=0.00; slap_score=0.32,,,,,
Anthony Smith,WR,East Carolina,0,2026,7,Tommy Mellott,Montana State,0,2025,93.8,0.369,draft_capital,draft_capital=0.47; production=0.00; slap_score=0.06,,,,,
Anthony Smith,WR,East Carolina,0,2026,8,Samori Toure,Nebraska,0,2022,93.4,0.473,production,draft_capital=0.09; production=0.36; slap_score=0.22,0.0,0.0,2.225,2.225,
Anthony Smith,WR,East Carolina,0,2026,9,Konata Mumpfield,Pittsburgh,0,2025,93.1,0.438,production,draft_capital=0.09; production=0.42; slap_score=0.20,,,,,
Anthony Smith,WR,East Carolina,0,2026,10,Trey Quinn,SMU,0,2018,92.9,0.473,production,draft_capital=0.07; production=0.45; slap_score=0.10,0.0,0.0,4.316667,4.316667,
Tyren Montgomery,WR,John Carroll,0,2026,1,Jordan Whittington,Texas,0,2024,98.6,0.369,draft_capital,draft_capital=0.10; production=0.00; slap_score=0.02,0.0,0.0,2.792308,2.792308,
Tyren Montgomery,WR,John Carroll,0,2026,2,Tommy Mellott,Montana State,0,2025,98.4,0.369,draft_capital,draft_capital=0.10; production=0.00; slap_score=0.05,,,,,
Tyren Montgomery,WR,John Carroll,0,2026,3,Michael Woods II,Oklahoma,0,2022,98.3,0.369,draft_capital,draft_capital=0.11; production=0.00; slap_score=0.05,0.0,0.0,,,
Tyren Montgomery,WR,John Carroll,0,2026,4,Ryan Flournoy,SE Missouri St.,0,2024,98.3,0.369,draft_capital,draft_capital=0.13; production=0.00; slap_score=0.01,0.0,0.0,8.769231,8.769231,
Tyren Montgomery,WR,John Carroll,0,2026,5,K.J. Hill,Ohio St.,0,2020,97.6,0.369,draft_capital,draft_capital=0.18; production=0.00; slap_score=0.00,0.0,0.0,,,
Tyren Montgomery,WR,John Carroll,0,2026,6,Andre Debose,Florida,0,2015,97.3,0.369,draft_capital,draft_capital=0.20; production=0.00; slap_score=0.03,0.0,0.0,,,
Tyren Montgomery,WR,John Carroll,0,2026,7,Marcell Ateman,Oklahoma St.,0,2018,96.2,0.369,draft_capital,draft_capital=0.26; production=0.00; slap_score=0.09,0.0,0.0,,,
Tyren Montgomery,WR,John Carroll,0,2026,8,Devin Lucien,Arizona St.,0,2016,96.1,0.369,draft_capital,draft_capital=0.23; production=0.00; slap_score=0.13,0.0,0.0,,,
Tyren Montgomery,WR,John Carroll,0,2026,9,Mike Strachan,Charleston (WV),0,2021,95.7,0.369,draft_capital,draft_capital=0.28; production=0.00; slap_score=0.12,0.0,0.0,,,
Tyren Montgomery,WR,John Carroll,0,2026,10,Colton Dowell,UT Martin,0,2023,95.7,0.369,draft_capital,draft_capital=0.26; production=0.00; slap_score=0.15,0.0,0.0,,,
London Humphreys,WR,Georgia,0,2026,1,Dezmon Patmon,Washington St.,0,2020,91.3,0.438,draft_capital,draft_capital=0.49; production=0.21; slap_score=0.34,0.0,0.0,,,
London Humphreys,WR,Georgia,0,2026,2,Racey McMath,LSU,0,2021,90.7,0.438,draft_capital,draft_capital=0.61; production=0.10; slap_score=0.33,0.0,0.0,,,
London Humphreys,WR,Georgia,0,2026,3,Freddie Swain,Florida,0,2020,89.3,0.438,draft_capital,draft_capital=0.45; production=0.42; slap_score=0.43,0.0,0.0,5.40625,5.40625,
London Humphreys,WR,Georgia,0,2026,4,Malachi Dupre,LSU,0,2017,86.9,0.438,production,draft_capital=0.03; production=0.75; slap_score=0.46,0.0,0.0,,,
London Humphreys,WR,Georgia,0,2026,5,Kenny Lawler,California,0,2016,86.7,0.438,production,draft_capital=0.07; production=0.74; slap_score=0.48,0.0,0.0,,,
London Humphreys,WR,Georgia,0,2026,6,Junior Bergen,Montana,0,2025,85.6,0.404,production,draft_capital=0.01; production=0.97; slap_score=0.43,,,,,
London Humphreys,WR,Georgia,0,2026,7,Austin Proehl,North Carolina,0,2018,84.3,0.438,production,draft_capital=0.05; production=1.11; slap_score=0.10,0.0,0.0,,,
London Humphreys,WR,Georgia,0,2026,8,Charone Peake,Clemson,0,2016,84.0,0.438,production,draft_capital=0.11; production=1.13; slap_score=0.00,0.0,0.0,3.418182,3.418182,
London Humphreys,WR,Georgia,0,2026,9,Equanimeous St. Brown,Notre Dame,0,2018,84.0,0.438,slap_score,draft_capital=0.57; production=0.53; slap_score=0.74,0.0,0.0,4.936364,4.936364,
London Humphreys,WR,Georgia,0,2026,10,Richie James,Middle Tenn. St.,0,2018,84.0,0.438,production,draft_capital=0.13; production=1.13; slap_score=0.07,0.0,0.0,9.892857,,
Eric Rivers,WR,Georgia Tech,0,2026,1,Ryan Flournoy,SE Missouri St.,0,2024,98.3,0.404,draft_capital,draft_capital=0.13; production=0.04; slap_score=0.02,0.0,0.0,8.769231,8.769231,
Eric Rivers,WR,Georgia Tech,0,2026,2,Tommy Mellott,Montana State,0,2025,98.0,0.369,draft_capital,draft_capital=0.16; production=0.00; slap_score=0.01,,,,,
Eric Rivers,WR,Georgia Tech,0,2026,3,Andre Debose,Florida,0,2015,97.8,0.438,production,draft_capital=0.06; production=0.13; slap_score=0.06,0.0,0.0,,,
Eric Rivers,WR,Georgia Tech,0,2026,4,Kaden Prather,Maryland,0,2025,96.3,0.404,draft_capital,draft_capital=0.18; production=0.17; slap_score=0.12,,,,,
Eric Rivers,WR,Georgia Tech,0,2026,5,Jordan Whittington,Texas,0,2024,96.0,0.438,production,draft_capital=0.16; production=0.25; slap_score=0.02,0.0,0.0,2.792308,2.792308,
Eric Rivers,WR,Georgia Tech,0,2026,6,Mike Strachan,Charleston (WV),0,2021,95.8,0.438,production,draft_capital=0.02; production=0.28; slap_score=0.09,0.0,0.0,,,
Eric Rivers,WR,Georgia Tech,0,2026,7,K.J. Hill,Ohio St.,0,2020,95.7,0.438,production,draft_capital=0.07; production=0.30; slap_score=0.04,0.0,0.0,,,
Eric Rivers,WR,Georgia Tech,0,2026,8,Richie James,Middle Tenn. St.,0,2018,95.6,0.438,production,draft_capital=0.18; production=0.26; slap_score=0.07,0.0,0.0,9.892857,,
Eric Rivers,WR,Georgia Tech,0,2026,9,Charone Peake,Clemson,0,2016,95.5,0.438,production,draft_capital=0.20; production=0.27; slap_score=0.00,0.0,0.0,3.418182,3.418182,
Eric Rivers,WR,Georgia Tech,0,2026,10,Devin Fuller,UCLA,0,2016,94.6,0.438,production,draft_capital=0.14; production=0.28; slap_score=0.20,0.0,0.0,,,
Cordale Russell,WR,Miami (OH),0,2026,1,Dezmon Patmon,Washington St.,0,2020,90.6,0.404,draft_capital,draft_capital=0.49; production=0.29; slap_score=0.35,0.0,0.0,,,
Cordale Russell,WR,Miami (OH),0,2026,2,Racey McMath,LSU,0,2021,90.3,0.404,draft_capital,draft_capital=0.61; production=0.06; slap_score=0.33,0.0,0.0,,,
Cordale Russell,WR,Miami (OH),0,2026,3,Freddie Swain,Florida,0,2020,88.5,0.404,production,draft_capital=0.45; production=0.52; slap_score=0.44,0.0,0.0,5.40625,5.40625,
Cordale Russell,WR,Miami (OH),0,2026,4,Malachi Dupre,LSU,0,2017,85.8,0.404,production,draft_capital=0.03; production=0.91; slap_score=0.46,0.0,0.0,,,
Cordale Russell,WR,Miami (OH),0,2026,5,Kenny Lawler,California,0,2016,85.6,0.404,production,draft_capital=0.07; production=0.90; slap_score=0.49,0.0,0.0,,,
Cordale Russell,WR,Miami (OH),0,2026,6,Junior Bergen,Montana,0,2025,85.0,0.404,production,draft_capital=0.01; production=1.01; slap_score=0.44,,,,,
Cordale Russell,WR,Miami (OH),0,2026,7,Austin Proehl,North Carolina,0,2018,83.7,0.404,production,draft_capital=0.05; production=1.28; slap_score=0.09,0.0,0.0,,,
Cordale Russell,WR,Miami (OH),0,2026,8,Richie James,Middle Tenn. St.,0,2018,83.6,0.404,production,draft_capital=0.13; production=1.28; slap_score=0.08,0.0,0.0,9.892857,,
Cordale Russell,WR,Miami (OH),0,2026,9,Jalen Brooks,South Carolina,0,2023,83.5,0.404,production,draft_capital=0.06; production=1.28; slap_score=0.18,0.0,0.0,2.975,2.975,
Cordale Russell,WR,Miami (OH),0,2026,10,Dax Milne,BYU,0,2021,83.3,0.404,production,draft_capital=0.09; production=1.15; slap_score=0.46,0.0,0.0,1.711111,1.711111,
Kaden Wetjen,WR,Iowa,0,2026,1,Tommy Mellott,Montana State,0,2025,99.4,0.369,draft_capital,draft_capital=0.05; production=0.00; slap_score=0.00,,,,,
Kaden Wetjen,WR,Iowa,0,2026,2,Ryan Flournoy,SE Missouri St.,0,2024,97.8,0.404,production,draft_capital=0.02; production=0.16; slap_score=0.04,0.0,0.0,8.769231,8.769231,
Kaden Wetjen,WR,Iowa,0,2026,3,Richie James,Middle Tenn. St.,0,2018,95.5,0.438,draft_capital,draft_capital=0.29; production=0.17; slap_score=0.08,0.0,0.0,9.892857,,
Kaden Wetjen,WR,Iowa,0,2026,4,Jordan Whittington,Texas,0,2024,94.8,0.438,production,draft_capital=0.05; production=0.37; slap_score=0.03,0.0,0.0,2.792308,2.792308,
Kaden Wetjen,WR,Iowa,0,2026,5,Jalen Brooks,South Carolina,0,2023,94.3,0.438,draft_capital,draft_capital=0.36; production=0.17; slap_score=0.17,0.0,0.0,2.975,2.975,
Kaden Wetjen,WR,Iowa,0,2026,6,Michael Woods II,Oklahoma,0,2022,93.6,0.438,production,draft_capital=0.26; production=0.38; slap_score=0.10,0.0,0.0,,,
Kaden Wetjen,WR,Iowa,0,2026,7,Andre Debose,Florida,0,2015,93.0,0.438,production,draft_capital=0.05; production=0.49; slap_score=0.08,0.0,0.0,,,
Kaden Wetjen,WR,Iowa,0,2026,8,Bisi Johnson,Colorado State,0,2019,93.0,0.369,draft_capital,draft_capital=0.39; production=0.00; slap_score=0.26,,,,,
Kaden Wetjen,WR,Iowa,0,2026,9,Mike Strachan,Charleston (WV),0,2021,93.0,0.438,production,draft_capital=0.13; production=0.48; slap_score=0.07,0.0,0.0,,,
Kaden Wetjen,WR,Iowa,0,2026,10,Austin Proehl,North Carolina,0,2018,92.1,0.438,draft_capital,draft_capital=0.47; production=0.37; slap_score=0.09,0.0,0.0,,,
Brandon Inniss,WR,Ohio State,0,2026,1,Racey McMath,LSU,0,2021,90.5,0.438,draft_capital,draft_capital=0.61; production=0.08; slap_score=0.35,0.0,0.0,,,
Brandon Inniss,WR,Ohio State,0,2026,2,Dezmon Patmon,Washington St.,0,2020,90.3,0.438,draft_capital,draft_capital=0.49; production=0.33; slap_score=0.37,0.0,0.0,,,
Brandon Inniss,WR,Ohio State,0,2026,3,Freddie Swain,Florida,0,2020,88.1,0.438,production,draft_capital=0.45; production=0.52; slap_score=0.46,0.0,0.0,5.40625,5.40625,
Brandon Inniss,WR,Ohio State,0,2026,4,Malachi Dupre,LSU,0,2017,85.3,0.438,production,draft_capital=0.03; production=0.87; slap_score=0.48,0.0,0.0,,,
Brandon Inniss,WR,Ohio State,0,2026,5,Kenny Lawler,California,0,2016,85.1,0.438,production,draft_capital=0.07; production=0.86; slap_score=0.51,0.0,0.0,,,
Brandon Inniss,WR,Ohio State,0,2026,6,Austin Proehl,North Carolina,0,2018,84.4,0.438,production,draft_capital=0.05; production=1.11; slap_score=0.07,0.0,0.0,,,
Brandon Inniss,WR,Ohio State,0,2026,7,Jalen Brooks,South Carolina,0,2023,84.0,0.438,production,draft_capital=0.06; production=1.12; slap_score=0.16,0.0,0.0,2.975,2.975,
Brandon Inniss,WR,Ohio State,0,2026,8,Richie James,Middle Tenn. St.,0,2018,83.9,0.438,production,draft_capital=0.13; production=1.13; slap_score=0.10,0.0,0.0,9.892857,,
Brandon Inniss,WR,Ohio State,0,2026,9,Junior Bergen,Montana,0,2025,83.9,0.404,production,draft_capital=0.01; production=1.10; slap_score=0.46,,,,,
Brandon Inniss,WR,Ohio State,0,2026,10,Tre McBride,William & Mary,0,2015,83.6,0.438,production,draft_capital=0.05; production=1.15; slap_score=0.18,0.0,0.0,,,
Jalen Brown,WR,Arkansas,0,2026,1,Racey McMath,LSU,0,2021,90.0,0.404,draft_capital,draft_capital=0.61; production=0.09; slap_score=0.36,0.0,0.0,,,
Jalen Brown,WR,Arkansas,0,2026,2,Dezmon Patmon,Washington St.,0,2020,89.4,0.404,draft_capital,draft_capital=0.49; production=0.43; slap_score=0.38,0.0,0.0,,,
Jalen Brown,WR,Arkansas,0,2026,3,Freddie Swain,Florida,0,2020,87.0,0.404,production,draft_capital=0.45; production=0.66; slap_score=0.47,0.0,0.0,5.40625,5.40625,
Jalen Brown,WR,Arkansas,0,2026,4,Malachi Dupre,LSU,0,2017,84.0,0.404,production,draft_capital=0.03; production=1.06; slap_score=0.49,0.0,0.0,,,
Jalen Brown,WR,Arkansas,0,2026,5,Kenny Lawler,California,0,2016,83.8,0.404,production,draft_capital=0.07; production=1.05; slap_score=0.52,0.0,0.0,,,
Jalen Brown,WR,Arkansas,0,2026,6,Austin Proehl,North Carolina,0,2018,83.7,0.404,production,draft_capital=0.05; production=1.28; slap_score=0.06,0.0,0.0,,,
Jalen Brown,WR,Arkansas,0,2026,7,Richie James,Middle Tenn. St.,0,2018,83.4,0.404,production,draft_capital=0.13; production=1.30; slap_score=0.11,0.0,0.0,9.892857,,
Jalen Brown,WR,Arkansas,0,2026,8,Jalen Brooks,South Carolina,0,2023,83.4,0.404,production,draft_capital=0.06; production=1.29; slap_score=0.15,0.0,0.0,2.975,2.975,
Jalen Brown,WR,Arkansas,0,2026,9,Junior Bergen,Montana,0,2025,83.2,0.404,production,draft_capital=0.01; production=1.16; slap_score=0.47,,,,,
Jalen Brown,WR,Arkansas,0,2026,10,Tre McBride,William & Mary,0,2015,82.7,0.404,production,draft_capital=0.05; production=1.34; slap_score=0.17,0.0,0.0,,,
Hank Beatty,WR,Illinois,0,2026,1,Kaden Prather,Maryland,0,2025,96.7,0.404,draft_capital,draft_capital=0.23; production=0.09; slap_score=0.06,,,,,
Hank Beatty,WR,Illinois,0,2026,2,Tre Nixon,Central Florida,0,2021,96.0,0.438,production,draft_capital=0.19; production=0.22; slap_score=0.06,0.0,0.0,,,
Hank Beatty,WR,Illinois,0,2026,3,Bisi Johnson,Colorado State,0,2019,95.7,0.369,slap_score,draft_capital=0.13; production=0.00; slap_score=0.21,,,,,
Hank Beatty,WR,Illinois,0,2026,4,Tre McBride,William & Mary,0,2015,93.9,0.438,production,draft_capital=0.15; production=0.37; slap_score=0.15,0.0,0.0,,,
Hank Beatty,WR,Illinois,0,2026,5,Devin Fuller,UCLA,0,2016,93.6,0.473,draft_capital,draft_capital=0.28; production=0.24; slap_score=0.26,0.0,0.0,,,
Hank Beatty,WR,Illinois,0,2026,6,Tahj Washington,USC,0,2024,93.5,0.473,production,draft_capital=0.22; production=0.39; slap_score=0.08,0.0,0.0,,,
Hank Beatty,WR,Illinois,0,2026,7,Andre Debose,Florida,0,2015,93.3,0.438,draft_capital,draft_capital=0.47; production=0.21; slap_score=0.12,0.0,0.0,,,
Hank Beatty,WR,Illinois,0,2026,8,K.J. Hill,Ohio St.,0,2020,93.1,0.438,draft_capital,draft_capital=0.49; production=0.23; slap_score=0.10,0.0,0.0,,,
Hank Beatty,WR,Illinois,0,2026,9,Ryan Flournoy,SE Missouri St.,0,2024,93.1,0.404,draft_capital,draft_capital=0.54; production=0.02; slap_score=0.08,0.0,0.0,8.769231,8.769231,
Hank Beatty,WR,Illinois,0,2026,10,Mike Strachan,Charleston (WV),0,2021,92.8,0.438,draft_capital,draft_capital=0.39; production=0.39; slap_score=0.03,0.0,0.0,,,
Hykeem Williams,WR,Colorado,0,2026,1,Racey McMath,LSU,0,2021,88.1,0.404,draft_capital,draft_capital=0.61; production=0.41; slap_score=0.43,0.0,0.0,,,
Hykeem Williams,WR,Colorado,0,2026,2,Dezmon Patmon,Washington St.,0,2020,86.3,0.404,production,draft_capital=0.49; production=0.75; slap_score=0.44,0.0,0.0,,,
Hykeem Williams,WR,Colorado,0,2026,3,Freddie Swain,Florida,0,2020,83.5,0.404,production,draft_capital=0.45; production=0.98; slap_score=0.53,0.0,0.0,5.40625,5.40625,
Hykeem Williams,WR,Colorado,0,2026,4,Austin Proehl,North Carolina,0,2018,83.0,0.404,production,draft_capital=0.05; production=1.34; slap_score=0.00,0.0,0.0,,,
Hykeem Williams,WR,Colorado,0,2026,5,Bisi Johnson,Colorado State,0,2019,82.8,0.369,production,draft_capital=0.03; production=1.57; slap_score=0.17,,,,,
Hykeem Williams,WR,Colorado,0,2026,6,Jalen Brooks,South Carolina,0,2023,82.5,0.404,production,draft_capital=0.06; production=1.37; slap_score=0.09,0.0,0.0,2.975,2.975,
Hykeem Williams,WR,Colorado,0,2026,7,Richie James,Middle Tenn. St.,0,2018,82.1,0.404,production,draft_capital=0.13; production=1.39; slap_score=0.17,0.0,0.0,9.892857,,
Hykeem Williams,WR,Colorado,0,2026,8,Ryan Flournoy,SE Missouri St.,0,2024,82.0,0.369,production,draft_capital=0.44; production=1.57; slap_score=0.12,0.0,0.0,8.769231,8.769231,
Hykeem Williams,WR,Colorado,0,2026,9,Tommy Mellott,Montana State,0,2025,81.9,0.369,production,draft_capital=0.47; production=1.57; slap_score=0.09,,,,,
Hykeem Williams,WR,Colorado,0,2026,10,Tre McBride,William & Mary,0,2015,81.3,0.404,production,draft_capital=0.05; production=1.47; slap_score=0.11,0.0,0.0,,,
Jaquaize Pettaway,WR,East Carolina,0,2026,1,Racey McMath,LSU,0,2021,88.0,0.438,draft_capital,draft_capital=0.61; production=0.41; slap_score=0.44,0.0,0.0,,,
Jaquaize Pettaway,WR,East Carolina,0,2026,2,Dezmon Patmon,Washington St.,0,2020,86.1,0.438,production,draft_capital=0.49; production=0.71; slap_score=0.46,0.0,0.0,,,
Jaquaize Pettaway,WR,East Carolina,0,2026,3,Austin Proehl,North Carolina,0,2018,83.4,0.438,production,draft_capital=0.05; production=1.18; slap_score=0.02,0.0,0.0,,,
Jaquaize Pettaway,WR,East Carolina,0,2026,4,Freddie Swain,Florida,0,2020,83.3,0.438,production,draft_capital=0.45; production=0.92; slap_score=0.54,0.0,0.0,5.40625,5.40625,
Jaquaize Pettaway,WR,East Carolina,0,2026,5,Bisi Johnson,Colorado State,0,2019,82.8,0.369,production,draft_capital=0.03; production=1.57; slap_score=0.16,,,,,
Jaquaize Pettaway,WR,East Carolina,0,2026,6,Jalen Brooks,South Carolina,0,2023,82.6,0.438,production,draft_capital=0.06; production=1.23; slap_score=0.07,0.0,0.0,2.975,2.975,
Jaquaize Pettaway,WR,East Carolina,0,2026,7,Ryan Flournoy,SE Missouri St.,0,2024,82.4,0.404,production,draft_capital=0.44; production=1.30; slap_score=0.14,0.0,0.0,8.769231,8.769231,
Jaquaize Pettaway,WR,East Carolina,0,2026,8,Richie James,Middle Tenn. St.,0,2018,82.1,0.438,production,draft_capital=0.13; production=1.25; slap_score=0.19,0.0,0.0,9.892857,,
Jaquaize Pettaway,WR,East Carolina,0,2026,9,Tommy Mellott,Montana State,0,2025,81.9,0.369,production,draft_capital=0.47; production=1.57; slap_score=0.10,,,,,
Jaquaize Pettaway,WR,East Carolina,0,2026,10,Tre McBride,William & Mary,0,2015,81.6,0.438,production,draft_capital=0.05; production=1.30; slap_score=0.09,0.0,0.0,,,
Vinny Anthony II,WR,Wisconsin,0,2026,1,Bisi Johnson,Colorado State,0,2019,97.2,0.369,slap_score,draft_capital=0.03; production=0.00; slap_score=0.15,,,,,
Vinny Anthony II,WR,Wisconsin,0,2026,2,Samori Toure,Nebraska,0,2022,96.4,0.438,production,draft_capital=0.09; production=0.24; slap_score=0.05,0.0,0.0,2.225,2.225,
Vinny Anthony II,WR,Wisconsin,0,2026,3,Devaughn Vele,Utah,0,2024,96.3,0.438,draft_capital,draft_capital=0.22; production=0.18; slap_score=0.06,0.0,0.0,8.192308,8.192308,
Vinny Anthony II,WR,Wisconsin,0,2026,4,Tahj Washington,USC,0,2024,95.2,0.438,production,draft_capital=0.11; production=0.28; slap_score=0.14,0.0,0.0,,,
Vinny Anthony II,WR,Wisconsin,0,2026,5,Marcell Ateman,Oklahoma St.,0,2018,93.9,0.438,production,draft_capital=0.31; production=0.34; slap_score=0.06,0.0,0.0,,,
Vinny Anthony II,WR,Wisconsin,0,2026,6,Ryan Flournoy,SE Missouri St.,0,2024,93.8,0.404,draft_capital,draft_capital=0.44; production=0.12; slap_score=0.14,0.0,0.0,8.769231,8.769231,
Vinny Anthony II,WR,Wisconsin,0,2026,7,John Ursua,Hawaii,0,2019,93.6,0.438,production,draft_capital=0.21; production=0.30; slap_score=0.25,0.0,0.0,,,
Vinny Anthony II,WR,Wisconsin,0,2026,8,Tommy Mellott,Montana State,0,2025,93.6,0.369,draft_capital,draft_capital=0.47; production=0.00; slap_score=0.11,,,,,
Vinny Anthony II,WR,Wisconsin,0,2026,9,Tre Nixon,Central Florida,0,2021,93.5,0.438,production,draft_capital=0.09; production=0.45; slap_score=0.00,0.0,0.0,,,
Vinny Anthony II,WR,Wisconsin,0,2026,10,Devin Lucien,Arizona St.,0,2016,93.3,0.438,draft_capital,draft_capital=0.34; production=0.15; slap_score=0.29,0.0,0.0,,,
Chase Roberts,WR,BYU,0,2026,1,Samori Toure,Nebraska,0,2022,98.0,0.404,draft_capital,draft_capital=0.14; production=0.06; slap_score=0.03,0.0,0.0,2.225,2.225,
Chase Roberts,WR,BYU,0,2026,2,Bisi Johnson,Colorado State,0,2019,97.6,0.369,slap_score,draft_capital=0.02; production=0.00; slap_score=0.13,,,,,
Chase Roberts,WR,BYU,0,2026,3,Devaughn Vele,Utah,0,2024,97.2,0.404,draft_capital,draft_capital=0.18; production=0.12; slap_score=0.04,0.0,0.0,8.192308,8.192308,
Chase Roberts,WR,BYU,0,2026,4,John Ursua,Hawaii,0,2019,94.8,0.404,slap_score,draft_capital=0.16; production=0.06; slap_score=0.27,0.0,0.0,,,
Chase Roberts,WR,BYU,0,2026,5,Trey Quinn,SMU,0,2018,94.5,0.404,slap_score,draft_capital=0.12; production=0.10; slap_score=0.29,0.0,0.0,4.316667,4.316667,
Chase Roberts,WR,BYU,0,2026,6,Ryan Flournoy,SE Missouri St.,0,2024,94.1,0.369,draft_capital,draft_capital=0.39; production=0.00; slap_score=0.16,0.0,0.0,8.769231,8.769231,
Chase Roberts,WR,BYU,0,2026,7,Tommy Mellott,Montana State,0,2025,94.0,0.369,draft_capital,draft_capital=0.42; production=0.00; slap_score=0.13,,,,,
Chase Roberts,WR,BYU,0,2026,8,Colton Dowell,UT Martin,0,2023,93.3,0.404,slap_score,draft_capital=0.26; production=0.07; slap_score=0.33,0.0,0.0,,,
Chase Roberts,WR,BYU,0,2026,9,Konata Mumpfield,Pittsburgh,0,2025,93.1,0.404,slap_score,draft_capital=0.04; production=0.02; slap_score=0.39,,,,,
Chase Roberts,WR,BYU,0,2026,10,Devin Lucien,Arizona St.,0,2016,92.1,0.404,production,draft_capital=0.29; production=0.34; slap_score=0.31,0.0,0.0,,,
Tyler Brown,WR,Clemson,0,2026,1,Kaden Prather,Maryland,0,2025,98.4,0.404,draft_capital,draft_capital=0.13; production=0.01; slap_score=0.02,,,,,
Tyler Brown,WR,Clemson,0,2026,2,Bisi Johnson,Colorado State,0,2019,97.4,0.369,slap_score,draft_capital=0.03; production=0.00; slap_score=0.14,,,,,
Tyler Brown,WR,Clemson,0,2026,3,Tre Nixon,Central Florida,0,2021,95.1,0.438,production,draft_capital=0.09; production=0.34; slap_score=0.01,0.0,0.0,,,
Tyler Brown,WR,Clemson,0,2026,4,Tre McBride,William & Mary,0,2015,94.4,0.438,production,draft_capital=0.05; production=0.39; slap_score=0.08,0.0,0.0,,,
Tyler Brown,WR,Clemson,0,2026,5,Tahj Washington,USC,0,2024,94.2,0.438,production,draft_capital=0.11; production=0.36; slap_score=0.16,0.0,0.0,,,
Tyler Brown,WR,Clemson,0,2026,6,Charone Peake,Clemson,0,2016,94.0,0.438,production,draft_capital=0.11; production=0.38; slap_score=0.14,0.0,0.0,3.418182,3.418182,
Tyler Brown,WR,Clemson,0,2026,7,Jalen Brooks,South Carolina,0,2023,93.8,0.438,production,draft_capital=0.06; production=0.44; slap_score=0.05,0.0,0.0,2.975,2.975,
Tyler Brown,WR,Clemson,0,2026,8,Andre Debose,Florida,0,2015,93.7,0.438,draft_capital,draft_capital=0.37; production=0.22; slap_score=0.19,0.0,0.0,,,
Tyler Brown,WR,Clemson,0,2026,9,Ryan Flournoy,SE Missouri St.,0,2024,93.7,0.404,draft_capital,draft_capital=0.44; production=0.12; slap_score=0.16,0.0,0.0,8.769231,8.769231,
Tyler Brown,WR,Clemson,0,2026,10,Tommy Mellott,Montana State,0,2025,93.5,0.369,draft_capital,draft_capital=0.47; production=0.00; slap_score=0.12,,,,,
Jordan Dwyer,WR,TCU,0,2026,1,Bisi Johnson,Colorado State,0,2019,98.2,0.369,slap_score,draft_capital=0.03; production=0.00; slap_score=0.09,,,,,
Jordan Dwyer,WR,TCU,0,2026,2,Tre Nixon,Central Florida,0,2021,98.1,0.404,draft_capital,draft_capital=0.09; production=0.09; slap_score=0.06,0.0,0.0,,,
Jordan Dwyer,WR,TCU,0,2026,3,Kaden Prather,Maryland,0,2025,97.4,0.404,production,draft_capital=0.13; production=0.13; slap_score=0.06,,,,,
Jordan Dwyer,WR,TCU,0,2026,4,Tahj Washington,USC,0,2024,96.0,0.404,slap_score,draft_capital=0.11; production=0.10; slap_score=0.20,0.0,0.0,,,
Jordan Dwyer,WR,TCU,0,2026,5,Marcell Ateman,Oklahoma St.,0,2018,95.5,0.404,draft_capital,draft_capital=0.31; production=0.05; slap_score=0.12,0.0,0.0,,,
Jordan Dwyer,WR,TCU,0,2026,6,Tre McBride,William & Mary,0,2015,94.7,0.404,production,draft_capital=0.05; production=0.41; slap_score=0.03,0.0,0.0,,,
Jordan Dwyer,WR,TCU,0,2026,7,Charone Peake,Clemson,0,2016,94.4,0.404,production,draft_capital=0.11; production=0.35; slap_score=0.18,0.0,0.0,3.418182,3.418182,
Jordan Dwyer,WR,TCU,0,2026,8,K.J. Hill,Ohio St.,0,2020,93.6,0.404,draft_capital,draft_capital=0.38; production=0.13; slap_score=0.22,0.0,0.0,,,
Jordan Dwyer,WR,TCU,0,2026,9,Mike Strachan,Charleston (WV),0,2021,93.5,0.404,production,draft_capital=0.29; production=0.41; slap_score=0.09,0.0,0.0,,,
Jordan Dwyer,WR,TCU,0,2026,10,Ryan Flournoy,SE Missouri St.,0,2024,93.2,0.369,draft_capital,draft_capital=0.44; production=0.00; slap_score=0.20,0.0,0.0,8.769231,8.769231,
Griffin Wilde,WR,Northwestern,0,2026,1,Bisi Johnson,Colorado State,0,2019,98.2,0.369,slap_score,draft_capital=0.03; production=0.00; slap_score=0.09,,,,,
Griffin Wilde,WR,Northwestern,0,2026,2,Tommy Mellott,Montana State,0,2025,93.2,0.369,draft_capital,draft_capital=0.47; production=0.00; slap_score=0.17,,,,,
Griffin Wilde,WR,Northwestern,0,2026,3,Ryan Flournoy,SE Missouri St.,0,2024,92.8,0.404,draft_capital,draft_capital=0.44; production=0.24; slap_score=0.20,0.0,0.0,8.769231,8.769231,
Griffin Wilde,WR,Northwestern,0,2026,4,Daniel Braverman,Western Michigan,0,2016,92.7,0.438,slap_score,draft_capital=0.27; production=0.10; slap_score=0.38,0.0,0.0,,,
Griffin Wilde,WR,Northwestern,0,2026,5,Trey Quinn,SMU,0,2018,92.5,0.438,production,draft_capital=0.07; production=0.35; slap_score=0.33,0.0,0.0,4.316667,4.316667,
Griffin Wilde,WR,Northwestern,0,2026,6,John Ursua,Hawaii,0,2019,92.2,0.438,production,draft_capital=0.21; production=0.38; slap_score=0.30,0.0,0.0,,,
Griffin Wilde,WR,Northwestern,0,2026,7,Samori Toure,Nebraska,0,2022,92.0,0.438,production,draft_capital=0.09; production=0.56; slap_score=0.01,0.0,0.0,2.225,2.225,
Griffin Wilde,WR,Northwestern,0,2026,8,Devaughn Vele,Utah,0,2024,91.9,0.438,production,draft_capital=0.22; production=0.54; slap_score=0.00,0.0,0.0,8.192308,8.192308,
Griffin Wilde,WR,Northwestern,0,2026,9,Colton Dowell,UT Martin,0,2023,91.1,0.438,production,draft_capital=0.31; production=0.38; slap_score=0.37,0.0,0.0,,,
Griffin Wilde,WR,Northwestern,0,2026,10,Konata Mumpfield,Pittsburgh,0,2025,90.2,0.404,production,draft_capital=0.09; production=0.48; slap_score=0.43,,,,,
Jeff Caldwell,WR,Cincinnati,0,2026,1,Bisi Johnson,Colorado State,0,2019,98.5,0.369,slap_score,draft_capital=0.02; production=0.00; slap_score=0.08,,,,,
Jeff Caldwell,WR,Cincinnati,0,2026,2,Tre Nixon,Central Florida,0,2021,98.1,0.404,production,draft_capital=0.08; production=0.09; slap_score=0.07,0.0,0.0,,,
Jeff Caldwell,WR,Cincinnati,0,2026,3,Kaden Prather,Maryland,0,2025,97.9,0.404,draft_capital,draft_capital=0.12; production=0.04; slap_score=0.07,,,,,
Jeff Caldwell,WR,Cincinnati,0,2026,4,Tre McBride,William & Mary,0,2015,96.9,0.404,production,draft_capital=0.04; production=0.24; slap_score=0.02,0.0,0.0,,,
Jeff Caldwell,WR,Cincinnati,0,2026,5,Charone Peake,Clemson,0,2016,95.7,0.404,slap_score,draft_capital=0.10; production=0.17; slap_score=0.20,0.0,0.0,3.418182,3.418182,
Jeff Caldwell,WR,Cincinnati,0,2026,6,Mike Strachan,Charleston (WV),0,2021,95.1,0.404,draft_capital,draft_capital=0.28; production=0.24; slap_score=0.10,0.0,0.0,,,
Jeff Caldwell,WR,Cincinnati,0,2026,7,Marcell Ateman,Oklahoma St.,0,2018,94.7,0.404,draft_capital,draft_capital=0.30; production=0.23; slap_score=0.13,0.0,0.0,,,
Jeff Caldwell,WR,Cincinnati,0,2026,8,Tahj Washington,USC,0,2024,94.7,0.404,production,draft_capital=0.10; production=0.28; slap_score=0.21,0.0,0.0,,,
Jeff Caldwell,WR,Cincinnati,0,2026,9,Jalen Brooks,South Carolina,0,2023,94.2,0.404,production,draft_capital=0.05; production=0.46; slap_score=0.00,0.0,0.0,2.975,2.975,
Jeff Caldwell,WR,Cincinnati,0,2026,10,K.J. Hill,Ohio St.,0,2020,93.8,0.404,draft_capital,draft_capital=0.38; production=0.04; slap_score=0.23,0.0,0.0,,,
Kris Hutson,WR,Arizona,0,2026,1,Bisi Johnson,Colorado State,0,2019,99.0,0.369,slap_score,draft_capital=0.03; production=0.00; slap_score=0.05,,,,,
Kris Hutson,WR,Arizona,0,2026,2,Tre Nixon,Central Florida,0,2021,96.9,0.438,production,draft_capital=0.09; production=0.17; slap_score=0.10,0.0,0.0,,,
Kris Hutson,WR,Arizona,0,2026,3,Kaden Prather,Maryland,0,2025,96.2,0.404,production,draft_capital=0.13; production=0.23; slap_score=0.10,,,,,
Kris Hutson,WR,Arizona,0,2026,4,Marcell Ateman,Oklahoma St.,0,2018,95.4,0.473,draft_capital,draft_capital=0.31; production=0.07; slap_score=0.16,0.0,0.0,,,
Kris Hutson,WR,Arizona,0,2026,5,Tre McBride,William & Mary,0,2015,93.8,0.438,production,draft_capital=0.05; production=0.44; slap_score=0.01,0.0,0.0,,,
Kris Hutson,WR,Arizona,0,2026,6,Tahj Washington,USC,0,2024,93.4,0.473,production,draft_capital=0.11; production=0.34; slap_score=0.24,0.0,0.0,,,
Kris Hutson,WR,Arizona,0,2026,7,Samori Toure,Nebraska,0,2022,93.1,0.473,production,draft_capital=0.09; production=0.45; slap_score=0.05,0.0,0.0,2.225,2.225,
Kris Hutson,WR,Arizona,0,2026,8,K.J. Hill,Ohio St.,0,2020,93.0,0.438,draft_capital,draft_capital=0.38; production=0.21; slap_score=0.26,0.0,0.0,,,
Kris Hutson,WR,Arizona,0,2026,9,Tommy Mellott,Montana State,0,2025,92.8,0.369,draft_capital,draft_capital=0.47; production=0.00; slap_score=0.21,,,,,
Kris Hutson,WR,Arizona,0,2026,10,Ryan Flournoy,SE Missouri St.,0,2024,92.7,0.404,draft_capital,draft_capital=0.44; production=0.19; slap_score=0.24,0.0,0.0,8.769231,8.769231,
Nick DeGennaro,WR,James Madison,0,2026,1,Bisi Johnson,Colorado State,0,2019,98.9,0.369,slap_score,draft_capital=0.03; production=0.00; slap_score=0.06,,,,,
Nick DeGennaro,WR,James Madison,0,2026,2,Tre McBride,William & Mary,0,2015,98.0,0.438,production,draft_capital=0.05; production=0.14; slap_score=0.01,0.0,0.0,,,
Nick DeGennaro,WR,James Madison,0,2026,3,Tre Nixon,Central Florida,0,2021,97.2,0.438,production,draft_capital=0.09; production=0.15; slap_score=0.09,0.0,0.0,,,
Nick DeGennaro,WR,James Madison,0,2026,4,Kaden Prather,Maryland,0,2025,97.2,0.404,draft_capital,draft_capital=0.13; production=0.12; slap_score=0.10,,,,,
Nick DeGennaro,WR,James Madison,0,2026,5,Charone Peake,Clemson,0,2016,95.9,0.438,slap_score,draft_capital=0.11; production=0.08; slap_score=0.22,0.0,0.0,3.418182,3.418182,
Nick DeGennaro,WR,James Madison,0,2026,6,Mike Strachan,Charleston (WV),0,2021,95.5,0.438,draft_capital,draft_capital=0.29; production=0.14; slap_score=0.13,0.0,0.0,,,
Nick DeGennaro,WR,James Madison,0,2026,7,Jalen Brooks,South Carolina,0,2023,94.4,0.438,production,draft_capital=0.06; production=0.39; slap_score=0.03,0.0,0.0,2.975,2.975,
Nick DeGennaro,WR,James Madison,0,2026,8,Marcell Ateman,Oklahoma St.,0,2018,94.1,0.438,draft_capital,draft_capital=0.31; production=0.27; slap_score=0.16,0.0,0.0,,,
Nick DeGennaro,WR,James Madison,0,2026,9,Austin Proehl,North Carolina,0,2018,93.9,0.438,production,draft_capital=0.05; production=0.41; slap_score=0.12,0.0,0.0,,,
Nick DeGennaro,WR,James Madison,0,2026,10,Tahj Washington,USC,0,2024,93.9,0.438,production,draft_capital=0.11; production=0.31; slap_score=0.24,0.0,0.0,,,
Jordan Hudson,WR,SMU,0,2026,1,Bisi Johnson,Colorado State,0,2019,98.2,0.369,draft_capital,draft_capital=0.13; production=0.00; slap_score=0.01,,,,,
Jordan Hudson,WR,SMU,0,2026,2,Tre Nixon,Central Florida,0,2021,96.1,0.438,draft_capital,draft_capital=0.19; production=0.11; slap_score=0.16,0.0,0.0,,,
Jordan Hudson,WR,SMU,0,2026,3,Kaden Prather,Maryland,0,2025,95.4,0.404,draft_capital,draft_capital=0.23; production=0.17; slap_score=0.17,,,,,
Jordan Hudson,WR,SMU,0,2026,4,Tre McBride,William & Mary,0,2015,94.1,0.438,production,draft_capital=0.15; production=0.39; slap_score=0.07,0.0,0.0,,,
Jordan Hudson,WR,SMU,0,2026,5,Tahj Washington,USC,0,2024,92.4,0.473,production,draft_capital=0.22; production=0.35; slap_score=0.31,0.0,0.0,,,
Jordan Hudson,WR,SMU,0,2026,6,Mike Strachan,Charleston (WV),0,2021,92.1,0.438,draft_capital,draft_capital=0.39; production=0.39; slap_score=0.20,0.0,0.0,,,
Jordan Hudson,WR,SMU,0,2026,7,K.J. Hill,Ohio St.,0,2020,91.7,0.438,draft_capital,draft_capital=0.49; production=0.15; slap_score=0.32,0.0,0.0,,,
Jordan Hudson,WR,SMU,0,2026,8,Charone Peake,Clemson,0,2016,91.3,0.473,production,draft_capital=0.22; production=0.45; slap_score=0.29,0.0,0.0,3.418182,3.418182,
Jordan Hudson,WR,SMU,0,2026,9,Andre Debose,Florida,0,2015,91.0,0.438,draft_capital,draft_capital=0.47; production=0.28; slap_score=0.35,0.0,0.0,,,
Jordan Hudson,WR,SMU,0,2026,10,Devin Fuller,UCLA,0,2016,91.0,0.473,slap_score,draft_capital=0.28; production=0.19; slap_score=0.49,0.0,0.0,,,
Jaron Glover,WR,Mississippi State,0,2026,1,Bisi Johnson,Colorado State,0,2019,99.6,0.369,draft_capital,draft_capital=0.03; production=0.00; slap_score=0.01,,,,,
Jaron Glover,WR,Mississippi State,0,2026,2,Jalen Brooks,South Carolina,0,2023,98.1,0.404,slap_score,draft_capital=0.06; production=0.06; slap_score=0.09,0.0,0.0,2.975,2.975,
Jaron Glover,WR,Mississippi State,0,2026,3,Tre McBride,William & Mary,0,2015,97.5,0.404,production,draft_capital=0.05; production=0.16; slap_score=0.07,0.0,0.0,,,
Jaron Glover,WR,Mississippi State,0,2026,4,Austin Proehl,North Carolina,0,2018,96.2,0.404,slap_score,draft_capital=0.05; production=0.16; slap_score=0.18,0.0,0.0,,,
Jaron Glover,WR,Mississippi State,0,2026,5,Mike Strachan,Charleston (WV),0,2021,94.7,0.404,draft_capital,draft_capital=0.29; production=0.16; slap_score=0.19,0.0,0.0,,,
Jaron Glover,WR,Mississippi State,0,2026,6,Charone Peake,Clemson,0,2016,94.1,0.404,slap_score,draft_capital=0.11; production=0.23; slap_score=0.28,0.0,0.0,3.418182,3.418182,
Jaron Glover,WR,Mississippi State,0,2026,7,Richie James,Middle Tenn. St.,0,2018,93.6,0.404,slap_score,draft_capital=0.13; production=0.02; slap_score=0.35,0.0,0.0,9.892857,,
Jaron Glover,WR,Mississippi State,0,2026,8,Kaden Prather,Maryland,0,2025,93.5,0.404,production,draft_capital=0.13; production=0.44; slap_score=0.16,,,,,
Jaron Glover,WR,Mississippi State,0,2026,9,Tre Nixon,Central Florida,0,2021,93.2,0.404,production,draft_capital=0.09; production=0.49; slap_score=0.16,0.0,0.0,,,
Jaron Glover,WR,Mississippi State,0,2026,10,Tommy Mellott,Montana State,0,2025,92.2,0.369,draft_capital,draft_capital=0.47; production=0.00; slap_score=0.27,,,,,
Ja'Varrius Johnson,WR,UCF,0,2026,1,Bisi Johnson,Colorado State,0,2019,86.3,0.369,slap_score,draft_capital=0.13; production=0.00; slap_score=0.74,,,,,
Ja'Varrius Johnson,WR,UCF,0,2026,2,Tre Nixon,Central Florida,0,2021,82.9,0.404,slap_score,draft_capital=0.19; production=0.51; slap_score=0.89,0.0,0.0,,,
Ja'Varrius Johnson,WR,UCF,0,2026,3,Kaden Prather,Maryland,0,2025,82.5,0.404,slap_score,draft_capital=0.23; production=0.56; slap_score=0.89,,,,,
Ja'Varrius Johnson,WR,UCF,0,2026,4,Tre McBride,William & Mary,0,2015,82.3,0.404,production,draft_capital=0.15; production=0.83; slap_score=0.80,0.0,0.0,,,
Ja'Varrius Johnson,WR,UCF,0,2026,5,Samori Toure,Nebraska,0,2022,82.1,0.438,slap_score,draft_capital=0.01; production=0.78; slap_score=0.84,0.0,0.0,2.225,2.225,
Ja'Varrius Johnson,WR,UCF,0,2026,6,Tahj Washington,USC,0,2024,81.2,0.438,slap_score,draft_capital=0.22; production=0.47; slap_score=1.03,0.0,0.0,,,
Ja'Varrius Johnson,WR,UCF,0,2026,7,Jalen Brooks,South Carolina,0,2023,80.2,0.404,production,draft_capital=0.17; production=1.05; slap_score=0.82,0.0,0.0,2.975,2.975,
Ja'Varrius Johnson,WR,UCF,0,2026,8,Tommy Mellott,Montana State,0,2025,80.2,0.369,slap_score,draft_capital=0.57; production=0.00; slap_score=1.00,,,,,
Ja'Varrius Johnson,WR,UCF,0,2026,9,Mike Strachan,Charleston (WV),0,2021,80.0,0.404,slap_score,draft_capital=0.39; production=0.83; slap_score=0.92,0.0,0.0,,,
Ja'Varrius Johnson,WR,UCF,0,2026,10,Trey Quinn,SMU,0,2018,79.9,0.438,slap_score,draft_capital=0.03; production=0.31; slap_score=1.16,0.0,0.0,4.316667,4.316667,
Ja'Mori Maclin,WR,Kentucky,0,2026,1,Bisi Johnson,Colorado State,0,2019,85.5,0.369,slap_score,draft_capital=0.13; production=0.00; slap_score=0.79,,,,,
Ja'Mori Maclin,WR,Kentucky,0,2026,2,Tre McBride,William & Mary,0,2015,84.3,0.404,slap_score,draft_capital=0.15; production=0.36; slap_score=0.85,0.0,0.0,,,
Ja'Mori Maclin,WR,Kentucky,0,2026,3,Tre Nixon,Central Florida,0,2021,83.3,0.404,slap_score,draft_capital=0.19; production=0.03; slap_score=0.94,0.0,0.0,,,
Ja'Mori Maclin,WR,Kentucky,0,2026,4,Kaden Prather,Maryland,0,2025,83.2,0.404,slap_score,draft_capital=0.23; production=0.08; slap_score=0.94,,,,,
Ja'Mori Maclin,WR,Kentucky,0,2026,5,Jalen Brooks,South Carolina,0,2023,82.9,0.404,slap_score,draft_capital=0.17; production=0.58; slap_score=0.87,0.0,0.0,2.975,2.975,
Ja'Mori Maclin,WR,Kentucky,0,2026,6,Mike Strachan,Charleston (WV),0,2021,81.7,0.404,slap_score,draft_capital=0.39; production=0.36; slap_score=0.97,0.0,0.0,,,
Ja'Mori Maclin,WR,Kentucky,0,2026,7,Austin Proehl,North Carolina,0,2018,81.1,0.438,slap_score,draft_capital=0.05; production=0.70; slap_score=0.96,0.0,0.0,,,
Ja'Mori Maclin,WR,Kentucky,0,2026,8,Charone Peake,Clemson,0,2016,80.8,0.438,slap_score,draft_capital=0.22; production=0.46; slap_score=1.06,0.0,0.0,3.418182,3.418182,
Ja'Mori Maclin,WR,Kentucky,0,2026,9,Tahj Washington,USC,0,2024,80.7,0.438,slap_score,draft_capital=0.22; production=0.40; slap_score=1.08,0.0,0.0,,,
Ja'Mori Maclin,WR,Kentucky,0,2026,10,Samori Toure,Nebraska,0,2022,79.9,0.438,production,draft_capital=0.01; production=0.96; slap_score=0.89,0.0,0.0,2.225,2.225,
Kobe Prentice,WR,Baylor,0,2026,1,Tre McBride,William & Mary,0,2015,77.1,0.404,production,draft_capital=0.15; production=1.28; slap_score=0.91,0.0,0.0,,,
Kobe Prentice,WR,Baylor,0,2026,2,Bisi Johnson,Colorado State,0,2019,76.9,0.369,production,draft_capital=0.13; production=1.57; slap_score=0.85,,,,,
Kobe Prentice,WR,Baylor,0,2026,3,Jalen Brooks,South Carolina,0,2023,76.6,0.404,production,draft_capital=0.17; production=1.30; slap_score=0.93,0.0,0.0,2.975,2.975,
Kobe Prentice,WR,Baylor,0,2026,4,Tre Nixon,Central Florida,0,2021,75.7,0.404,production,draft_capital=0.19; production=1.31; slap_score=1.00,0.0,0.0,,,
Kobe Prentice,WR,Baylor,0,2026,5,Kaden Prather,Maryland,0,2025,75.7,0.404,production,draft_capital=0.23; production=1.30; slap_score=1.00,,,,,
Kobe Prentice,WR,Baylor,0,2026,6,Austin Proehl,North Carolina,0,2018,75.4,0.404,production,draft_capital=0.05; production=1.33; slap_score=1.02,0.0,0.0,,,
Kobe Prentice,WR,Baylor,0,2026,7,Mike Strachan,Charleston (WV),0,2021,75.2,0.404,production,draft_capital=0.39; production=1.28; slap_score=1.03,0.0,0.0,,,
Kobe Prentice,WR,Baylor,0,2026,8,Charone Peake,Clemson,0,2016,74.3,0.404,production,draft_capital=0.22; production=1.28; slap_score=1.13,0.0,0.0,3.418182,3.418182,
Kobe Prentice,WR,Baylor,0,2026,9,Marcell Ateman,Oklahoma St.,0,2018,74.1,0.404,production,draft_capital=0.42; production=1.35; slap_score=1.06,0.0,0.0,,,
Kobe Prentice,WR,Baylor,0,2026,10,Devaughn Vele,Utah,0,2024,73.7,0.404,production,draft_capital=0.33; production=1.58; slap_score=0.94,0.0,0.0,8.192308,8.192308,
Noah Thomas,WR,Georgia,0,2026,1,Tre McBride,William & Mary,0,2015,78.9,0.404,production,draft_capital=0.15; production=1.28; slap_score=0.76,0.0,0.0,,,
Noah Thomas,WR,Georgia,0,2026,2,Bisi Johnson,Colorado State,0,2019,78.7,0.369,production,draft_capital=0.13; production=1.57; slap_score=0.70,,,,,
Noah Thomas,WR,Georgia,0,2026,3,Jalen Brooks,South Carolina,0,2023,78.6,0.404,production,draft_capital=0.17; production=1.28; slap_score=0.78,0.0,0.0,2.975,2.975,
Noah Thomas,WR,Georgia,0,2026,4,Austin Proehl,North Carolina,0,2018,77.6,0.404,production,draft_capital=0.05; production=1.29; slap_score=0.87,0.0,0.0,,,
Noah Thomas,WR,Georgia,0,2026,5,Kaden Prather,Maryland,0,2025,77.2,0.404,production,draft_capital=0.23; production=1.34; slap_score=0.85,,,,,
Noah Thomas,WR,Georgia,0,2026,6,Tre Nixon,Central Florida,0,2021,77.1,0.404,production,draft_capital=0.19; production=1.35; slap_score=0.85,0.0,0.0,,,
Noah Thomas,WR,Georgia,0,2026,7,Mike Strachan,Charleston (WV),0,2021,77.0,0.404,production,draft_capital=0.39; production=1.28; slap_score=0.88,0.0,0.0,,,
Noah Thomas,WR,Georgia,0,2026,8,Charone Peake,Clemson,0,2016,76.2,0.404,production,draft_capital=0.22; production=1.29; slap_score=0.97,0.0,0.0,3.418182,3.418182,
Noah Thomas,WR,Georgia,0,2026,9,Dezmon Patmon,Washington St.,0,2020,75.7,0.404,slap_score,draft_capital=0.59; production=0.15; slap_score=1.31,0.0,0.0,,,
Noah Thomas,WR,Georgia,0,2026,10,Marcell Ateman,Oklahoma St.,0,2018,75.5,0.404,production,draft_capital=0.42; production=1.41; slap_score=0.91,0.0,0.0,,,
Ayden Williams,WR,Mississippi State,0,2026,1,Tre McBride,William & Mary,0,2015,76.6,0.404,production,draft_capital=0.15; production=1.29; slap_score=0.95,0.0,0.0,,,
Ayden Williams,WR,Mississippi State,0,2026,2,Bisi Johnson,Colorado State,0,2019,76.5,0.369,production,draft_capital=0.13; production=1.57; slap_score=0.88,,,,,
Ayden Williams,WR,Mississippi State,0,2026,3,Jalen Brooks,South Carolina,0,2023,76.4,0.404,production,draft_capital=0.17; production=1.28; slap_score=0.97,0.0,0.0,2.975,2.975,
Ayden Williams,WR,Mississippi State,0,2026,4,Austin Proehl,North Carolina,0,2018,75.2,0.404,production,draft_capital=0.05; production=1.29; slap_score=1.06,0.0,0.0,,,
Ayden Williams,WR,Mississippi State,0,2026,5,Tre Nixon,Central Florida,0,2021,74.8,0.404,production,draft_capital=0.19; production=1.36; slap_score=1.04,0.0,0.0,,,
Ayden Williams,WR,Mississippi State,0,2026,6,Kaden Prather,Maryland,0,2025,74.8,0.404,production,draft_capital=0.23; production=1.35; slap_score=1.04,,,,,
Ayden Williams,WR,Mississippi State,0,2026,7,Mike Strachan,Charleston (WV),0,2021,74.6,0.404,production,draft_capital=0.39; production=1.29; slap_score=1.07,0.0,0.0,,,
Ayden Williams,WR,Mississippi State,0,2026,8,Charone Peake,Clemson,0,2016,73.7,0.404,production,draft_capital=0.22; production=1.29; slap_score=1.16,0.0,0.0,3.418182,3.418182,
Ayden Williams,WR,Mississippi State,0,2026,9,Marcell Ateman,Oklahoma St.,0,2018,73.1,0.404,production,draft_capital=0.42; production=1.42; slap_score=1.10,0.0,0.0,,,
Ayden Williams,WR,Mississippi State,0,2026,10,Richie James,Middle Tenn. St.,0,2018,72.9,0.404,production,draft_capital=0.23; production=1.28; slap_score=1.23,0.0,0.0,9.892857,,
Braylin Presley,WR,Tulsa,0,2026,1,Bisi Johnson,Colorado State,0,2019,76.3,0.369,production,draft_capital=0.13; production=1.57; slap_score=0.90,,,,,
Braylin Presley,WR,Tulsa,0,2026,2,Jalen Brooks,South Carolina,0,2023,74.5,0.438,production,draft_capital=0.17; production=1.37; slap_score=0.98,0.0,0.0,2.975,2.975,
Braylin Presley,WR,Tulsa,0,2026,3,Kaden Prather,Maryland,0,2025,73.3,0.404,production,draft_capital=0.23; production=1.50; slap_score=1.05,,,,,
Braylin Presley,WR,Tulsa,0,2026,4,Tre McBride,William & Mary,0,2015,72.8,0.438,production,draft_capital=0.15; production=1.55; slap_score=0.96,0.0,0.0,,,
Braylin Presley,WR,Tulsa,0,2026,5,Austin Proehl,North Carolina,0,2018,72.1,0.438,production,draft_capital=0.05; production=1.51; slap_score=1.07,0.0,0.0,,,
Braylin Presley,WR,Tulsa,0,2026,6,Tommy Mellott,Montana State,0,2025,71.8,0.369,production,draft_capital=0.57; production=1.57; slap_score=1.16,,,,,
Braylin Presley,WR,Tulsa,0,2026,7,Richie James,Middle Tenn. St.,0,2018,71.5,0.438,production,draft_capital=0.23; production=1.36; slap_score=1.24,0.0,0.0,9.892857,,
Braylin Presley,WR,Tulsa,0,2026,8,Mike Strachan,Charleston (WV),0,2021,71.0,0.438,production,draft_capital=0.39; production=1.57; slap_score=1.08,0.0,0.0,,,
Braylin Presley,WR,Tulsa,0,2026,9,Tre Nixon,Central Florida,0,2021,70.6,0.438,production,draft_capital=0.19; production=1.67; slap_score=1.05,0.0,0.0,,,
Braylin Presley,WR,Tulsa,0,2026,10,Ryan Flournoy,SE Missouri St.,0,2024,70.3,0.404,production,draft_capital=0.54; production=1.57; slap_score=1.19,0.0,0.0,8.769231,8.769231,
Emmanuel Henderson,WR,Kansas,0,2026,1,Bisi Johnson,Colorado State,0,2019,91.7,0.369,slap_score,draft_capital=0.13; production=0.00; slap_score=0.44,,,,,
Emmanuel Henderson,WR,Kansas,0,2026,2,Tre Nixon,Central Florida,0,2021,89.0,0.438,slap_score,draft_capital=0.19; production=0.29; slap_score=0.59,0.0,0.0,,,
Emmanuel Henderson,WR,Kansas,0,2026,3,Samori Toure,Nebraska,0,2022,88.4,0.473,slap_score,draft_capital=0.01; production=0.49; slap_score=0.54,0.0,0.0,2.225,2.225,
Emmanuel Henderson,WR,Kansas,0,2026,4,Tre McBride,William & Mary,0,2015,88.2,0.438,production,draft_capital=0.15; production=0.56; slap_score=0.50,0.0,0.0,,,
Emmanuel Henderson,WR,Kansas,0,2026,5,Kaden Prather,Maryland,0,2025,88.1,0.404,slap_score,draft_capital=0.23; production=0.37; slap_score=0.60,,,,,
Emmanuel Henderson,WR,Kansas,0,2026,6,Tahj Washington,USC,0,2024,87.7,0.473,slap_score,draft_capital=0.22; production=0.11; slap_score=0.74,0.0,0.0,,,
Emmanuel Henderson,WR,Kansas,0,2026,7,Marcell Ateman,Oklahoma St.,0,2018,87.0,0.473,slap_score,draft_capital=0.42; production=0.38; slap_score=0.66,0.0,0.0,,,
Emmanuel Henderson,WR,Kansas,0,2026,8,Charone Peake,Clemson,0,2016,86.2,0.473,slap_score,draft_capital=0.22; production=0.46; slap_score=0.72,0.0,0.0,3.418182,3.418182,
Emmanuel Henderson,WR,Kansas,0,2026,9,Mike Strachan,Charleston (WV),0,2021,86.0,0.438,slap_score,draft_capital=0.39; production=0.57; slap_score=0.63,0.0,0.0,,,
Emmanuel Henderson,WR,Kansas,0,2026,10,Jalen Brooks,South Carolina,0,2023,85.9,0.438,production,draft_capital=0.17; production=0.77; slap_score=0.53,0.0,0.0,2.975,2.975,
Antonio Gates Jr.,WR,Delaware State,0,2026,1,Bisi Johnson,Colorado State,0,2019,75.5,0.369,production,draft_capital=0.13; production=1.57; slap_score=0.96,,,,,
Antonio Gates Jr.,WR,Delaware State,0,2026,2,Jalen Brooks,South Carolina,0,2023,75.1,0.404,production,draft_capital=0.17; production=1.31; slap_score=1.04,0.0,0.0,2.975,2.975,
Antonio Gates Jr.,WR,Delaware State,0,2026,3,Tre McBride,William & Mary,0,2015,74.9,0.404,production,draft_capital=0.15; production=1.38; slap_score=1.02,0.0,0.0,,,
Antonio Gates Jr.,WR,Delaware State,0,2026,4,Austin Proehl,North Carolina,0,2018,74.2,0.404,production,draft_capital=0.05; production=1.29; slap_score=1.13,0.0,0.0,,,
Antonio Gates Jr.,WR,Delaware State,0,2026,5,Mike Strachan,Charleston (WV),0,2021,72.9,0.404,production,draft_capital=0.39; production=1.38; slap_score=1.14,0.0,0.0,,,
Antonio Gates Jr.,WR,Delaware State,0,2026,6,Kaden Prather,Maryland,0,2025,72.5,0.404,production,draft_capital=0.23; production=1.50; slap_score=1.11,,,,,
Antonio Gates Jr.,WR,Delaware State,0,2026,7,Tre Nixon,Central Florida,0,2021,72.4,0.404,production,draft_capital=0.19; production=1.53; slap_score=1.11,0.0,0.0,,,
Antonio Gates Jr.,WR,Delaware State,0,2026,8,Charone Peake,Clemson,0,2016,71.8,0.404,production,draft_capital=0.22; production=1.40; slap_score=1.24,0.0,0.0,3.418182,3.418182,
Antonio Gates Jr.,WR,Delaware State,0,2026,9,Richie James,Middle Tenn. St.,0,2018,71.5,0.404,production,draft_capital=0.23; production=1.32; slap_score=1.30,0.0,0.0,9.892857,,
Antonio Gates Jr.,WR,Delaware State,0,2026,10,Jordan Whittington,Texas,0,2024,71.3,0.404,production,draft_capital=0.57; production=1.35; slap_score=1.25,0.0,0.0,2.792308,2.792308,
Raymond Cottrell,WR,West Alabama,0,2026,1,Bisi Johnson,Colorado State,0,2019,75.0,0.369,production,draft_capital=0.13; production=1.57; slap_score=0.99,,,,,
Raymond Cottrell,WR,West Alabama,0,2026,2,Jalen Brooks,South Carolina,0,2023,74.3,0.404,production,draft_capital=0.17; production=1.36; slap_score=1.08,0.0,0.0,2.975,2.975,
Raymond Cottrell,WR,West Alabama,0,2026,3,Tre McBride,William & Mary,0,2015,73.8,0.404,production,draft_capital=0.15; production=1.45; slap_score=1.06,0.0,0.0,,,
Raymond Cottrell,WR,West Alabama,0,2026,4,Austin Proehl,North Carolina,0,2018,73.4,0.404,production,draft_capital=0.05; production=1.33; slap_score=1.17,0.0,0.0,,,
Raymond Cottrell,WR,West Alabama,0,2026,5,Mike Strachan,Charleston (WV),0,2021,71.8,0.404,production,draft_capital=0.39; production=1.45; slap_score=1.18,0.0,0.0,,,
Raymond Cottrell,WR,West Alabama,0,2026,6,Kaden Prather,Maryland,0,2025,71.2,0.404,production,draft_capital=0.23; production=1.60; slap_score=1.15,,,,,
Raymond Cottrell,WR,West Alabama,0,2026,7,Tre Nixon,Central Florida,0,2021,71.0,0.404,production,draft_capital=0.19; production=1.63; slap_score=1.14,0.0,0.0,,,
Raymond Cottrell,WR,West Alabama,0,2026,8,Charone Peake,Clemson,0,2016,70.7,0.404,production,draft_capital=0.22; production=1.48; slap_score=1.27,0.0,0.0,3.418182,3.418182,
Raymond Cottrell,WR,West Alabama,0,2026,9,Richie James,Middle Tenn. St.,0,2018,70.6,0.404,production,draft_capital=0.23; production=1.37; slap_score=1.34,0.0,0.0,9.892857,,
Raymond Cottrell,WR,West Alabama,0,2026,10,Tommy Mellott,Montana State,0,2025,70.4,0.369,production,draft_capital=0.57; production=1.57; slap_score=1.25,,,,,
Dane Key,WR,Nebraska,0,2026,1,Bisi Johnson,Colorado State,0,2019,97.8,0.369,draft_capital,draft_capital=0.13; production=0.00; slap_score=0.08,,,,,
Dane Key,WR,Nebraska,0,2026,2,Tre McBride,William & Mary,0,2015,95.5,0.404,production,draft_capital=0.15; production=0.25; slap_score=0.14,0.0,0.0,,,
Dane Key,WR,Nebraska,0,2026,3,Tre Nixon,Central Florida,0,2021,95.2,0.404,slap_score,draft_capital=0.19; production=0.07; slap_score=0.23,0.0,0.0,,,
Dane Key,WR,Nebraska,0,2026,4,Kaden Prather,Maryland,0,2025,95.0,0.404,draft_capital,draft_capital=0.23; production=0.02; slap_score=0.23,,,,,
Dane Key,WR,Nebraska,0,2026,5,Jalen Brooks,South Carolina,0,2023,93.0,0.404,production,draft_capital=0.17; production=0.47; slap_score=0.16,0.0,0.0,2.975,2.975,
Dane Key,WR,Nebraska,0,2026,6,Charone Peake,Clemson,0,2016,92.8,0.404,slap_score,draft_capital=0.22; production=0.19; slap_score=0.35,0.0,0.0,3.418182,3.418182,
Dane Key,WR,Nebraska,0,2026,7,Mike Strachan,Charleston (WV),0,2021,92.6,0.404,draft_capital,draft_capital=0.39; production=0.25; slap_score=0.26,0.0,0.0,,,
Dane Key,WR,Nebraska,0,2026,8,Marcell Ateman,Oklahoma St.,0,2018,92.2,0.404,draft_capital,draft_capital=0.42; production=0.21; slap_score=0.29,0.0,0.0,,,
Dane Key,WR,Nebraska,0,2026,9,Tahj Washington,USC,0,2024,92.2,0.404,slap_score,draft_capital=0.22; production=0.26; slap_score=0.37,0.0,0.0,,,
Dane Key,WR,Nebraska,0,2026,10,Austin Proehl,North Carolina,0,2018,91.5,0.404,production,draft_capital=0.05; production=0.57; slap_score=0.25,0.0,0.0,,,
Nathan Leacock,WR,North Carolina,0,2026,1,Bisi Johnson,Colorado State,0,2019,74.8,0.369,production,draft_capital=0.13; production=1.57; slap_score=1.01,,,,,
Nathan Leacock,WR,North Carolina,0,2026,2,Jalen Brooks,South Carolina,0,2023,74.8,0.438,production,draft_capital=0.17; production=1.22; slap_score=1.09,0.0,0.0,2.975,2.975,
Nathan Leacock,WR,North Carolina,0,2026,3,Tre McBride,William & Mary,0,2015,74.4,0.438,production,draft_capital=0.15; production=1.29; slap_score=1.07,0.0,0.0,,,
Nathan Leacock,WR,North Carolina,0,2026,4,Austin Proehl,North Carolina,0,2018,74.2,0.438,slap_score,draft_capital=0.05; production=1.17; slap_score=1.18,0.0,0.0,,,
Nathan Leacock,WR,North Carolina,0,2026,5,Mike Strachan,Charleston (WV),0,2021,72.5,0.438,production,draft_capital=0.39; production=1.29; slap_score=1.19,0.0,0.0,,,
Nathan Leacock,WR,North Carolina,0,2026,6,Tre Nixon,Central Florida,0,2021,71.7,0.438,production,draft_capital=0.19; production=1.45; slap_score=1.16,0.0,0.0,,,
Nathan Leacock,WR,North Carolina,0,2026,7,Charone Peake,Clemson,0,2016,71.4,0.438,production,draft_capital=0.22; production=1.32; slap_score=1.28,0.0,0.0,3.418182,3.418182,
Nathan Leacock,WR,North Carolina,0,2026,8,Richie James,Middle Tenn. St.,0,2018,71.2,0.438,slap_score,draft_capital=0.23; production=1.24; slap_score=1.35,0.0,0.0,9.892857,,
Nathan Leacock,WR,North Carolina,0,2026,9,Jordan Whittington,Texas,0,2024,71.1,0.438,slap_score,draft_capital=0.57; production=1.25; slap_score=1.30,0.0,0.0,2.792308,2.792308,
Nathan Leacock,WR,North Carolina,0,2026,10,Racey McMath,LSU,0,2021,71.0,0.438,slap_score,draft_capital=0.72; production=0.38; slap_score=1.61,0.0,0.0,,,
Ryan Niblett,WR,Texas,0,2026,1,Bisi Johnson,Colorado State,0,2019,74.8,0.369,production,draft_capital=0.13; production=1.57; slap_score=1.01,,,,,
Ryan Niblett,WR,Texas,0,2026,2,Jalen Brooks,South Carolina,0,2023,74.8,0.438,production,draft_capital=0.17; production=1.22; slap_score=1.09,0.0,0.0,2.975,2.975,
Ryan Niblett,WR,Texas,0,2026,3,Tre McBride,William & Mary,0,2015,74.3,0.438,production,draft_capital=0.15; production=1.29; slap_score=1.07,0.0,0.0,,,
Ryan Niblett,WR,Texas,0,2026,4,Austin Proehl,North Carolina,0,2018,74.1,0.438,slap_score,draft_capital=0.05; production=1.18; slap_score=1.18,0.0,0.0,,,
Ryan Niblett,WR,Texas,0,2026,5,Mike Strachan,Charleston (WV),0,2021,72.4,0.438,production,draft_capital=0.39; production=1.29; slap_score=1.19,0.0,0.0,,,
Ryan Niblett,WR,Texas,0,2026,6,Tre Nixon,Central Florida,0,2021,71.6,0.438,production,draft_capital=0.19; production=1.46; slap_score=1.16,0.0,0.0,,,
Ryan Niblett,WR,Texas,0,2026,7,Charone Peake,Clemson,0,2016,71.3,0.438,production,draft_capital=0.22; production=1.32; slap_score=1.29,0.0,0.0,3.418182,3.418182,
Ryan Niblett,WR,Texas,0,2026,8,Richie James,Middle Tenn. St.,0,2018,71.2,0.438,slap_score,draft_capital=0.23; production=1.23; slap_score=1.35,0.0,0.0,9.892857,,
Ryan Niblett,WR,Texas,0,2026,9,Racey McMath,LSU,0,2021,71.0,0.438,slap_score,draft_capital=0.72; production=0.40; slap_score=1.61,0.0,0.0,,,
Ryan Niblett,WR,Texas,0,2026,10,Ryan Flournoy,SE Missouri St.,0,2024,71.0,0.404,slap_score,draft_capital=0.54; production=1.29; slap_score=1.30,0.0,0.0,8.769231,8.769231,
Squirrel White,WR,Florida State,0,2026,1,Bisi Johnson,Colorado State,0,2019,74.8,0.369,production,draft_capital=0.13; production=1.57; slap_score=1.01,,,,,
Squirrel White,WR,Florida State,0,2026,2,Jalen Brooks,South Carolina,0,2023,74.7,0.438,production,draft_capital=0.17; production=1.22; slap_score=1.09,0.0,0.0,2.975,2.975,
Squirrel White,WR,Florida State,0,2026,3,Tre McBride,William & Mary,0,2015,74.3,0.438,production,draft_capital=0.15; production=1.29; slap_score=1.07,0.0,0.0,,,
Squirrel White,WR,Florida State,0,2026,4,Austin Proehl,North Carolina,0,2018,74.1,0.438,slap_score,draft_capital=0.05; production=1.17; slap_score=1.18,0.0,0.0,,,
Squirrel White,WR,Florida State,0,2026,5,Mike Strachan,Charleston (WV),0,2021,72.5,0.438,production,draft_capital=0.39; production=1.29; slap_score=1.19,0.0,0.0,,,
Squirrel White,WR,Florida State,0,2026,6,Tre Nixon,Central Florida,0,2021,71.6,0.438,production,draft_capital=0.19; production=1.46; slap_score=1.16,0.0,0.0,,,
Squirrel White,WR,Florida State,0,2026,7,Charone Peake,Clemson,0,2016,71.3,0.438,production,draft_capital=0.22; production=1.32; slap_score=1.29,0.0,0.0,3.418182,3.418182,
Squirrel White,WR,Florida State,0,2026,8,Richie James,Middle Tenn. St.,0,2018,71.1,0.438,slap_score,draft_capital=0.23; production=1.24; slap_score=1.35,0.0,0.0,9.892857,,
Squirrel White,WR,Florida State,0,2026,9,Racey McMath,LSU,0,2021,71.0,0.438,slap_score,draft_capital=0.72; production=0.39; slap_score=1.61,0.0,0.0,,,
Squirrel White,WR,Florida State,0,2026,10,Jordan Whittington,Texas,0,2024,71.0,0.438,slap_score,draft_capital=0.57; production=1.26; slap_score=1.30,0.0,0.0,2.792308,2.792308,
Braylon James,WR,TCU,0,2026,1,Bisi Johnson,Colorado State,0,2019,74.7,0.369,production,draft_capital=0.13; production=1.57; slap_score=1.02,,,,,
Braylon James,WR,TCU,0,2026,2,Jalen Brooks,South Carolina,0,2023,73.6,0.404,production,draft_capital=0.17; production=1.41; slap_score=1.10,0.0,0.0,2.975,2.975,
Braylon James,WR,TCU,0,2026,3,Tre McBride,William & Mary,0,2015,72.9,0.404,production,draft_capital=0.15; production=1.51; slap_score=1.08,0.0,0.0,,,
Braylon James,WR,TCU,0,2026,4,Austin Proehl,North Carolina,0,2018,72.8,0.404,production,draft_capital=0.05; production=1.37; slap_score=1.19,0.0,0.0,,,
Braylon James,WR,TCU,0,2026,5,Mike Strachan,Charleston (WV),0,2021,71.0,0.404,production,draft_capital=0.39; production=1.51; slap_score=1.20,0.0,0.0,,,
Braylon James,WR,TCU,0,2026,6,Kaden Prather,Maryland,0,2025,70.2,0.404,production,draft_capital=0.23; production=1.68; slap_score=1.17,,,,,
Braylon James,WR,TCU,0,2026,7,Tommy Mellott,Montana State,0,2025,70.1,0.369,production,draft_capital=0.57; production=1.57; slap_score=1.28,,,,,
Braylon James,WR,TCU,0,2026,8,Tre Nixon,Central Florida,0,2021,70.0,0.404,production,draft_capital=0.19; production=1.71; slap_score=1.17,0.0,0.0,,,
Braylon James,WR,TCU,0,2026,9,Richie James,Middle Tenn. St.,0,2018,69.9,0.404,production,draft_capital=0.23; production=1.42; slap_score=1.36,0.0,0.0,9.892857,,
Braylon James,WR,TCU,0,2026,10,Charone Peake,Clemson,0,2016,69.8,0.404,production,draft_capital=0.22; production=1.55; slap_score=1.29,0.0,0.0,3.418182,3.418182,
Jalen Walthall,WR,Incarnate Word,0,2026,1,Bisi Johnson,Colorado State,0,2019,81.2,0.369,slap_score,draft_capital=0.13; production=0.00; slap_score=1.02,,,,,
Jalen Walthall,WR,Incarnate Word,0,2026,2,Ryan Flournoy,SE Missouri St.,0,2024,75.9,0.404,slap_score,draft_capital=0.54; production=0.01; slap_score=1.32,0.0,0.0,8.769231,8.769231,
Jalen Walthall,WR,Incarnate Word,0,2026,3,Tommy Mellott,Montana State,0,2025,75.3,0.369,slap_score,draft_capital=0.57; production=0.00; slap_score=1.28,,,,,
Jalen Walthall,WR,Incarnate Word,0,2026,4,Samori Toure,Nebraska,0,2022,74.6,0.438,production,draft_capital=0.01; production=1.20; slap_score=1.12,0.0,0.0,2.225,2.225,
Jalen Walthall,WR,Incarnate Word,0,2026,5,Devaughn Vele,Utah,0,2024,73.7,0.438,production,draft_capital=0.33; production=1.28; slap_score=1.12,0.0,0.0,8.192308,8.192308,
Jalen Walthall,WR,Incarnate Word,0,2026,6,Daniel Braverman,Western Michigan,0,2016,71.9,0.438,slap_score,draft_capital=0.37; production=0.82; slap_score=1.50,0.0,0.0,,,
Jalen Walthall,WR,Incarnate Word,0,2026,7,Trey Quinn,SMU,0,2018,71.2,0.438,slap_score,draft_capital=0.03; production=1.09; slap_score=1.45,0.0,0.0,4.316667,4.316667,
Jalen Walthall,WR,Incarnate Word,0,2026,8,John Ursua,Hawaii,0,2019,71.2,0.438,slap_score,draft_capital=0.31; production=1.11; slap_score=1.42,0.0,0.0,,,
Jalen Walthall,WR,Incarnate Word,0,2026,9,Colton Dowell,UT Martin,0,2023,70.2,0.438,slap_score,draft_capital=0.42; production=1.11; slap_score=1.48,0.0,0.0,,,
Jalen Walthall,WR,Incarnate Word,0,2026,10,Jauan Jennings,Tennessee,0,2020,68.8,0.438,slap_score,draft_capital=0.54; production=0.90; slap_score=1.64,1.0,0.0,14.033333,6.323077,
Trebor Pena,WR,Penn State,0,2026,1,Bisi Johnson,Colorado State,0,2019,80.6,0.369,slap_score,draft_capital=0.13; production=0.00; slap_score=1.05,,,,,
Trebor Pena,WR,Penn State,0,2026,2,Tre McBride,William & Mary,0,2015,80.5,0.438,slap_score,draft_capital=0.15; production=0.34; slap_score=1.11,0.0,0.0,,,
Trebor Pena,WR,Penn State,0,2026,3,Jalen Brooks,South Carolina,0,2023,80.1,0.438,slap_score,draft_capital=0.17; production=0.37; slap_score=1.13,0.0,0.0,2.975,2.975,
Trebor Pena,WR,Penn State,0,2026,4,Tre Nixon,Central Florida,0,2021,79.0,0.438,slap_score,draft_capital=0.19; production=0.34; slap_score=1.20,0.0,0.0,,,
Trebor Pena,WR,Penn State,0,2026,5,Kaden Prather,Maryland,0,2025,78.6,0.404,slap_score,draft_capital=0.23; production=0.08; slap_score=1.20,,,,,
Trebor Pena,WR,Penn State,0,2026,6,Samori Toure,Nebraska,0,2022,78.1,0.438,slap_score,draft_capital=0.01; production=0.72; slap_score=1.15,0.0,0.0,2.225,2.225,
Trebor Pena,WR,Penn State,0,2026,7,Mike Strachan,Charleston (WV),0,2021,78.0,0.438,slap_score,draft_capital=0.39; production=0.37; slap_score=1.23,0.0,0.0,,,
Trebor Pena,WR,Penn State,0,2026,8,Austin Proehl,North Carolina,0,2018,77.9,0.438,slap_score,draft_capital=0.05; production=0.55; slap_score=1.22,0.0,0.0,,,
Trebor Pena,WR,Penn State,0,2026,9,Devaughn Vele,Utah,0,2024,77.7,0.438,slap_score,draft_capital=0.33; production=0.74; slap_score=1.14,0.0,0.0,8.192308,8.192308,
Trebor Pena,WR,Penn State,0,2026,10,Marcell Ateman,Oklahoma St.,0,2018,77.4,0.438,slap_score,draft_capital=0.42; production=0.40; slap_score=1.26,0.0,0.0,,,
Caullin Lacy,WR,Louisville,0,2026,1,Bisi Johnson,Colorado State,0,2019,95.4,0.369,slap_score,draft_capital=0.13; production=0.00; slap_score=0.23,,,,,
Caullin Lacy,WR,Louisville,0,2026,2,Tre McBride,William & Mary,0,2015,93.6,0.438,slap_score,draft_capital=0.15; production=0.25; slap_score=0.30,0.0,0.0,,,
Caullin Lacy,WR,Louisville,0,2026,3,Jalen Brooks,South Carolina,0,2023,92.8,0.438,slap_score,draft_capital=0.17; production=0.31; slap_score=0.32,0.0,0.0,2.975,2.975,
Caullin Lacy,WR,Louisville,0,2026,4,Kaden Prather,Maryland,0,2025,92.4,0.404,slap_score,draft_capital=0.23; production=0.14; slap_score=0.39,,,,,
Caullin Lacy,WR,Louisville,0,2026,5,Tre Nixon,Central Florida,0,2021,92.0,0.438,slap_score,draft_capital=0.19; production=0.30; slap_score=0.38,0.0,0.0,,,
Caullin Lacy,WR,Louisville,0,2026,6,Mike Strachan,Charleston (WV),0,2021,90.7,0.438,slap_score,draft_capital=0.39; production=0.28; slap_score=0.42,0.0,0.0,,,
Caullin Lacy,WR,Louisville,0,2026,7,Austin Proehl,North Carolina,0,2018,90.5,0.438,production,draft_capital=0.05; production=0.47; slap_score=0.41,0.0,0.0,,,
Caullin Lacy,WR,Louisville,0,2026,8,Charone Peake,Clemson,0,2016,90.3,0.438,slap_score,draft_capital=0.22; production=0.26; slap_score=0.51,0.0,0.0,3.418182,3.418182,
Caullin Lacy,WR,Louisville,0,2026,9,Marcell Ateman,Oklahoma St.,0,2018,89.5,0.438,slap_score,draft_capital=0.42; production=0.38; slap_score=0.45,0.0,0.0,,,
Caullin Lacy,WR,Louisville,0,2026,10,Tahj Washington,USC,0,2024,89.3,0.438,slap_score,draft_capital=0.22; production=0.38; slap_score=0.53,0.0,0.0,,,
Rara Thomas,WR,Troy,0,2026,1,Bisi Johnson,Colorado State,0,2019,80.4,0.369,slap_score,draft_capital=0.13; production=0.00; slap_score=1.06,,,,,
Rara Thomas,WR,Troy,0,2026,2,Samori Toure,Nebraska,0,2022,80.1,0.473,slap_score,draft_capital=0.01; production=0.40; slap_score=1.16,0.0,0.0,2.225,2.225,
Rara Thomas,WR,Troy,0,2026,3,Tre McBride,William & Mary,0,2015,79.8,0.438,slap_score,draft_capital=0.15; production=0.48; slap_score=1.12,0.0,0.0,,,
Rara Thomas,WR,Troy,0,2026,4,Tre Nixon,Central Florida,0,2021,79.1,0.438,slap_score,draft_capital=0.19; production=0.25; slap_score=1.21,0.0,0.0,,,
Rara Thomas,WR,Troy,0,2026,5,Marcell Ateman,Oklahoma St.,0,2018,78.6,0.473,slap_score,draft_capital=0.42; production=0.17; slap_score=1.27,0.0,0.0,,,
Rara Thomas,WR,Troy,0,2026,6,Jalen Brooks,South Carolina,0,2023,78.6,0.438,slap_score,draft_capital=0.17; production=0.64; slap_score=1.14,0.0,0.0,2.975,2.975,
Rara Thomas,WR,Troy,0,2026,7,Kaden Prather,Maryland,0,2025,78.2,0.404,slap_score,draft_capital=0.23; production=0.24; slap_score=1.22,,,,,
Rara Thomas,WR,Troy,0,2026,8,Devaughn Vele,Utah,0,2024,77.5,0.473,slap_score,draft_capital=0.33; production=0.78; slap_score=1.15,0.0,0.0,8.192308,8.192308,
Rara Thomas,WR,Troy,0,2026,9,Mike Strachan,Charleston (WV),0,2021,77.4,0.438,slap_score,draft_capital=0.39; production=0.49; slap_score=1.24,0.0,0.0,,,
Rara Thomas,WR,Troy,0,2026,10,Tahj Washington,USC,0,2024,77.2,0.473,slap_score,draft_capital=0.22; production=0.36; slap_score=1.35,0.0,0.0,,,
C.J. Williams,WR,Stanford,0,2026,1,Bisi Johnson,Colorado State,0,2019,80.1,0.369,slap_score,draft_capital=0.13; production=0.00; slap_score=1.08,,,,,
C.J. Williams,WR,Stanford,0,2026,2,Samori Toure,Nebraska,0,2022,79.0,0.404,slap_score,draft_capital=0.01; production=0.21; slap_score=1.18,0.0,0.0,2.225,2.225,
C.J. Williams,WR,Stanford,0,2026,3,Devaughn Vele,Utah,0,2024,78.7,0.404,slap_score,draft_capital=0.33; production=0.27; slap_score=1.17,0.0,0.0,8.192308,8.192308,
C.J. Williams,WR,Stanford,0,2026,4,Tre Nixon,Central Florida,0,2021,75.3,0.404,slap_score,draft_capital=0.19; production=0.91; slap_score=1.23,0.0,0.0,,,
C.J. Williams,WR,Stanford,0,2026,5,Kaden Prather,Maryland,0,2025,74.9,0.404,slap_score,draft_capital=0.23; production=0.96; slap_score=1.23,,,,,
C.J. Williams,WR,Stanford,0,2026,6,Marcell Ateman,Oklahoma St.,0,2018,74.7,0.404,slap_score,draft_capital=0.42; production=0.78; slap_score=1.29,0.0,0.0,,,
C.J. Williams,WR,Stanford,0,2026,7,Tre McBride,William & Mary,0,2015,74.4,0.404,production,draft_capital=0.15; production=1.24; slap_score=1.14,0.0,0.0,,,
C.J. Williams,WR,Stanford,0,2026,8,Tommy Mellott,Montana State,0,2025,74.3,0.369,slap_score,draft_capital=0.57; production=0.00; slap_score=1.34,,,,,
C.J. Williams,WR,Stanford,0,2026,9,Tahj Washington,USC,0,2024,74.0,0.404,slap_score,draft_capital=0.22; production=0.72; slap_score=1.37,0.0,0.0,,,
C.J. Williams,WR,Stanford,0,2026,10,Ryan Flournoy,SE Missouri St.,0,2024,73.8,0.369,slap_score,draft_capital=0.54; production=0.00; slap_score=1.37,0.0,0.0,8.769231,8.769231,
Justus Ross-Simmons,WR,Syracuse,0,2026,1,Bisi Johnson,Colorado State,0,2019,80.1,0.369,slap_score,draft_capital=0.13; production=0.00; slap_score=1.08,,,,,
Justus Ross-Simmons,WR,Syracuse,0,2026,2,Tre McBride,William & Mary,0,2015,79.3,0.404,slap_score,draft_capital=0.15; production=0.38; slap_score=1.14,0.0,0.0,,,
Justus Ross-Simmons,WR,Syracuse,0,2026,3,Tre Nixon,Central Florida,0,2021,78.2,0.404,slap_score,draft_capital=0.19; production=0.05; slap_score=1.23,0.0,0.0,,,
Justus Ross-Simmons,WR,Syracuse,0,2026,4,Jalen Brooks,South Carolina,0,2023,78.1,0.404,slap_score,draft_capital=0.17; production=0.60; slap_score=1.16,0.0,0.0,2.975,2.975,
Justus Ross-Simmons,WR,Syracuse,0,2026,5,Kaden Prather,Maryland,0,2025,78.1,0.404,slap_score,draft_capital=0.23; production=0.10; slap_score=1.23,,,,,
Justus Ross-Simmons,WR,Syracuse,0,2026,6,Devaughn Vele,Utah,0,2024,77.7,0.404,slap_score,draft_capital=0.33; production=0.59; slap_score=1.17,0.0,0.0,8.192308,8.192308,
Justus Ross-Simmons,WR,Syracuse,0,2026,7,Samori Toure,Nebraska,0,2022,77.6,0.404,slap_score,draft_capital=0.01; production=0.65; slap_score=1.18,0.0,0.0,2.225,2.225,
Justus Ross-Simmons,WR,Syracuse,0,2026,8,Mike Strachan,Charleston (WV),0,2021,76.8,0.404,slap_score,draft_capital=0.39; production=0.38; slap_score=1.26,0.0,0.0,,,
Justus Ross-Simmons,WR,Syracuse,0,2026,9,Marcell Ateman,Oklahoma St.,0,2018,76.6,0.404,slap_score,draft_capital=0.42; production=0.09; slap_score=1.29,0.0,0.0,,,
Justus Ross-Simmons,WR,Syracuse,0,2026,10,Austin Proehl,North Carolina,0,2018,76.3,0.404,slap_score,draft_capital=0.05; production=0.69; slap_score=1.25,0.0,0.0,,,
Jalil Farooq,WR,Maryland,0,2026,1,Tre McBride,William & Mary,0,2015,80.2,0.438,slap_score,draft_capital=0.15; production=0.29; slap_score=1.14,0.0,0.0,,,
Jalil Farooq,WR,Maryland,0,2026,2,Bisi Johnson,Colorado State,0,2019,80.1,0.369,slap_score,draft_capital=0.13; production=0.00; slap_score=1.08,,,,,
Jalil Farooq,WR,Maryland,0,2026,3,Tre Nixon,Central Florida,0,2021,79.1,0.438,slap_score,draft_capital=0.19; production=0.04; slap_score=1.23,0.0,0.0,,,
Jalil Farooq,WR,Maryland,0,2026,4,Jalen Brooks,South Carolina,0,2023,78.9,0.438,slap_score,draft_capital=0.17; production=0.52; slap_score=1.16,0.0,0.0,2.975,2.975,
Jalil Farooq,WR,Maryland,0,2026,5,Devaughn Vele,Utah,0,2024,78.4,0.438,slap_score,draft_capital=0.33; production=0.55; slap_score=1.17,0.0,0.0,8.192308,8.192308,
Jalil Farooq,WR,Maryland,0,2026,6,Kaden Prather,Maryland,0,2025,78.1,0.404,slap_score,draft_capital=0.23; production=0.06; slap_score=1.23,,,,,
Jalil Farooq,WR,Maryland,0,2026,7,Samori Toure,Nebraska,0,2022,78.0,0.438,slap_score,draft_capital=0.01; production=0.65; slap_score=1.18,0.0,0.0,2.225,2.225,
Jalil Farooq,WR,Maryland,0,2026,8,Mike Strachan,Charleston (WV),0,2021,77.8,0.438,slap_score,draft_capital=0.39; production=0.29; slap_score=1.26,0.0,0.0,,,
Jalil Farooq,WR,Maryland,0,2026,9,Marcell Ateman,Oklahoma St.,0,2018,77.5,0.438,slap_score,draft_capital=0.42; production=0.12; slap_score=1.29,0.0,0.0,,,
Jalil Farooq,WR,Maryland,0,2026,10,Austin Proehl,North Carolina,0,2018,77.4,0.438,slap_score,draft_capital=0.05; production=0.57; slap_score=1.25,0.0,0.0,,,
Malik Benson,WR,Oregon,0,2026,1,Bisi Johnson,Colorado State,0,2019,90.8,0.369,slap_score,draft_capital=0.13; production=0.00; slap_score=0.49,,,,,
Malik Benson,WR,Oregon,0,2026,2,Tre McBride,William & Mary,0,2015,89.8,0.438,slap_score,draft_capital=0.15; production=0.25; slap_score=0.56,0.0,0.0,,,
Malik Benson,WR,Oregon,0,2026,3,Tre Nixon,Central Florida,0,2021,88.9,0.438,slap_score,draft_capital=0.19; production=0.04; slap_score=0.64,0.0,0.0,,,
Malik Benson,WR,Oregon,0,2026,4,Kaden Prather,Maryland,0,2025,88.2,0.404,slap_score,draft_capital=0.23; production=0.01; slap_score=0.65,,,,,
Malik Benson,WR,Oregon,0,2026,5,Jalen Brooks,South Carolina,0,2023,87.8,0.438,slap_score,draft_capital=0.17; production=0.51; slap_score=0.58,0.0,0.0,2.975,2.975,
Malik Benson,WR,Oregon,0,2026,6,Mike Strachan,Charleston (WV),0,2021,87.2,0.438,slap_score,draft_capital=0.39; production=0.25; slap_score=0.68,0.0,0.0,,,
Malik Benson,WR,Oregon,0,2026,7,Marcell Ateman,Oklahoma St.,0,2018,86.9,0.438,slap_score,draft_capital=0.42; production=0.16; slap_score=0.71,0.0,0.0,,,
Malik Benson,WR,Oregon,0,2026,8,Austin Proehl,North Carolina,0,2018,86.6,0.438,slap_score,draft_capital=0.05; production=0.52; slap_score=0.67,0.0,0.0,,,
Malik Benson,WR,Oregon,0,2026,9,Charone Peake,Clemson,0,2016,86.5,0.438,slap_score,draft_capital=0.22; production=0.19; slap_score=0.77,0.0,0.0,3.418182,3.418182,
Malik Benson,WR,Oregon,0,2026,10,Devaughn Vele,Utah,0,2024,86.5,0.438,production,draft_capital=0.33; production=0.59; slap_score=0.59,0.0,0.0,8.192308,8.192308,
Dillon Bell,WR,Georgia,0,2026,1,Bisi Johnson,Colorado State,0,2019,82.9,0.369,slap_score,draft_capital=0.13; production=0.00; slap_score=0.93,,,,,
Dillon Bell,WR,Georgia,0,2026,2,Jalen Brooks,South Carolina,0,2023,82.3,0.438,slap_score,draft_capital=0.17; production=0.30; slap_score=1.01,0.0,0.0,2.975,2.975,
Dillon Bell,WR,Georgia,0,2026,3,Tre McBride,William & Mary,0,2015,81.8,0.438,slap_score,draft_capital=0.15; production=0.49; slap_score=0.99,0.0,0.0,,,
Dillon Bell,WR,Georgia,0,2026,4,Kaden Prather,Maryland,0,2025,80.2,0.404,slap_score,draft_capital=0.23; production=0.36; slap_score=1.08,,,,,
Dillon Bell,WR,Georgia,0,2026,5,Austin Proehl,North Carolina,0,2018,79.8,0.438,slap_score,draft_capital=0.05; production=0.56; slap_score=1.10,0.0,0.0,,,
Dillon Bell,WR,Georgia,0,2026,6,Tre Nixon,Central Florida,0,2021,79.7,0.438,slap_score,draft_capital=0.19; production=0.62; slap_score=1.08,0.0,0.0,,,
Dillon Bell,WR,Georgia,0,2026,7,Mike Strachan,Charleston (WV),0,2021,79.3,0.438,slap_score,draft_capital=0.39; production=0.52; slap_score=1.11,0.0,0.0,,,
Dillon Bell,WR,Georgia,0,2026,8,Charone Peake,Clemson,0,2016,78.2,0.438,slap_score,draft_capital=0.22; production=0.53; slap_score=1.20,0.0,0.0,3.418182,3.418182,
Dillon Bell,WR,Georgia,0,2026,9,Richie James,Middle Tenn. St.,0,2018,78.1,0.438,slap_score,draft_capital=0.23; production=0.26; slap_score=1.27,0.0,0.0,9.892857,,
Dillon Bell,WR,Georgia,0,2026,10,Marcell Ateman,Oklahoma St.,0,2018,77.8,0.438,slap_score,draft_capital=0.42; production=0.70; slap_score=1.14,0.0,0.0,,,
Harrison Wallace III,WR,Mississippi,0,2026,1,Bisi Johnson,Colorado State,0,2019,82.1,0.369,slap_score,draft_capital=0.13; production=0.00; slap_score=0.97,,,,,
Harrison Wallace III,WR,Mississippi,0,2026,2,Tre McBride,William & Mary,0,2015,81.6,0.404,slap_score,draft_capital=0.15; production=0.20; slap_score=1.03,0.0,0.0,,,
Harrison Wallace III,WR,Mississippi,0,2026,3,Jalen Brooks,South Carolina,0,2023,80.7,0.404,slap_score,draft_capital=0.17; production=0.42; slap_score=1.05,0.0,0.0,2.975,2.975,
Harrison Wallace III,WR,Mississippi,0,2026,4,Tre Nixon,Central Florida,0,2021,80.1,0.404,slap_score,draft_capital=0.19; production=0.13; slap_score=1.12,0.0,0.0,,,
Harrison Wallace III,WR,Mississippi,0,2026,5,Kaden Prather,Maryland,0,2025,80.0,0.404,slap_score,draft_capital=0.23; production=0.08; slap_score=1.12,,,,,
Harrison Wallace III,WR,Mississippi,0,2026,6,Mike Strachan,Charleston (WV),0,2021,79.0,0.404,slap_score,draft_capital=0.39; production=0.20; slap_score=1.15,0.0,0.0,,,
Harrison Wallace III,WR,Mississippi,0,2026,7,Austin Proehl,North Carolina,0,2018,78.9,0.404,slap_score,draft_capital=0.05; production=0.52; slap_score=1.14,0.0,0.0,,,
Harrison Wallace III,WR,Mississippi,0,2026,8,Devaughn Vele,Utah,0,2024,78.5,0.404,slap_score,draft_capital=0.33; production=0.77; slap_score=1.06,0.0,0.0,8.192308,8.192308,
Harrison Wallace III,WR,Mississippi,0,2026,9,Samori Toure,Nebraska,0,2022,78.4,0.404,slap_score,draft_capital=0.01; production=0.83; slap_score=1.07,0.0,0.0,2.225,2.225,
Harrison Wallace III,WR,Mississippi,0,2026,10,Marcell Ateman,Oklahoma St.,0,2018,78.3,0.404,slap_score,draft_capital=0.42; production=0.27; slap_score=1.18,0.0,0.0,,,
J.Michael Sturdivant,WR,Florida,0,2026,1,Tre McBride,William & Mary,0,2015,84.9,0.438,slap_score,draft_capital=0.15; production=0.12; slap_score=0.88,0.0,0.0,,,
J.Michael Sturdivant,WR,Florida,0,2026,2,Bisi Johnson,Colorado State,0,2019,84.8,0.369,slap_score,draft_capital=0.13; production=0.00; slap_score=0.82,,,,,
J.Michael Sturdivant,WR,Florida,0,2026,3,Jalen Brooks,South Carolina,0,2023,83.6,0.438,slap_score,draft_capital=0.17; production=0.39; slap_score=0.91,0.0,0.0,2.975,2.975,
J.Michael Sturdivant,WR,Florida,0,2026,4,Tre Nixon,Central Florida,0,2021,83.3,0.438,slap_score,draft_capital=0.19; production=0.16; slap_score=0.97,0.0,0.0,,,
J.Michael Sturdivant,WR,Florida,0,2026,5,Kaden Prather,Maryland,0,2025,82.5,0.404,slap_score,draft_capital=0.23; production=0.14; slap_score=0.98,,,,,
J.Michael Sturdivant,WR,Florida,0,2026,6,Austin Proehl,North Carolina,0,2018,82.3,0.438,slap_score,draft_capital=0.05; production=0.40; slap_score=0.99,0.0,0.0,,,
J.Michael Sturdivant,WR,Florida,0,2026,7,Mike Strachan,Charleston (WV),0,2021,82.3,0.438,slap_score,draft_capital=0.39; production=0.12; slap_score=1.01,0.0,0.0,,,
J.Michael Sturdivant,WR,Florida,0,2026,8,Marcell Ateman,Oklahoma St.,0,2018,81.4,0.438,slap_score,draft_capital=0.42; production=0.28; slap_score=1.04,0.0,0.0,,,
J.Michael Sturdivant,WR,Florida,0,2026,9,Charone Peake,Clemson,0,2016,81.3,0.438,slap_score,draft_capital=0.22; production=0.07; slap_score=1.10,0.0,0.0,3.418182,3.418182,
J.Michael Sturdivant,WR,Florida,0,2026,10,Devaughn Vele,Utah,0,2024,81.1,0.438,slap_score,draft_capital=0.33; production=0.72; slap_score=0.92,0.0,0.0,8.192308,8.192308,
Kaleb Brown,WR,UAB,0,2026,1,Tre McBride,William & Mary,0,2015,78.2,0.438,slap_score,draft_capital=0.15; production=0.26; slap_score=1.27,0.0,0.0,,,
Kaleb Brown,WR,UAB,0,2026,2,Jalen Brooks,South Carolina,0,2023,77.9,0.438,slap_score,draft_capital=0.17; production=0.23; slap_score=1.29,0.0,0.0,2.975,2.975,
Kaleb Brown,WR,UAB,0,2026,3,Bisi Johnson,Colorado State,0,2019,77.7,0.369,slap_score,draft_capital=0.13; production=0.00; slap_score=1.21,,,,,
Kaleb Brown,WR,UAB,0,2026,4,Austin Proehl,North Carolina,0,2018,76.7,0.438,slap_score,draft_capital=0.05; production=0.03; slap_score=1.38,0.0,0.0,,,
Kaleb Brown,WR,UAB,0,2026,5,Mike Strachan,Charleston (WV),0,2021,75.8,0.438,slap_score,draft_capital=0.39; production=0.26; slap_score=1.39,0.0,0.0,,,
Kaleb Brown,WR,UAB,0,2026,6,Tre Nixon,Central Florida,0,2021,75.7,0.438,slap_score,draft_capital=0.19; production=0.54; slap_score=1.36,0.0,0.0,,,
Kaleb Brown,WR,UAB,0,2026,7,Kaden Prather,Maryland,0,2025,74.8,0.404,slap_score,draft_capital=0.23; production=0.58; slap_score=1.36,,,,,
Kaleb Brown,WR,UAB,0,2026,8,Charone Peake,Clemson,0,2016,74.4,0.438,slap_score,draft_capital=0.22; production=0.32; slap_score=1.48,0.0,0.0,3.418182,3.418182,
Kaleb Brown,WR,UAB,0,2026,9,Marcell Ateman,Oklahoma St.,0,2018,73.8,0.438,slap_score,draft_capital=0.42; production=0.66; slap_score=1.42,0.0,0.0,,,
Kaleb Brown,WR,UAB,0,2026,10,Jordan Whittington,Texas,0,2024,73.7,0.438,slap_score,draft_capital=0.57; production=0.20; slap_score=1.50,0.0,0.0,2.792308,2.792308,
Colbie Young,WR,Georgia,0,2026,1,Bisi Johnson,Colorado State,0,2019,85.7,0.369,slap_score,draft_capital=0.13; production=0.00; slap_score=0.77,,,,,
Colbie Young,WR,Georgia,0,2026,2,Jalen Brooks,South Carolina,0,2023,84.7,0.404,slap_score,draft_capital=0.17; production=0.15; slap_score=0.85,0.0,0.0,2.975,2.975,
Colbie Young,WR,Georgia,0,2026,3,Tre McBride,William & Mary,0,2015,84.5,0.404,slap_score,draft_capital=0.15; production=0.37; slap_score=0.83,0.0,0.0,,,
Colbie Young,WR,Georgia,0,2026,4,Austin Proehl,North Carolina,0,2018,83.4,0.404,slap_score,draft_capital=0.05; production=0.05; slap_score=0.94,0.0,0.0,,,
Colbie Young,WR,Georgia,0,2026,5,Mike Strachan,Charleston (WV),0,2021,81.9,0.404,slap_score,draft_capital=0.39; production=0.37; slap_score=0.95,0.0,0.0,,,
Colbie Young,WR,Georgia,0,2026,6,Kaden Prather,Maryland,0,2025,81.5,0.404,slap_score,draft_capital=0.23; production=0.65; slap_score=0.93,,,,,
Colbie Young,WR,Georgia,0,2026,7,Tre Nixon,Central Florida,0,2021,81.4,0.404,slap_score,draft_capital=0.19; production=0.69; slap_score=0.92,0.0,0.0,,,
Colbie Young,WR,Georgia,0,2026,8,Charone Peake,Clemson,0,2016,80.6,0.404,slap_score,draft_capital=0.22; production=0.43; slap_score=1.05,0.0,0.0,3.418182,3.418182,
Colbie Young,WR,Georgia,0,2026,9,Richie James,Middle Tenn. St.,0,2018,80.1,0.404,slap_score,draft_capital=0.23; production=0.19; slap_score=1.11,0.0,0.0,9.892857,,
Colbie Young,WR,Georgia,0,2026,10,Jordan Whittington,Texas,0,2024,79.7,0.404,slap_score,draft_capital=0.57; production=0.28; slap_score=1.06,0.0,0.0,2.792308,2.792308,
Jayden Ballard,WR,Wisconsin,0,2026,1,Bisi Johnson,Colorado State,0,2019,79.2,0.369,slap_score,draft_capital=0.13; production=0.00; slap_score=1.13,,,,,
Jayden Ballard,WR,Wisconsin,0,2026,2,Tre McBride,William & Mary,0,2015,78.9,0.404,slap_score,draft_capital=0.15; production=0.09; slap_score=1.19,0.0,0.0,,,
Jayden Ballard,WR,Wisconsin,0,2026,3,Jalen Brooks,South Carolina,0,2023,78.2,0.404,slap_score,draft_capital=0.17; production=0.31; slap_score=1.21,0.0,0.0,2.975,2.975,
Jayden Ballard,WR,Wisconsin,0,2026,4,Tre Nixon,Central Florida,0,2021,77.2,0.404,slap_score,draft_capital=0.19; production=0.24; slap_score=1.28,0.0,0.0,,,
Jayden Ballard,WR,Wisconsin,0,2026,5,Kaden Prather,Maryland,0,2025,77.1,0.404,slap_score,draft_capital=0.23; production=0.19; slap_score=1.28,,,,,
Jayden Ballard,WR,Wisconsin,0,2026,6,Austin Proehl,North Carolina,0,2018,76.5,0.404,slap_score,draft_capital=0.05; production=0.41; slap_score=1.30,0.0,0.0,,,
Jayden Ballard,WR,Wisconsin,0,2026,7,Mike Strachan,Charleston (WV),0,2021,76.4,0.404,slap_score,draft_capital=0.39; production=0.09; slap_score=1.31,0.0,0.0,,,
Jayden Ballard,WR,Wisconsin,0,2026,8,Devaughn Vele,Utah,0,2024,75.4,0.404,slap_score,draft_capital=0.33; production=0.88; slap_score=1.22,0.0,0.0,8.192308,8.192308,
Jayden Ballard,WR,Wisconsin,0,2026,9,Marcell Ateman,Oklahoma St.,0,2018,75.3,0.404,slap_score,draft_capital=0.42; production=0.38; slap_score=1.34,0.0,0.0,,,
Jayden Ballard,WR,Wisconsin,0,2026,10,Samori Toure,Nebraska,0,2022,75.3,0.404,slap_score,draft_capital=0.01; production=0.94; slap_score=1.23,0.0,0.0,2.225,2.225,
Michael Wortham,WR,Montana,0,2026,1,Bisi Johnson,Colorado State,0,2019,88.3,0.369,slap_score,draft_capital=0.13; production=0.00; slap_score=0.63,,,,,
Michael Wortham,WR,Montana,0,2026,2,Kaden Prather,Maryland,0,2025,85.3,0.369,slap_score,draft_capital=0.23; production=0.00; slap_score=0.78,,,,,
Michael Wortham,WR,Montana,0,2026,3,Tommy Mellott,Montana State,0,2025,82.1,0.369,slap_score,draft_capital=0.57; production=0.00; slap_score=0.89,,,,,
Michael Wortham,WR,Montana,0,2026,4,Konata Mumpfield,Pittsburgh,0,2025,78.7,0.369,slap_score,draft_capital=0.19; production=0.00; slap_score=1.15,,,,,
Michael Wortham,WR,Montana,0,2026,5,Samori Toure,Nebraska,0,2022,76.6,0.404,production,draft_capital=0.01; production=1.54; slap_score=0.73,0.0,0.0,2.225,2.225,
Michael Wortham,WR,Montana,0,2026,6,Dominic Lovett,Georgia,0,2025,76.5,0.369,slap_score,draft_capital=0.17; production=0.00; slap_score=1.27,,,,,
Michael Wortham,WR,Montana,0,2026,7,Jalen Brooks,South Carolina,0,2023,76.0,0.404,production,draft_capital=0.17; production=1.61; slap_score=0.71,0.0,0.0,2.975,2.975,
Michael Wortham,WR,Montana,0,2026,8,Ricky White,UNLV,0,2025,74.2,0.369,slap_score,draft_capital=0.28; production=0.00; slap_score=1.39,,,,,
Michael Wortham,WR,Montana,0,2026,9,LaJohntay Wester,Colorado,0,2025,73.8,0.369,slap_score,draft_capital=0.77; production=0.00; slap_score=1.31,,,,,
Michael Wortham,WR,Montana,0,2026,10,Antoine Green,North Carolina,0,2023,73.7,0.404,slap_score,draft_capital=0.52; production=1.16; slap_score=1.18,0.0,0.0,,,
Romello Brinson,WR,SMU,0,2026,1,Bisi Johnson,Colorado State,0,2019,94.2,0.369,slap_score,draft_capital=0.13; production=0.00; slap_score=0.30,,,,,
Romello Brinson,WR,SMU,0,2026,2,Tre McBride,William & Mary,0,2015,93.6,0.438,slap_score,draft_capital=0.15; production=0.01; slap_score=0.37,0.0,0.0,,,
Romello Brinson,WR,SMU,0,2026,3,Jalen Brooks,South Carolina,0,2023,92.0,0.438,slap_score,draft_capital=0.17; production=0.30; slap_score=0.39,0.0,0.0,2.975,2.975,
Romello Brinson,WR,SMU,0,2026,4,Tre Nixon,Central Florida,0,2021,91.1,0.438,slap_score,draft_capital=0.19; production=0.27; slap_score=0.45,0.0,0.0,,,
Romello Brinson,WR,SMU,0,2026,5,Austin Proehl,North Carolina,0,2018,91.0,0.438,slap_score,draft_capital=0.05; production=0.29; slap_score=0.48,0.0,0.0,,,
Romello Brinson,WR,SMU,0,2026,6,Kaden Prather,Maryland,0,2025,90.8,0.404,slap_score,draft_capital=0.23; production=0.27; slap_score=0.46,,,,,
Romello Brinson,WR,SMU,0,2026,7,Mike Strachan,Charleston (WV),0,2021,90.5,0.438,slap_score,draft_capital=0.39; production=0.02; slap_score=0.49,0.0,0.0,,,
Romello Brinson,WR,SMU,0,2026,8,Charone Peake,Clemson,0,2016,89.9,0.438,slap_score,draft_capital=0.22; production=0.05; slap_score=0.58,0.0,0.0,3.418182,3.418182,
Romello Brinson,WR,SMU,0,2026,9,Marcell Ateman,Oklahoma St.,0,2018,88.5,0.438,slap_score,draft_capital=0.42; production=0.39; slap_score=0.52,0.0,0.0,,,
Romello Brinson,WR,SMU,0,2026,10,Richie James,Middle Tenn. St.,0,2018,88.0,0.438,slap_score,draft_capital=0.23; production=0.30; slap_score=0.64,0.0,0.0,9.892857,,
E.J. Williams,WR,Indiana,0,2026,1,Bisi Johnson,Colorado State,0,2019,78.8,0.369,slap_score,draft_capital=0.13; production=0.00; slap_score=1.15,,,,,
E.J. Williams,WR,Indiana,0,2026,2,Tre McBride,William & Mary,0,2015,78.6,0.404,slap_score,draft_capital=0.15; production=0.00; slap_score=1.21,0.0,0.0,,,
E.J. Williams,WR,Indiana,0,2026,3,Jalen Brooks,South Carolina,0,2023,78.1,0.404,slap_score,draft_capital=0.17; production=0.22; slap_score=1.23,0.0,0.0,2.975,2.975,
E.J. Williams,WR,Indiana,0,2026,4,Tre Nixon,Central Florida,0,2021,76.7,0.404,slap_score,draft_capital=0.19; production=0.32; slap_score=1.30,0.0,0.0,,,
E.J. Williams,WR,Indiana,0,2026,5,Kaden Prather,Maryland,0,2025,76.6,0.404,slap_score,draft_capital=0.23; production=0.28; slap_score=1.30,,,,,
E.J. Williams,WR,Indiana,0,2026,6,Austin Proehl,North Carolina,0,2018,76.4,0.404,slap_score,draft_capital=0.05; production=0.32; slap_score=1.32,0.0,0.0,,,
E.J. Williams,WR,Indiana,0,2026,7,Mike Strachan,Charleston (WV),0,2021,76.1,0.404,slap_score,draft_capital=0.39; production=0.00; slap_score=1.33,0.0,0.0,,,
E.J. Williams,WR,Indiana,0,2026,8,Charone Peake,Clemson,0,2016,74.8,0.404,slap_score,draft_capital=0.22; production=0.06; slap_score=1.42,0.0,0.0,3.418182,3.418182,
E.J. Williams,WR,Indiana,0,2026,9,Marcell Ateman,Oklahoma St.,0,2018,74.8,0.404,slap_score,draft_capital=0.42; production=0.46; slap_score=1.36,0.0,0.0,,,
E.J. Williams,WR,Indiana,0,2026,10,Devaughn Vele,Utah,0,2024,74.6,0.404,slap_score,draft_capital=0.33; production=0.97; slap_score=1.24,0.0,0.0,8.192308,8.192308,
Joseph Manjack IV,WR,TCU,0,2026,1,Tre McBride,William & Mary,0,2015,79.2,0.438,slap_score,draft_capital=0.15; production=0.09; slap_score=1.23,0.0,0.0,,,
Joseph Manjack IV,WR,TCU,0,2026,2,Bisi Johnson,Colorado State,0,2019,78.5,0.369,slap_score,draft_capital=0.13; production=0.00; slap_score=1.16,,,,,
Joseph Manjack IV,WR,TCU,0,2026,3,Jalen Brooks,South Carolina,0,2023,78.5,0.438,slap_score,draft_capital=0.17; production=0.28; slap_score=1.25,0.0,0.0,2.975,2.975,
Joseph Manjack IV,WR,TCU,0,2026,4,Austin Proehl,North Carolina,0,2018,77.3,0.438,slap_score,draft_capital=0.05; production=0.20; slap_score=1.34,0.0,0.0,,,
Joseph Manjack IV,WR,TCU,0,2026,5,Tre Nixon,Central Florida,0,2021,77.1,0.438,slap_score,draft_capital=0.19; production=0.36; slap_score=1.31,0.0,0.0,,,
Joseph Manjack IV,WR,TCU,0,2026,6,Mike Strachan,Charleston (WV),0,2021,76.7,0.438,slap_score,draft_capital=0.39; production=0.08; slap_score=1.35,0.0,0.0,,,
Joseph Manjack IV,WR,TCU,0,2026,7,Kaden Prather,Maryland,0,2025,76.2,0.404,slap_score,draft_capital=0.23; production=0.36; slap_score=1.32,,,,,
Joseph Manjack IV,WR,TCU,0,2026,8,Charone Peake,Clemson,0,2016,75.5,0.438,slap_score,draft_capital=0.22; production=0.13; slap_score=1.44,0.0,0.0,3.418182,3.418182,
Joseph Manjack IV,WR,TCU,0,2026,9,Marcell Ateman,Oklahoma St.,0,2018,75.3,0.438,slap_score,draft_capital=0.42; production=0.48; slap_score=1.38,0.0,0.0,,,
Joseph Manjack IV,WR,TCU,0,2026,10,Devaughn Vele,Utah,0,2024,74.9,0.438,slap_score,draft_capital=0.33; production=0.91; slap_score=1.26,0.0,0.0,8.192308,8.192308,
Donavon Greene,WR,Virginia Tech,0,2026,1,Bisi Johnson,Colorado State,0,2019,78.5,0.369,slap_score,draft_capital=0.13; production=0.00; slap_score=1.16,,,,,
Donavon Greene,WR,Virginia Tech,0,2026,2,Tre McBride,William & Mary,0,2015,78.3,0.404,slap_score,draft_capital=0.15; production=0.09; slap_score=1.23,0.0,0.0,,,
Donavon Greene,WR,Virginia Tech,0,2026,3,Jalen Brooks,South Carolina,0,2023,77.9,0.404,slap_score,draft_capital=0.17; production=0.13; slap_score=1.25,0.0,0.0,2.975,2.975,
Donavon Greene,WR,Virginia Tech,0,2026,4,Austin Proehl,North Carolina,0,2018,76.3,0.404,slap_score,draft_capital=0.05; production=0.23; slap_score=1.34,0.0,0.0,,,
Donavon Greene,WR,Virginia Tech,0,2026,5,Tre Nixon,Central Florida,0,2021,76.1,0.404,slap_score,draft_capital=0.19; production=0.42; slap_score=1.32,0.0,0.0,,,
Donavon Greene,WR,Virginia Tech,0,2026,6,Kaden Prather,Maryland,0,2025,76.1,0.404,slap_score,draft_capital=0.23; production=0.37; slap_score=1.32,,,,,
Donavon Greene,WR,Virginia Tech,0,2026,7,Mike Strachan,Charleston (WV),0,2021,75.7,0.404,slap_score,draft_capital=0.39; production=0.09; slap_score=1.35,0.0,0.0,,,
Donavon Greene,WR,Virginia Tech,0,2026,8,Charone Peake,Clemson,0,2016,74.4,0.404,slap_score,draft_capital=0.22; production=0.16; slap_score=1.44,0.0,0.0,3.418182,3.418182,
Donavon Greene,WR,Virginia Tech,0,2026,9,Marcell Ateman,Oklahoma St.,0,2018,74.2,0.404,slap_score,draft_capital=0.42; production=0.56; slap_score=1.38,0.0,0.0,,,
Donavon Greene,WR,Virginia Tech,0,2026,10,Devaughn Vele,Utah,0,2024,73.8,0.404,slap_score,draft_capital=0.33; production=1.06; slap_score=1.26,0.0,0.0,8.192308,8.192308,
Keelan Marion,WR,Miami (FL),0,2026,1,Bisi Johnson,Colorado State,0,2019,84.1,0.369,slap_score,draft_capital=0.13; production=0.00; slap_score=0.86,,,,,
Keelan Marion,WR,Miami (FL),0,2026,2,Tre McBride,William & Mary,0,2015,83.6,0.404,slap_score,draft_capital=0.15; production=0.11; slap_score=0.92,0.0,0.0,,,
Keelan Marion,WR,Miami (FL),0,2026,3,Jalen Brooks,South Carolina,0,2023,83.2,0.404,slap_score,draft_capital=0.17; production=0.11; slap_score=0.94,0.0,0.0,2.975,2.975,
Keelan Marion,WR,Miami (FL),0,2026,4,Austin Proehl,North Carolina,0,2018,81.6,0.404,slap_score,draft_capital=0.05; production=0.21; slap_score=1.03,0.0,0.0,,,
Keelan Marion,WR,Miami (FL),0,2026,5,Tre Nixon,Central Florida,0,2021,81.3,0.404,slap_score,draft_capital=0.19; production=0.43; slap_score=1.01,0.0,0.0,,,
Keelan Marion,WR,Miami (FL),0,2026,6,Kaden Prather,Maryland,0,2025,81.3,0.404,slap_score,draft_capital=0.23; production=0.39; slap_score=1.01,,,,,
Keelan Marion,WR,Miami (FL),0,2026,7,Mike Strachan,Charleston (WV),0,2021,81.0,0.404,slap_score,draft_capital=0.39; production=0.11; slap_score=1.04,0.0,0.0,,,
Keelan Marion,WR,Miami (FL),0,2026,8,Charone Peake,Clemson,0,2016,79.7,0.404,slap_score,draft_capital=0.22; production=0.17; slap_score=1.14,0.0,0.0,3.418182,3.418182,
Keelan Marion,WR,Miami (FL),0,2026,9,Marcell Ateman,Oklahoma St.,0,2018,79.1,0.404,slap_score,draft_capital=0.42; production=0.57; slap_score=1.07,0.0,0.0,,,
Keelan Marion,WR,Miami (FL),0,2026,10,Richie James,Middle Tenn. St.,0,2018,78.6,0.404,slap_score,draft_capital=0.23; production=0.08; slap_score=1.20,0.0,0.0,9.892857,,
Kyron Ware-Hudson,WR,Penn State,0,2026,1,Bisi Johnson,Colorado State,0,2019,78.4,0.369,slap_score,draft_capital=0.13; production=0.00; slap_score=1.17,,,,,
Kyron Ware-Hudson,WR,Penn State,0,2026,2,Tre McBride,William & Mary,0,2015,78.2,0.404,slap_score,draft_capital=0.15; production=0.12; slap_score=1.23,0.0,0.0,,,
Kyron Ware-Hudson,WR,Penn State,0,2026,3,Jalen Brooks,South Carolina,0,2023,77.8,0.404,slap_score,draft_capital=0.17; production=0.10; slap_score=1.25,0.0,0.0,2.975,2.975,
Kyron Ware-Hudson,WR,Penn State,0,2026,4,Austin Proehl,North Carolina,0,2018,76.2,0.404,slap_score,draft_capital=0.05; production=0.20; slap_score=1.34,0.0,0.0,,,
Kyron Ware-Hudson,WR,Penn State,0,2026,5,Tre Nixon,Central Florida,0,2021,76.0,0.404,slap_score,draft_capital=0.19; production=0.44; slap_score=1.32,0.0,0.0,,,
Kyron Ware-Hudson,WR,Penn State,0,2026,6,Kaden Prather,Maryland,0,2025,76.0,0.404,slap_score,draft_capital=0.23; production=0.39; slap_score=1.33,,,,,
Kyron Ware-Hudson,WR,Penn State,0,2026,7,Mike Strachan,Charleston (WV),0,2021,75.6,0.404,slap_score,draft_capital=0.39; production=0.12; slap_score=1.35,0.0,0.0,,,
Kyron Ware-Hudson,WR,Penn State,0,2026,8,Charone Peake,Clemson,0,2016,74.3,0.404,slap_score,draft_capital=0.22; production=0.18; slap_score=1.45,0.0,0.0,3.418182,3.418182,
Kyron Ware-Hudson,WR,Penn State,0,2026,9,Marcell Ateman,Oklahoma St.,0,2018,74.0,0.404,slap_score,draft_capital=0.42; production=0.58; slap_score=1.38,0.0,0.0,,,
Kyron Ware-Hudson,WR,Penn State,0,2026,10,Devaughn Vele,Utah,0,2024,73.5,0.404,slap_score,draft_capital=0.33; production=1.08; slap_score=1.26,0.0,0.0,8.192308,8.192308,
Jared Brown,WR,South Carolina,0,2026,1,Jalen Brooks,South Carolina,0,2023,78.4,0.438,slap_score,draft_capital=0.17; production=0.21; slap_score=1.26,0.0,0.0,2.975,2.975,
Jared Brown,WR,South Carolina,0,2026,2,Tre McBride,William & Mary,0,2015,78.3,0.438,slap_score,draft_capital=0.15; production=0.40; slap_score=1.24,0.0,0.0,,,
Jared Brown,WR,South Carolina,0,2026,3,Bisi Johnson,Colorado State,0,2019,78.3,0.369,slap_score,draft_capital=0.13; production=0.00; slap_score=1.18,,,,,
Jared Brown,WR,South Carolina,0,2026,4,Austin Proehl,North Carolina,0,2018,77.1,0.438,slap_score,draft_capital=0.05; production=0.19; slap_score=1.35,0.0,0.0,,,
Jared Brown,WR,South Carolina,0,2026,5,Mike Strachan,Charleston (WV),0,2021,75.9,0.438,slap_score,draft_capital=0.39; production=0.41; slap_score=1.36,0.0,0.0,,,
Jared Brown,WR,South Carolina,0,2026,6,Tre Nixon,Central Florida,0,2021,75.5,0.438,slap_score,draft_capital=0.19; production=0.68; slap_score=1.33,0.0,0.0,,,
Jared Brown,WR,South Carolina,0,2026,7,Kaden Prather,Maryland,0,2025,74.7,0.404,slap_score,draft_capital=0.23; production=0.72; slap_score=1.33,,,,,
Jared Brown,WR,South Carolina,0,2026,8,Charone Peake,Clemson,0,2016,74.5,0.438,slap_score,draft_capital=0.22; production=0.46; slap_score=1.45,0.0,0.0,3.418182,3.418182,
Jared Brown,WR,South Carolina,0,2026,9,Richie James,Middle Tenn. St.,0,2018,74.0,0.438,slap_score,draft_capital=0.23; production=0.25; slap_score=1.52,0.0,0.0,9.892857,,
Jared Brown,WR,South Carolina,0,2026,10,Jordan Whittington,Texas,0,2024,73.9,0.438,slap_score,draft_capital=0.57; production=0.31; slap_score=1.47,0.0,0.0,2.792308,2.792308,
Andrel Anthony,WR,Duke,0,2026,1,Bisi Johnson,Colorado State,0,2019,78.1,0.369,slap_score,draft_capital=0.13; production=0.00; slap_score=1.19,,,,,
Andrel Anthony,WR,Duke,0,2026,2,Tre McBride,William & Mary,0,2015,77.7,0.404,slap_score,draft_capital=0.15; production=0.22; slap_score=1.25,0.0,0.0,,,
Andrel Anthony,WR,Duke,0,2026,3,Jalen Brooks,South Carolina,0,2023,77.5,0.404,slap_score,draft_capital=0.17; production=0.00; slap_score=1.27,0.0,0.0,2.975,2.975,
Andrel Anthony,WR,Duke,0,2026,4,Austin Proehl,North Carolina,0,2018,76.0,0.404,slap_score,draft_capital=0.05; production=0.10; slap_score=1.36,0.0,0.0,,,
Andrel Anthony,WR,Duke,0,2026,5,Tre Nixon,Central Florida,0,2021,75.3,0.404,slap_score,draft_capital=0.19; production=0.54; slap_score=1.34,0.0,0.0,,,
Andrel Anthony,WR,Duke,0,2026,6,Kaden Prather,Maryland,0,2025,75.3,0.404,slap_score,draft_capital=0.23; production=0.50; slap_score=1.35,,,,,
Andrel Anthony,WR,Duke,0,2026,7,Mike Strachan,Charleston (WV),0,2021,75.2,0.404,slap_score,draft_capital=0.39; production=0.22; slap_score=1.37,0.0,0.0,,,
Andrel Anthony,WR,Duke,0,2026,8,Charone Peake,Clemson,0,2016,73.8,0.404,slap_score,draft_capital=0.22; production=0.28; slap_score=1.47,0.0,0.0,3.418182,3.418182,
Andrel Anthony,WR,Duke,0,2026,9,Marcell Ateman,Oklahoma St.,0,2018,73.3,0.404,slap_score,draft_capital=0.42; production=0.68; slap_score=1.40,0.0,0.0,,,
Andrel Anthony,WR,Duke,0,2026,10,Richie James,Middle Tenn. St.,0,2018,72.9,0.404,slap_score,draft_capital=0.23; production=0.03; slap_score=1.53,0.0,0.0,9.892857,,
Malik McClain,WR,Arizona State,0,2026,1,Bisi Johnson,Colorado State,0,2019,78.0,0.369,slap_score,draft_capital=0.13; production=0.00; slap_score=1.19,,,,,
Malik McClain,WR,Arizona State,0,2026,2,Tre McBride,William & Mary,0,2015,77.6,0.404,slap_score,draft_capital=0.15; production=0.24; slap_score=1.26,0.0,0.0,,,
Malik McClain,WR,Arizona State,0,2026,3,Jalen Brooks,South Carolina,0,2023,77.4,0.404,slap_score,draft_capital=0.17; production=0.02; slap_score=1.28,0.0,0.0,2.975,2.975,
Malik McClain,WR,Arizona State,0,2026,4,Austin Proehl,North Carolina,0,2018,75.9,0.404,slap_score,draft_capital=0.05; production=0.08; slap_score=1.37,0.0,0.0,,,
Malik McClain,WR,Arizona State,0,2026,5,Tre Nixon,Central Florida,0,2021,75.2,0.404,slap_score,draft_capital=0.19; production=0.56; slap_score=1.34,0.0,0.0,,,
Malik McClain,WR,Arizona State,0,2026,6,Kaden Prather,Maryland,0,2025,75.2,0.404,slap_score,draft_capital=0.23; production=0.52; slap_score=1.35,,,,,
Malik McClain,WR,Arizona State,0,2026,7,Mike Strachan,Charleston (WV),0,2021,75.1,0.404,slap_score,draft_capital=0.39; production=0.24; slap_score=1.38,0.0,0.0,,,
Malik McClain,WR,Arizona State,0,2026,8,Charone Peake,Clemson,0,2016,73.7,0.404,slap_score,draft_capital=0.22; production=0.30; slap_score=1.47,0.0,0.0,3.418182,3.418182,
Malik McClain,WR,Arizona State,0,2026,9,Marcell Ateman,Oklahoma St.,0,2018,73.2,0.404,slap_score,draft_capital=0.42; production=0.70; slap_score=1.41,0.0,0.0,,,
Malik McClain,WR,Arizona State,0,2026,10,Jordan Whittington,Texas,0,2024,72.9,0.404,slap_score,draft_capital=0.57; production=0.15; slap_score=1.49,0.0,0.0,2.792308,2.792308,
Devin Voisin,WR,South Alabama,0,2026,1,Bisi Johnson,Colorado State,0,2019,95.4,0.369,slap_score,draft_capital=0.13; production=0.00; slap_score=0.23,,,,,
Devin Voisin,WR,South Alabama,0,2026,2,Tre McBride,William & Mary,0,2015,94.2,0.369,slap_score,draft_capital=0.15; production=0.00; slap_score=0.30,0.0,0.0,,,
Devin Voisin,WR,South Alabama,0,2026,3,Samori Toure,Nebraska,0,2022,93.8,0.369,slap_score,draft_capital=0.01; production=0.00; slap_score=0.34,0.0,0.0,2.225,2.225,
Devin Voisin,WR,South Alabama,0,2026,4,Jalen Brooks,South Carolina,0,2023,93.8,0.369,slap_score,draft_capital=0.17; production=0.00; slap_score=0.32,0.0,0.0,2.975,2.975,
Devin Voisin,WR,South Alabama,0,2026,5,Devaughn Vele,Utah,0,2024,92.6,0.369,slap_score,draft_capital=0.33; production=0.00; slap_score=0.33,0.0,0.0,8.192308,8.192308,
Devin Voisin,WR,South Alabama,0,2026,6,Austin Proehl,North Carolina,0,2018,92.5,0.369,slap_score,draft_capital=0.05; production=0.00; slap_score=0.41,0.0,0.0,,,
Devin Voisin,WR,South Alabama,0,2026,7,Tre Nixon,Central Florida,0,2021,92.5,0.369,slap_score,draft_capital=0.19; production=0.00; slap_score=0.38,0.0,0.0,,,
Devin Voisin,WR,South Alabama,0,2026,8,Kaden Prather,Maryland,0,2025,92.2,0.369,slap_score,draft_capital=0.23; production=0.00; slap_score=0.39,,,,,
Devin Voisin,WR,South Alabama,0,2026,9,Mike Strachan,Charleston (WV),0,2021,90.8,0.369,slap_score,draft_capital=0.39; production=0.00; slap_score=0.42,0.0,0.0,,,
Devin Voisin,WR,South Alabama,0,2026,10,Charone Peake,Clemson,0,2016,90.2,0.369,slap_score,draft_capital=0.22; production=0.00; slap_score=0.51,0.0,0.0,3.418182,3.418182,
Max Tomczak,WR,Youngstown State,0,2026,1,Bisi Johnson,Colorado State,0,2019,78.0,0.369,slap_score,draft_capital=0.13; production=0.00; slap_score=1.19,,,,,
Max Tomczak,WR,Youngstown State,0,2026,2,Tre McBride,William & Mary,0,2015,76.8,0.369,slap_score,draft_capital=0.15; production=0.00; slap_score=1.26,0.0,0.0,,,
Max Tomczak,WR,Youngstown State,0,2026,3,Jalen Brooks,South Carolina,0,2023,76.4,0.369,slap_score,draft_capital=0.17; production=0.00; slap_score=1.28,0.0,0.0,2.975,2.975,
Max Tomczak,WR,Youngstown State,0,2026,4,Samori Toure,Nebraska,0,2022,76.1,0.369,slap_score,draft_capital=0.01; production=0.00; slap_score=1.30,0.0,0.0,2.225,2.225,
Max Tomczak,WR,Youngstown State,0,2026,5,Devaughn Vele,Utah,0,2024,75.9,0.369,slap_score,draft_capital=0.33; production=0.00; slap_score=1.29,0.0,0.0,8.192308,8.192308,
Max Tomczak,WR,Youngstown State,0,2026,6,Tre Nixon,Central Florida,0,2021,75.1,0.369,slap_score,draft_capital=0.19; production=0.00; slap_score=1.35,0.0,0.0,,,
Max Tomczak,WR,Youngstown State,0,2026,7,Kaden Prather,Maryland,0,2025,75.0,0.369,slap_score,draft_capital=0.23; production=0.00; slap_score=1.35,,,,,
Max Tomczak,WR,Youngstown State,0,2026,8,Austin Proehl,North Carolina,0,2018,74.8,0.369,slap_score,draft_capital=0.05; production=0.00; slap_score=1.37,0.0,0.0,,,
Max Tomczak,WR,Youngstown State,0,2026,9,Mike Strachan,Charleston (WV),0,2021,74.1,0.369,slap_score,draft_capital=0.39; production=0.00; slap_score=1.38,0.0,0.0,,,
Max Tomczak,WR,Youngstown State,0,2026,10,Marcell Ateman,Oklahoma St.,0,2018,73.5,0.369,slap_score,draft_capital=0.42; production=0.00; slap_score=1.41,0.0,0.0,,,
JoJo Earle,WR,UNLV,0,2026,1,Bisi Johnson,Colorado State,0,2019,77.7,0.369,slap_score,draft_capital=0.13; production=0.00; slap_score=1.21,,,,,
JoJo Earle,WR,UNLV,0,2026,2,Jalen Brooks,South Carolina,0,2023,77.3,0.438,slap_score,draft_capital=0.17; production=0.41; slap_score=1.29,0.0,0.0,2.975,2.975,
JoJo Earle,WR,UNLV,0,2026,3,Tre McBride,William & Mary,0,2015,76.3,0.438,slap_score,draft_capital=0.15; production=0.70; slap_score=1.27,0.0,0.0,,,
JoJo Earle,WR,UNLV,0,2026,4,Austin Proehl,North Carolina,0,2018,75.4,0.438,slap_score,draft_capital=0.05; production=0.54; slap_score=1.38,0.0,0.0,,,
JoJo Earle,WR,UNLV,0,2026,5,Mike Strachan,Charleston (WV),0,2021,74.0,0.438,slap_score,draft_capital=0.39; production=0.71; slap_score=1.39,0.0,0.0,,,
JoJo Earle,WR,UNLV,0,2026,6,Tre Nixon,Central Florida,0,2021,73.4,0.438,slap_score,draft_capital=0.19; production=0.94; slap_score=1.36,0.0,0.0,,,
JoJo Earle,WR,UNLV,0,2026,7,Kaden Prather,Maryland,0,2025,73.3,0.404,slap_score,draft_capital=0.23; production=0.89; slap_score=1.37,,,,,
JoJo Earle,WR,UNLV,0,2026,8,Richie James,Middle Tenn. St.,0,2018,73.0,0.438,slap_score,draft_capital=0.23; production=0.42; slap_score=1.55,0.0,0.0,9.892857,,
JoJo Earle,WR,UNLV,0,2026,9,Charone Peake,Clemson,0,2016,72.6,0.438,slap_score,draft_capital=0.22; production=0.76; slap_score=1.49,0.0,0.0,3.418182,3.418182,
JoJo Earle,WR,UNLV,0,2026,10,Ryan Flournoy,SE Missouri St.,0,2024,72.4,0.404,slap_score,draft_capital=0.54; production=0.29; slap_score=1.51,0.0,0.0,8.769231,8.769231,
Chris Hilton,WR,LSU,0,2026,1,Bisi Johnson,Colorado State,0,2019,84.7,0.369,slap_score,draft_capital=0.13; production=0.00; slap_score=0.82,,,,,
Chris Hilton,WR,LSU,0,2026,2,Jalen Brooks,South Carolina,0,2023,83.8,0.404,slap_score,draft_capital=0.17; production=0.13; slap_score=0.91,0.0,0.0,2.975,2.975,
Chris Hilton,WR,LSU,0,2026,3,Tre McBride,William & Mary,0,2015,83.7,0.404,slap_score,draft_capital=0.15; production=0.35; slap_score=0.89,0.0,0.0,,,
Chris Hilton,WR,LSU,0,2026,4,Austin Proehl,North Carolina,0,2018,82.4,0.404,slap_score,draft_capital=0.05; production=0.03; slap_score=1.00,0.0,0.0,,,
Chris Hilton,WR,LSU,0,2026,5,Mike Strachan,Charleston (WV),0,2021,81.1,0.404,slap_score,draft_capital=0.39; production=0.35; slap_score=1.01,0.0,0.0,,,
Chris Hilton,WR,LSU,0,2026,6,Kaden Prather,Maryland,0,2025,80.8,0.404,slap_score,draft_capital=0.23; production=0.63; slap_score=0.98,,,,,
Chris Hilton,WR,LSU,0,2026,7,Tre Nixon,Central Florida,0,2021,80.7,0.404,slap_score,draft_capital=0.19; production=0.68; slap_score=0.97,0.0,0.0,,,
Chris Hilton,WR,LSU,0,2026,8,Charone Peake,Clemson,0,2016,79.7,0.404,slap_score,draft_capital=0.22; production=0.42; slap_score=1.10,0.0,0.0,3.418182,3.418182,
Chris Hilton,WR,LSU,0,2026,9,Richie James,Middle Tenn. St.,0,2018,79.2,0.404,slap_score,draft_capital=0.23; production=0.17; slap_score=1.17,0.0,0.0,9.892857,,
Chris Hilton,WR,LSU,0,2026,10,Jordan Whittington,Texas,0,2024,78.9,0.404,slap_score,draft_capital=0.57; production=0.27; slap_score=1.12,0.0,0.0,2.792308,2.792308,
Christian Leary,WR,Western Michigan,0,2026,1,Bisi Johnson,Colorado State,0,2019,77.5,0.369,slap_score,draft_capital=0.13; production=0.00; slap_score=1.22,,,,,
Christian Leary,WR,Western Michigan,0,2026,2,Jalen Brooks,South Carolina,0,2023,77.3,0.438,slap_score,draft_capital=0.17; production=0.37; slap_score=1.30,0.0,0.0,2.975,2.975,
Christian Leary,WR,Western Michigan,0,2026,3,Tre McBride,William & Mary,0,2015,76.7,0.438,slap_score,draft_capital=0.15; production=0.59; slap_score=1.28,0.0,0.0,,,
Christian Leary,WR,Western Michigan,0,2026,4,Austin Proehl,North Carolina,0,2018,76.0,0.438,slap_score,draft_capital=0.05; production=0.36; slap_score=1.39,0.0,0.0,,,
Christian Leary,WR,Western Michigan,0,2026,5,Mike Strachan,Charleston (WV),0,2021,74.4,0.438,slap_score,draft_capital=0.39; production=0.60; slap_score=1.40,0.0,0.0,,,
Christian Leary,WR,Western Michigan,0,2026,6,Tre Nixon,Central Florida,0,2021,73.7,0.438,slap_score,draft_capital=0.19; production=0.87; slap_score=1.37,0.0,0.0,,,
Christian Leary,WR,Western Michigan,0,2026,7,Charone Peake,Clemson,0,2016,73.0,0.438,slap_score,draft_capital=0.22; production=0.65; slap_score=1.50,0.0,0.0,3.418182,3.418182,
Christian Leary,WR,Western Michigan,0,2026,8,Kaden Prather,Maryland,0,2025,73.0,0.404,slap_score,draft_capital=0.23; production=0.93; slap_score=1.37,,,,,
Christian Leary,WR,Western Michigan,0,2026,9,Richie James,Middle Tenn. St.,0,2018,72.9,0.438,slap_score,draft_capital=0.23; production=0.40; slap_score=1.56,0.0,0.0,9.892857,,
Christian Leary,WR,Western Michigan,0,2026,10,Jordan Whittington,Texas,0,2024,72.7,0.438,slap_score,draft_capital=0.57; production=0.50; slap_score=1.51,0.0,0.0,2.792308,2.792308,
Dacari Collins,WR,Louisville,0,2026,1,Bisi Johnson,Colorado State,0,2019,77.2,0.369,slap_score,draft_capital=0.13; production=0.00; slap_score=1.23,,,,,
Dacari Collins,WR,Louisville,0,2026,2,Jalen Brooks,South Carolina,0,2023,76.5,0.404,slap_score,draft_capital=0.17; production=0.22; slap_score=1.32,0.0,0.0,2.975,2.975,
Dacari Collins,WR,Louisville,0,2026,3,Tre McBride,William & Mary,0,2015,76.4,0.404,slap_score,draft_capital=0.15; production=0.44; slap_score=1.30,0.0,0.0,,,
Dacari Collins,WR,Louisville,0,2026,4,Austin Proehl,North Carolina,0,2018,75.2,0.404,slap_score,draft_capital=0.05; production=0.12; slap_score=1.41,0.0,0.0,,,
Dacari Collins,WR,Louisville,0,2026,5,Mike Strachan,Charleston (WV),0,2021,74.0,0.404,slap_score,draft_capital=0.39; production=0.44; slap_score=1.42,0.0,0.0,,,
Dacari Collins,WR,Louisville,0,2026,6,Tre Nixon,Central Florida,0,2021,73.7,0.404,slap_score,draft_capital=0.19; production=0.76; slap_score=1.39,0.0,0.0,,,
Dacari Collins,WR,Louisville,0,2026,7,Kaden Prather,Maryland,0,2025,73.7,0.404,slap_score,draft_capital=0.23; production=0.72; slap_score=1.39,,,,,
Dacari Collins,WR,Louisville,0,2026,8,Charone Peake,Clemson,0,2016,72.5,0.404,slap_score,draft_capital=0.22; production=0.50; slap_score=1.51,0.0,0.0,3.418182,3.418182,
Dacari Collins,WR,Louisville,0,2026,9,Richie James,Middle Tenn. St.,0,2018,71.9,0.404,slap_score,draft_capital=0.23; production=0.25; slap_score=1.58,0.0,0.0,9.892857,,
Dacari Collins,WR,Louisville,0,2026,10,Jordan Whittington,Texas,0,2024,71.9,0.404,slap_score,draft_capital=0.57; production=0.35; slap_score=1.53,0.0,0.0,2.792308,2.792308,
Deion Colzie,WR,Miami (OH),0,2026,1,Bisi Johnson,Colorado State,0,2019,77.2,0.369,slap_score,draft_capital=0.13; production=0.00; slap_score=1.24,,,,,
Deion Colzie,WR,Miami (OH),0,2026,2,Jalen Brooks,South Carolina,0,2023,76.5,0.404,slap_score,draft_capital=0.17; production=0.24; slap_score=1.32,0.0,0.0,2.975,2.975,
Deion Colzie,WR,Miami (OH),0,2026,3,Tre McBride,William & Mary,0,2015,76.3,0.404,slap_score,draft_capital=0.15; production=0.46; slap_score=1.30,0.0,0.0,,,
Deion Colzie,WR,Miami (OH),0,2026,4,Austin Proehl,North Carolina,0,2018,75.1,0.404,slap_score,draft_capital=0.05; production=0.14; slap_score=1.41,0.0,0.0,,,
Deion Colzie,WR,Miami (OH),0,2026,5,Mike Strachan,Charleston (WV),0,2021,73.9,0.404,slap_score,draft_capital=0.39; production=0.46; slap_score=1.42,0.0,0.0,,,
Deion Colzie,WR,Miami (OH),0,2026,6,Kaden Prather,Maryland,0,2025,73.6,0.404,slap_score,draft_capital=0.23; production=0.74; slap_score=1.39,,,,,
Deion Colzie,WR,Miami (OH),0,2026,7,Tre Nixon,Central Florida,0,2021,73.5,0.404,slap_score,draft_capital=0.19; production=0.78; slap_score=1.39,0.0,0.0,,,
Deion Colzie,WR,Miami (OH),0,2026,8,Charone Peake,Clemson,0,2016,72.4,0.404,slap_score,draft_capital=0.22; production=0.52; slap_score=1.51,0.0,0.0,3.418182,3.418182,
Deion Colzie,WR,Miami (OH),0,2026,9,Richie James,Middle Tenn. St.,0,2018,71.8,0.404,slap_score,draft_capital=0.23; production=0.27; slap_score=1.58,0.0,0.0,9.892857,,
Deion Colzie,WR,Miami (OH),0,2026,10,Jordan Whittington,Texas,0,2024,71.8,0.404,slap_score,draft_capital=0.57; production=0.37; slap_score=1.53,0.0,0.0,2.792308,2.792308,
Talyn Shettron,WR,Oklahoma State,0,2026,1,Bisi Johnson,Colorado State,0,2019,98.7,0.369,slap_score,draft_capital=0.03; production=0.00; slap_score=0.07,,,,,
Talyn Shettron,WR,Oklahoma State,0,2026,2,Jalen Brooks,South Carolina,0,2023,95.8,0.404,production,draft_capital=0.06; production=0.25; slap_score=0.15,0.0,0.0,2.975,2.975,
Talyn Shettron,WR,Oklahoma State,0,2026,3,Austin Proehl,North Carolina,0,2018,95.3,0.404,slap_score,draft_capital=0.05; production=0.15; slap_score=0.24,0.0,0.0,,,
Talyn Shettron,WR,Oklahoma State,0,2026,4,Tre McBride,William & Mary,0,2015,93.6,0.404,production,draft_capital=0.05; production=0.47; slap_score=0.13,0.0,0.0,,,
Talyn Shettron,WR,Oklahoma State,0,2026,5,Richie James,Middle Tenn. St.,0,2018,91.8,0.404,slap_score,draft_capital=0.13; production=0.28; slap_score=0.41,0.0,0.0,9.892857,,
Talyn Shettron,WR,Oklahoma State,0,2026,6,Mike Strachan,Charleston (WV),0,2021,91.8,0.404,production,draft_capital=0.29; production=0.47; slap_score=0.25,0.0,0.0,,,
Talyn Shettron,WR,Oklahoma State,0,2026,7,Tommy Mellott,Montana State,0,2025,91.4,0.369,draft_capital,draft_capital=0.47; production=0.00; slap_score=0.33,,,,,
Talyn Shettron,WR,Oklahoma State,0,2026,8,Ryan Flournoy,SE Missouri St.,0,2024,91.2,0.369,draft_capital,draft_capital=0.44; production=0.00; slap_score=0.36,0.0,0.0,8.769231,8.769231,
Talyn Shettron,WR,Oklahoma State,0,2026,9,Charone Peake,Clemson,0,2016,90.8,0.404,production,draft_capital=0.11; production=0.53; slap_score=0.34,0.0,0.0,3.418182,3.418182,
Talyn Shettron,WR,Oklahoma State,0,2026,10,Jordan Whittington,Texas,0,2024,90.1,0.404,draft_capital,draft_capital=0.47; production=0.38; slap_score=0.36,0.0,0.0,2.792308,2.792308,
Tobias Merriweather,WR,Utah,0,2026,1,Bisi Johnson,Colorado State,0,2019,76.3,0.369,slap_score,draft_capital=0.13; production=0.00; slap_score=1.28,,,,,
Tobias Merriweather,WR,Utah,0,2026,2,Jalen Brooks,South Carolina,0,2023,75.1,0.404,slap_score,draft_capital=0.17; production=0.47; slap_score=1.37,0.0,0.0,2.975,2.975,
Tobias Merriweather,WR,Utah,0,2026,3,Tre McBride,William & Mary,0,2015,74.7,0.404,slap_score,draft_capital=0.15; production=0.69; slap_score=1.35,0.0,0.0,,,
Tobias Merriweather,WR,Utah,0,2026,4,Austin Proehl,North Carolina,0,2018,73.9,0.404,slap_score,draft_capital=0.05; production=0.37; slap_score=1.46,0.0,0.0,,,
Tobias Merriweather,WR,Utah,0,2026,5,Mike Strachan,Charleston (WV),0,2021,72.3,0.404,slap_score,draft_capital=0.39; production=0.69; slap_score=1.47,0.0,0.0,,,
Tobias Merriweather,WR,Utah,0,2026,6,Kaden Prather,Maryland,0,2025,71.7,0.404,slap_score,draft_capital=0.23; production=0.97; slap_score=1.44,,,,,
Tobias Merriweather,WR,Utah,0,2026,7,Tre Nixon,Central Florida,0,2021,71.6,0.404,slap_score,draft_capital=0.19; production=1.01; slap_score=1.44,0.0,0.0,,,
Tobias Merriweather,WR,Utah,0,2026,8,Charone Peake,Clemson,0,2016,70.8,0.404,slap_score,draft_capital=0.22; production=0.75; slap_score=1.56,0.0,0.0,3.418182,3.418182,
Tobias Merriweather,WR,Utah,0,2026,9,Tommy Mellott,Montana State,0,2025,70.6,0.369,slap_score,draft_capital=0.57; production=0.00; slap_score=1.54,,,,,
Tobias Merriweather,WR,Utah,0,2026,10,Richie James,Middle Tenn. St.,0,2018,70.5,0.404,slap_score,draft_capital=0.23; production=0.50; slap_score=1.63,0.0,0.0,9.892857,,
Jaden Bray,WR,West Virginia,0,2026,1,Bisi Johnson,Colorado State,0,2019,97.9,0.369,slap_score,draft_capital=0.03; production=0.00; slap_score=0.11,,,,,
Jaden Bray,WR,West Virginia,0,2026,2,Austin Proehl,North Carolina,0,2018,93.0,0.404,production,draft_capital=0.05; production=0.38; slap_score=0.29,0.0,0.0,,,
Jaden Bray,WR,West Virginia,0,2026,3,Jalen Brooks,South Carolina,0,2023,92.9,0.404,production,draft_capital=0.06; production=0.48; slap_score=0.20,0.0,0.0,2.975,2.975,
Jaden Bray,WR,West Virginia,0,2026,4,Tommy Mellott,Montana State,0,2025,90.8,0.369,draft_capital,draft_capital=0.47; production=0.00; slap_score=0.38,,,,,
Jaden Bray,WR,West Virginia,0,2026,5,Tre McBride,William & Mary,0,2015,90.6,0.404,production,draft_capital=0.05; production=0.70; slap_score=0.18,0.0,0.0,,,
Jaden Bray,WR,West Virginia,0,2026,6,Ryan Flournoy,SE Missouri St.,0,2024,90.5,0.369,draft_capital,draft_capital=0.44; production=0.00; slap_score=0.41,0.0,0.0,8.769231,8.769231,
Jaden Bray,WR,West Virginia,0,2026,7,Richie James,Middle Tenn. St.,0,2018,89.5,0.404,production,draft_capital=0.13; production=0.52; slap_score=0.46,0.0,0.0,9.892857,,
Jaden Bray,WR,West Virginia,0,2026,8,Mike Strachan,Charleston (WV),0,2021,89.1,0.404,production,draft_capital=0.29; production=0.70; slap_score=0.30,0.0,0.0,,,
Jaden Bray,WR,West Virginia,0,2026,9,Charone Peake,Clemson,0,2016,88.0,0.404,production,draft_capital=0.11; production=0.76; slap_score=0.39,0.0,0.0,3.418182,3.418182,
Jaden Bray,WR,West Virginia,0,2026,10,Jordan Whittington,Texas,0,2024,87.9,0.404,production,draft_capital=0.47; production=0.61; slap_score=0.41,0.0,0.0,2.792308,2.792308,
Andre Greene Jr.,WR,Virginia,0,2026,1,Bisi Johnson,Colorado State,0,2019,97.7,0.369,slap_score,draft_capital=0.03; production=0.00; slap_score=0.12,,,,,
Andre Greene Jr.,WR,Virginia,0,2026,2,Austin Proehl,North Carolina,0,2018,92.4,0.404,production,draft_capital=0.05; production=0.43; slap_score=0.30,0.0,0.0,,,
Andre Greene Jr.,WR,Virginia,0,2026,3,Jalen Brooks,South Carolina,0,2023,92.3,0.404,production,draft_capital=0.06; production=0.53; slap_score=0.21,0.0,0.0,2.975,2.975,
Andre Greene Jr.,WR,Virginia,0,2026,4,Tommy Mellott,Montana State,0,2025,90.7,0.369,draft_capital,draft_capital=0.47; production=0.00; slap_score=0.38,,,,,
Andre Greene Jr.,WR,Virginia,0,2026,5,Ryan Flournoy,SE Missouri St.,0,2024,90.4,0.369,draft_capital,draft_capital=0.44; production=0.00; slap_score=0.42,0.0,0.0,8.769231,8.769231,
Andre Greene Jr.,WR,Virginia,0,2026,6,Tre McBride,William & Mary,0,2015,90.0,0.404,production,draft_capital=0.05; production=0.75; slap_score=0.19,0.0,0.0,,,
Andre Greene Jr.,WR,Virginia,0,2026,7,Richie James,Middle Tenn. St.,0,2018,89.0,0.404,production,draft_capital=0.13; production=0.56; slap_score=0.47,0.0,0.0,9.892857,,
Andre Greene Jr.,WR,Virginia,0,2026,8,Mike Strachan,Charleston (WV),0,2021,88.5,0.404,production,draft_capital=0.29; production=0.75; slap_score=0.31,0.0,0.0,,,
Andre Greene Jr.,WR,Virginia,0,2026,9,Charone Peake,Clemson,0,2016,87.5,0.404,production,draft_capital=0.11; production=0.81; slap_score=0.40,0.0,0.0,3.418182,3.418182,
Andre Greene Jr.,WR,Virginia,0,2026,10,Jordan Whittington,Texas,0,2024,87.5,0.404,production,draft_capital=0.47; production=0.66; slap_score=0.42,0.0,0.0,2.792308,2.792308,
Kyion Grayes,WR,California,0,2026,1,Bisi Johnson,Colorado State,0,2019,75.9,0.369,slap_score,draft_capital=0.13; production=0.00; slap_score=1.31,,,,,
Kyion Grayes,WR,California,0,2026,2,Jalen Brooks,South Carolina,0,2023,74.3,0.404,slap_score,draft_capital=0.17; production=0.58; slap_score=1.39,0.0,0.0,2.975,2.975,
Kyion Grayes,WR,California,0,2026,3,Tre McBride,William & Mary,0,2015,73.8,0.404,slap_score,draft_capital=0.15; production=0.80; slap_score=1.37,0.0,0.0,,,
Kyion Grayes,WR,California,0,2026,4,Austin Proehl,North Carolina,0,2018,73.2,0.404,slap_score,draft_capital=0.05; production=0.49; slap_score=1.48,0.0,0.0,,,
Kyion Grayes,WR,California,0,2026,5,Mike Strachan,Charleston (WV),0,2021,71.4,0.404,slap_score,draft_capital=0.39; production=0.80; slap_score=1.49,0.0,0.0,,,
Kyion Grayes,WR,California,0,2026,6,Kaden Prather,Maryland,0,2025,70.7,0.404,slap_score,draft_capital=0.23; production=1.08; slap_score=1.46,,,,,
Kyion Grayes,WR,California,0,2026,7,Tre Nixon,Central Florida,0,2021,70.5,0.404,slap_score,draft_capital=0.19; production=1.13; slap_score=1.46,0.0,0.0,,,
Kyion Grayes,WR,California,0,2026,8,Tommy Mellott,Montana State,0,2025,70.2,0.369,slap_score,draft_capital=0.57; production=0.00; slap_score=1.57,,,,,
Kyion Grayes,WR,California,0,2026,9,Charone Peake,Clemson,0,2016,69.9,0.404,slap_score,draft_capital=0.22; production=0.87; slap_score=1.58,0.0,0.0,3.418182,3.418182,
Kyion Grayes,WR,California,0,2026,10,Richie James,Middle Tenn. St.,0,2018,69.8,0.404,slap_score,draft_capital=0.23; production=0.62; slap_score=1.65,0.0,0.0,9.892857,,
Jayden McGowan,WR,Charlotte,0,2026,1,Bisi Johnson,Colorado State,0,2019,97.4,0.369,slap_score,draft_capital=0.03; production=0.00; slap_score=0.14,,,,,
Jayden McGowan,WR,Charlotte,0,2026,2,Austin Proehl,North Carolina,0,2018,91.6,0.404,production,draft_capital=0.05; production=0.50; slap_score=0.31,0.0,0.0,,,
Jayden McGowan,WR,Charlotte,0,2026,3,Jalen Brooks,South Carolina,0,2023,91.5,0.404,production,draft_capital=0.06; production=0.60; slap_score=0.22,0.0,0.0,2.975,2.975,
Jayden McGowan,WR,Charlotte,0,2026,4,Tommy Mellott,Montana State,0,2025,90.5,0.369,draft_capital,draft_capital=0.47; production=0.00; slap_score=0.40,,,,,
Jayden McGowan,WR,Charlotte,0,2026,5,Ryan Flournoy,SE Missouri St.,0,2024,90.2,0.369,draft_capital,draft_capital=0.44; production=0.00; slap_score=0.43,0.0,0.0,8.769231,8.769231,
Jayden McGowan,WR,Charlotte,0,2026,6,Tre McBride,William & Mary,0,2015,89.1,0.404,production,draft_capital=0.05; production=0.82; slap_score=0.20,0.0,0.0,,,
Jayden McGowan,WR,Charlotte,0,2026,7,Richie James,Middle Tenn. St.,0,2018,88.3,0.404,production,draft_capital=0.13; production=0.63; slap_score=0.48,0.0,0.0,9.892857,,
Jayden McGowan,WR,Charlotte,0,2026,8,Mike Strachan,Charleston (WV),0,2021,87.7,0.404,production,draft_capital=0.29; production=0.82; slap_score=0.32,0.0,0.0,,,
Jayden McGowan,WR,Charlotte,0,2026,9,Jordan Whittington,Texas,0,2024,86.7,0.404,production,draft_capital=0.47; production=0.73; slap_score=0.43,0.0,0.0,2.792308,2.792308,
Jayden McGowan,WR,Charlotte,0,2026,10,Charone Peake,Clemson,0,2016,86.6,0.404,production,draft_capital=0.11; production=0.88; slap_score=0.41,0.0,0.0,3.418182,3.418182,
Jayden Thomas,WR,Virginia,0,2026,1,Bisi Johnson,Colorado State,0,2019,75.9,0.369,slap_score,draft_capital=0.13; production=0.00; slap_score=1.31,,,,,
Jayden Thomas,WR,Virginia,0,2026,2,Jalen Brooks,South Carolina,0,2023,74.3,0.404,slap_score,draft_capital=0.17; production=0.60; slap_score=1.39,0.0,0.0,2.975,2.975,
Jayden Thomas,WR,Virginia,0,2026,3,Tre McBride,William & Mary,0,2015,73.7,0.404,slap_score,draft_capital=0.15; production=0.82; slap_score=1.37,0.0,0.0,,,
Jayden Thomas,WR,Virginia,0,2026,4,Austin Proehl,North Carolina,0,2018,73.2,0.404,slap_score,draft_capital=0.05; production=0.50; slap_score=1.48,0.0,0.0,,,
Jayden Thomas,WR,Virginia,0,2026,5,Mike Strachan,Charleston (WV),0,2021,71.3,0.404,slap_score,draft_capital=0.39; production=0.82; slap_score=1.49,0.0,0.0,,,
Jayden Thomas,WR,Virginia,0,2026,6,Kaden Prather,Maryland,0,2025,70.6,0.404,slap_score,draft_capital=0.23; production=1.09; slap_score=1.47,,,,,
Jayden Thomas,WR,Virginia,0,2026,7,Tre Nixon,Central Florida,0,2021,70.4,0.404,slap_score,draft_capital=0.19; production=1.14; slap_score=1.46,0.0,0.0,,,
Jayden Thomas,WR,Virginia,0,2026,8,Tommy Mellott,Montana State,0,2025,70.2,0.369,slap_score,draft_capital=0.57; production=0.00; slap_score=1.57,,,,,
Jayden Thomas,WR,Virginia,0,2026,9,Charone Peake,Clemson,0,2016,69.8,0.404,slap_score,draft_capital=0.22; production=0.88; slap_score=1.59,0.0,0.0,3.418182,3.418182,
Jayden Thomas,WR,Virginia,0,2026,10,Richie James,Middle Tenn. St.,0,2018,69.7,0.404,slap_score,draft_capital=0.23; production=0.63; slap_score=1.65,0.0,0.0,9.892857,,
