player_name,position,college,conference,draft_year,draft_pick,draft_round,dataset,birthdate,draft_age,slap_display_score,slap_model_score,dc_score,prospect_profile,breakout_score,production_score,speed_score,te_breakout_score,te_production_score,ras_score,teammate_score,early_declare_score,height_in,weight,hand_size,arm_length,wingspan,bmi,forty,ten_yard_split,vertical_jump,broad_jump_inches,bench_press,three_cone,twenty_yard_shuttle,ras_unofficial,rush_yards,rush_attempts,rush_tds,yards_per_carry,games_played,rec_yards,receptions,rec_tds,yards_per_reception,dominator_rating,rec_yards_share,rec_td_share,peak_dominator,breakout_age,breakout_season,rec_yards_per_team_pass_att,team_pass_att,bdr,anatomy_wdom,anatomy_yptpa,anatomy_ypr_dom,anatomy_boy,anatomy_ypr,anatomy_boa,anatomy_peak_yardage,anatomy_peak_rec,anatomy_burst_score,anatomy_college_ypa,anatomy_ypa_dom,pff_overall_grade,pff_receiving_grade,pff_rushing_grade,pff_yprr,yards_per_route_run,pff_elusive_rating,nfl_best_ppr,nfl_best_ppg,nfl_career_ppg,nfl_first_3yr_ppg,nfl_hit24,nfl_hit12,nfl_seasons_10ppg_3yr,nfl_seasons_10ppg,nfl_games,teammate_count,total_teammate_dc,teammate_names,college_seasons_found,seasons_played
Todd Gurley,RB,Georgia,Georgia,2015,10,1,backtest,1994-08-03,21.0,89.3,66.16,96.4,17.4,,11.1,55.3,,,,,,73.0,222.0,,,,29.29,4.52,,,,17.0,,,,,,,,,57.0,12.0,,4.75,,,,,,,0.17701863354037267,322.0,,,,,,,,1502.0,37.0,,6.4,10.0,,,,,,,385.3,23.8,26.58,25.69,1.0,1.0,3.0,6.0,88.0,,,,,
Melvin Gordon,RB,Wisconsin,Wisconsin,2015,15,1,backtest,1993-04-13,22.0,92.0,69.15,95.5,31.3,,28.5,48.0,,,8.74,,,73.0,215.0,,,,28.36,4.52,,35.0,126.0,19.0,7.04,4.07,,,,,,,153.0,19.0,,8.052631578947368,,,,,,,0.4751552795031056,322.0,61.57680448561285,,,,,,,2740.0,19.0,122.5,7.8,8.3,,,,,,,288.1,17.44,22.96,19.28,1.0,1.0,2.0,6.0,112.0,,,,,
T.J. Yeldon,RB,Alabama,Alabama,2015,36,2,backtest,1993-10-02,21.0,83.6,61.78,90.2,27.4,,25.1,41.6,,,7.05,,,73.0,226.0,,,,29.81,4.61,,36.0,117.0,22.0,7.19,4.22,,,,,,,180.0,15.0,,12.0,,,,,,,0.3991130820399113,451.0,30.58592644978784,,,,,,,1418.0,20.0,119.7,5.8,-2.7,,,,,,,173.1,10.18,12.99,12.99,1.0,0.0,1.0,2.0,58.0,,,,,
Ameer Abdullah,RB,Nebraska,Nebraska,2015,54,2,backtest,1993-06-13,22.0,84.9,62.7,84.1,41.8,,45.0,23.1,,,8.66,,,69.0,205.0,,,,30.27,4.6,,42.5,130.0,24.0,6.79,3.95,,,,,,,269.0,22.0,,12.227272727272727,,,,,,,0.7493036211699164,359.0,78.73028532854593,,,,,,,1922.0,26.0,137.3,5.6,3.7,,,,,,,125.2,7.36,9.63,8.89,0.0,0.0,0.0,0.0,122.0,,,,,
Tevin Coleman,RB,Indiana,Indiana,2015,73,3,backtest,1993-04-16,22.0,72.6,55.52,78.3,32.2,,27.0,63.0,,,9.72,,,71.0,206.0,,,,28.73,4.4,,,,22.0,,,,,,,,,141.0,25.0,,5.64,,,,,,,0.4504792332268371,313.0,68.57955761889384,,,,,,,2177.0,25.0,,7.1,32.5,,,,,,,193.6,13.76,14.7,14.7,1.0,0.0,2.0,3.0,89.0,,,,,
Duke Johnson,RB,Miami (FL),Miami (FL),2015,77,3,backtest,1993-09-23,21.0,88.5,65.6,76.6,63.1,,67.7,35.9,,,6.98,,,69.0,207.0,,,,30.57,4.54,,33.5,121.0,,,,,,,,,,421.0,38.0,,11.078947368421053,,,,,,,1.0767263427109974,391.0,,,,,,,,2073.0,38.0,117.5,6.7,20.6,,,,,,,216.1,12.71,13.51,13.51,1.0,1.0,2.0,2.0,97.0,,,,,
David Johnson,RB,Northern Iowa,Northern Iowa,2015,86,3,backtest,1991-12-16,23.0,73.1,56.29,74.0,41.2,,37.8,61.6,,,9.84,,,73.0,224.0,,,,29.55,4.5,,41.5,127.0,25.0,6.82,4.27,,,,,,,276.0,10.0,,27.6,,,,,,,0.6618705035971223,417.0,73.35600907029479,,,,,,,2089.0,38.0,134.1,5.4,,,,,,,,407.8,23.99,25.49,25.49,1.0,1.0,2.0,5.0,90.0,,,,,
Matt Jones,RB,Florida,Florida,2015,95,3,backtest,1993-03-07,22.0,53.3,46.23,69.1,16.9,,12.0,46.4,,,5.23,,,74.0,231.0,,,,29.66,4.61,,31.5,112.0,20.0,,4.2,,,,,,,65.0,11.0,,5.909090909090909,,,,,,,0.2006172839506173,324.0,46.5123891260255,,,,,,,882.0,11.0,109.6,4.8,4.3,,,,,,,116.4,6.85,8.95,8.95,0.0,0.0,0.0,0.0,22.0,,,,,
Jeremy Langford,RB,Michigan St.,Michigan St.,2015,106,4,backtest,1991-12-06,23.0,49.3,44.16,66.0,16.3,,8.9,61.0,,,7.52,,,72.0,208.0,,,,28.21,4.42,,34.5,118.0,,7.22,4.32,,,,,,,62.0,11.0,,5.636363636363637,,,,,,,0.155,400.0,54.94276161374607,,,,,,,1584.0,28.0,117.7,5.1,-2.7,,,,,,,147.6,8.68,9.84,9.84,0.0,0.0,0.0,0.0,28.0,,,,,
Javorius Allen,RB,USC,USC,2015,125,4,backtest,1991-08-27,24.0,70.9,54.25,55.7,53.8,,54.0,52.2,,,8.02,,,72.0,221.0,,,,29.97,4.53,,35.5,121.0,11.0,6.96,4.28,,,,,,,458.0,41.0,,11.170731707317072,,,,,,,0.9956521739130435,460.0,62.90394483981152,,,,,,,1947.0,41.0,120.9,5.5,,,,,,,,166.1,9.77,10.38,10.38,1.0,0.0,1.0,1.0,49.0,,,,,
Mike Davis,RB,South Carolina,South Carolina,2015,126,4,backtest,1993-02-19,22.0,64.3,51.07,54.4,45.1,,47.2,32.9,,,6.09,,,69.0,217.0,,,,32.04,4.61,,34.0,116.0,17.0,7.0,4.18,,,,,,,368.0,32.0,,11.5,,,,,,,0.7863247863247863,468.0,56.6520101192784,,,,,,,1535.0,34.0,115.8,5.4,14.9,,,,,,,206.5,12.15,14.75,,1.0,1.0,,1.0,73.0,,,,,
David Cobb,RB,Minnesota,Minnesota,2015,138,5,backtest,1993-06-03,22.0,52.0,45.44,47.6,34.2,,38.3,10.0,,,4.55,,,71.0,229.0,,,,31.94,4.81,,38.5,121.0,17.0,,,,,,,,,162.0,16.0,,10.125,,,,,,,0.6377952755905512,254.0,68.11123732443531,,,,,,,1791.0,17.0,126.0,5.1,6.3,,,,,,,21.4,1.26,,,0.0,0.0,,0.0,7.0,,,,,
Jay Ajayi,RB,Boise St.,Boise St.,2015,149,5,backtest,1993-06-15,22.0,72.2,55.42,43.2,67.3,,71.2,44.3,,,8.63,,,72.0,221.0,,,,29.97,4.57,,39.0,121.0,19.0,7.1,4.1,,,,,,,535.0,50.0,,10.7,,,,,,,1.1862527716186253,451.0,82.36470822447019,,,,,,,2358.0,50.0,126.8,5.6,10.7,,,,,,,215.3,13.11,14.35,14.35,1.0,1.0,1.0,1.0,45.0,,,,,
Karlos Williams,RB,Florida St.,Florida St.,2015,155,5,backtest,1993-05-04,22.0,48.5,43.85,38.8,36.7,,30.8,72.3,,,6.41,,,73.0,230.0,,,,30.34,4.48,,33.5,117.0,16.0,7.16,4.46,,,,,,,265.0,29.0,,9.137931034482758,,,,,,,0.5135658914728682,516.0,40.29365578031314,,,,,,,954.0,29.0,115.5,5.9,8.3,,,,,,,124.3,7.31,11.3,11.3,0.0,0.0,1.0,1.0,11.0,,,,,
Cameron Artis-Payne,RB,Auburn,Auburn,2015,174,5,backtest,1990-06-23,25.0,26.0,37.32,31.8,25.7,,22.8,42.9,,,6.0,,,70.0,212.0,,,,30.42,4.53,,36.5,118.0,,7.13,,,,,,,,147.0,13.0,,11.307692307692308,,,,,,,0.4427710843373494,332.0,49.174027137736815,,,,,,,1755.0,13.0,121.1,5.6,-6.7,,,,,,,35.1,2.17,,,0.0,0.0,,0.0,18.0,,,,,
Josh Robinson,RB,Mississippi St.,Mississippi St.,2015,205,6,backtest,1992-08-24,23.0,33.5,40.12,20.6,45.3,,50.0,17.4,,,1.1,,,68.0,217.0,,,,32.99,4.7,,32.0,113.0,21.0,,,,,,,,,370.0,28.0,,13.214285714285714,,,,,,,0.8747044917257684,423.0,79.7402820136015,,,,,,,1573.0,28.0,110.9,6.2,10.7,,,,,,,11.2,0.66,,,0.0,0.0,,0.0,5.0,,,,,
Marcus Murphy,RB,Missouri,Missouri,2015,230,7,backtest,1991-10-03,23.0,13.7,30.61,12.9,27.1,,29.2,14.6,,,0.24,,,69.0,198.0,,,,29.24,4.61,,29.0,109.0,11.0,,4.4,,,,,,,212.0,28.0,,7.571428571428571,,,,,,,0.5108433734939759,415.0,62.20281187703284,,,,,,,1136.0,28.0,103.8,5.8,16.9,,,,,,,38.6,2.27,4.29,,0.0,0.0,,0.0,13.0,,,,,
Kenny Hilliard,RB,LSU,LSU,2015,235,7,backtest,1991-10-03,23.0,2.3,22.92,10.9,6.9,,7.2,4.6,,,0.91,,,72.0,226.0,,,,30.65,4.83,,27.0,111.0,,7.17,4.4,,,,,,,35.0,4.0,,8.75,,,,,,,0.12681159420289856,276.0,13.507635406943963,,,,,,,485.0,4.0,101.4,5.2,-2.9,,,,,,,0.0,0.0,,,0.0,0.0,,,0.0,,,,,
Ezekiel Elliott,RB,Ohio St.,Ohio St.,2016,4,1,backtest,1995-07-22,21.0,95.9,78.28,98.3,44.0,,39.8,69.1,,,8.65,,,72.0,225.0,,,,30.51,4.47,,32.5,118.0,,,,,,,,,,206.0,27.0,,7.62962962962963,,,,,,,0.6338461538461538,325.0,49.939996096513696,,,,,,,2098.0,28.0,114.3,6.7,7.0,88.8,,83.2,,,61.5,329.1,21.8,21.94,21.94,1.0,1.0,3.0,8.0,135.0,,,,,
Derrick Henry,RB,Alabama,Alabama,2016,45,2,backtest,1994-01-04,22.0,76.1,57.55,86.7,21.5,,12.2,76.8,,,8.77,,,75.0,247.0,,,,30.87,4.54,,37.0,130.0,22.0,7.2,4.38,,,,,,,91.0,11.0,,8.272727272727273,,,,,,,0.2040358744394619,446.0,47.54627618205126,,,,,,,2310.0,11.0,127.9,6.0,6.6,82.7,,83.0,,,71.6,336.4,22.44,24.16,12.58,1.0,1.0,1.0,8.0,152.0,,,,,
Kenyan Drake,RB,Alabama,Alabama,2016,73,3,backtest,1994-01-26,22.0,77.5,58.24,78.3,40.0,,37.1,56.9,,,6.98,,,73.0,210.0,,,,27.7,4.45,,34.5,123.0,10.0,7.04,4.21,,,,,,,276.0,29.0,,9.517241379310345,,,,,,,0.6188340807174888,446.0,47.4539118646273,,,,,,,829.0,29.0,120.2,6.4,11.1,84.3,,82.4,,,100.6,217.0,12.41,15.5,12.89,1.0,0.0,2.0,4.0,98.0,,,,,
C.J. Prosise,RB,Notre Dame,Notre Dame,2016,90,3,backtest,1994-05-20,22.0,78.3,58.64,70.9,49.9,,48.0,61.5,,,8.07,,,72.0,220.0,,,,29.83,4.48,,35.5,121.0,,,,,,,,,,308.0,26.0,,11.846153846153847,,,,,,,0.8,385.0,47.426650150102255,,,,,,,1337.0,29.0,120.9,6.6,13.8,79.3,,83.2,,,74.7,61.0,3.59,3.6,,0.0,0.0,,0.0,25.0,,,,,
Tyler Ervin,RB,San Jose St.,San Jose St.,2016,119,4,backtest,1993-10-07,22.0,70.0,53.98,60.3,50.3,,51.3,44.7,,,7.7,,,70.0,192.0,,,,27.55,4.41,,39.0,130.0,17.0,,,,,,,,,334.0,,,,,,,,,,0.8542199488491049,391.0,,,,,,,,1935.0,45.0,131.3,5.3,20.5,73.3,,71.1,,,41.4,26.1,1.54,,,0.0,0.0,,0.0,18.0,,,,,
Kenneth Dixon,RB,Louisiana Tech,Louisiana Tech,2016,134,4,backtest,1994-01-21,22.0,68.2,53.62,49.1,55.9,,58.5,40.2,,,6.86,,,70.0,215.0,,,,30.85,4.56,,37.5,121.0,18.0,6.97,4.28,,,,,,,467.0,34.0,,13.735294117647058,,,,,,,0.9749478079331941,479.0,74.31795772657419,,,,,,,1685.0,33.0,124.3,5.6,6.2,81.5,,80.8,,,98.8,102.4,6.02,8.53,8.53,0.0,0.0,0.0,0.0,18.0,,,,,
Devontae Booker,RB,Utah,Utah,2016,136,4,backtest,1992-05-27,24.0,63.0,50.68,48.0,48.4,,49.0,44.3,,,,,,71.0,219.0,,,,30.54,4.56,,,,22.0,,,,,,,,,318.0,37.0,,8.594594594594595,,,,,,,0.9034090909090909,352.0,76.74352223757097,,,,,,,1818.0,43.0,,5.0,8.7,85.2,,85.8,,,71.7,144.1,8.48,9.01,8.92,0.0,0.0,0.0,0.0,82.0,,,,,
DeAndre Washington,RB,Texas Tech,Texas Tech,2016,143,5,backtest,1993-02-22,23.0,52.4,45.48,45.8,36.5,,35.5,42.3,,,7.31,,,68.0,204.0,,,,31.01,4.49,,34.5,116.0,24.0,7.03,4.2,,,,,,,385.0,41.0,,9.390243902439025,,,,,,,0.6209677419354839,620.0,56.25422178440754,,,,,,,1877.0,41.0,117.7,5.6,10.1,77.5,,80.0,,,86.1,121.9,7.17,7.62,6.55,0.0,0.0,0.0,0.0,56.0,,,,,
Paul Perkins,RB,UCLA,UCLA,2016,149,5,backtest,1994-11-16,21.0,44.1,42.64,43.2,30.8,,29.8,36.9,,,5.39,,,70.0,208.0,,,,29.84,4.54,,32.0,124.0,19.0,,,,,,,,,242.0,30.0,,8.066666666666666,,,,,,,0.4745098039215686,510.0,58.12752600069068,,,,,,,1773.0,30.0,116.4,5.6,7.9,86.7,,89.4,,,115.6,76.8,5.03,5.91,5.91,0.0,0.0,0.0,0.0,23.0,,,,,
Jordan Howard,RB,Indiana,Indiana,2016,150,5,backtest,1994-11-02,21.0,30.0,38.7,42.1,20.0,,14.5,53.3,,,5.41,,,72.0,230.0,,,,31.19,4.57,,34.0,122.0,16.0,,,,,,,,,106.0,11.0,,9.636363636363637,,,,,,,0.2299349240780911,461.0,46.11917507617477,,,,,,,1659.0,11.0,118.8,5.7,17.8,88.0,,85.7,,,67.7,230.1,13.54,15.34,15.34,1.0,1.0,3.0,4.0,71.0,,,,,
Wendell Smallwood,RB,West Virginia,West Virginia,2016,153,5,backtest,1994-01-20,22.0,35.3,40.51,40.1,26.4,,22.4,50.6,,,7.09,,,70.0,208.0,,,,29.84,4.47,,33.5,120.0,14.0,6.83,4.28,,,,,,,160.0,26.0,,6.153846153846154,,,,,,,0.372960372960373,429.0,58.104618159954725,,,,,,,1679.0,31.0,117.0,5.8,18.4,78.6,,83.1,,,50.0,117.4,7.55,9.03,9.03,0.0,0.0,0.0,0.0,46.0,,,,,
Jonathan Williams,RB,Arkansas,Arkansas,2016,156,5,backtest,1994-02-02,22.0,23.4,36.37,37.9,15.8,,10.9,45.3,,,6.4,,,71.0,220.0,,,,30.68,4.56,,,,16.0,,,,,,,,,65.0,11.0,,5.909090909090909,,,,,,,0.181058495821727,359.0,,,,,,,,1255.0,11.0,,5.7,9.6,,,,,,,40.400000000000006,2.38,1.55,1.55,0.0,0.0,0.0,0.0,29.0,,,,,
Alex Collins,RB,Arkansas,Arkansas,2016,171,5,backtest,1994-08-26,22.0,21.7,35.15,33.5,18.3,,15.2,36.6,,,2.96,,,70.0,217.0,,,,31.13,4.59,,28.5,113.0,18.0,,,,,,,,,95.0,13.0,,7.3076923076923075,,,,,,,0.2540106951871658,374.0,72.97956763167826,,,,,,,1672.0,13.0,105.0,5.6,0.2,79.4,,78.2,,,63.5,171.0,10.06,11.4,11.4,1.0,0.0,2.0,2.0,48.0,,,,,
Keenan Reynolds,RB,Navy,Navy,2016,182,6,backtest,,22.0,23.0,36.33,29.1,25.9,,23.1,42.6,,,4.55,,,,,,,,,,,,,,,,,,,,,,47.0,1.0,,47.0,,,,,,,0.38524590163934425,122.0,,,,,,,,1420.0,,122.9,4.7,-17.9,77.7,,70.3,,,26.5,0.0,0.0,,,0.0,0.0,,,0.0,,,,,
Kelvin Taylor,RB,Florida,Florida,2016,211,6,backtest,1993-09-28,22.0,15.5,31.41,18.6,22.6,,22.2,25.0,,,2.66,,,70.0,207.0,,,,29.7,4.6,,32.0,113.0,15.0,,,,,,,,,150.0,17.0,,8.823529411764707,,,,,,,0.37037037037037035,405.0,52.86019849199303,,,,,,,1185.0,17.0,110.9,4.3,1.7,77.5,,80.6,,,53.8,0.0,0.0,,,0.0,0.0,,,0.0,,,,,
Darius Jackson,RB,Eastern Michigan,Eastern Michigan,2016,216,6,backtest,1993-12-01,22.0,19.9,33.84,16.4,31.4,,29.5,42.6,,,9.85,,,,,,,,,,,,,,,,,,,,,,201.0,21.0,,9.571428571428571,,,,,,,0.49144254278728605,409.0,61.8055679578995,,,,,,,1289.0,21.0,136.2,5.0,8.0,66.7,,66.5,,,42.1,1.6,0.09,,,0.0,0.0,,0.0,1.0,,,,,
Dwayne Washington,RB,Washington,Washington,2016,236,7,backtest,1994-04-24,22.0,24.7,36.84,10.0,47.0,,47.7,42.6,,,9.82,,,68.0,204.0,,,,31.01,4.49,,34.5,116.0,24.0,7.03,4.2,,,,,,,315.0,25.0,,12.6,,,,,,,0.7954545454545454,396.0,55.36261704497867,,,,,,,788.0,25.0,127.3,5.8,10.7,63.3,,68.9,,,58.6,48.7,2.86,4.43,4.43,0.0,0.0,0.0,0.0,32.0,,,,,
Daniel Lasco,RB,California,California,2016,237,7,backtest,1992-10-09,23.0,2.8,23.71,8.9,9.8,,2.5,53.7,,,9.61,,,72.0,209.0,,,,28.34,4.46,,41.5,135.0,23.0,7.22,4.26,,,,,,,24.0,4.0,,6.0,,,,,,,0.04363636363636364,550.0,10.90563960508559,,,,,,,1471.0,33.0,138.1,5.4,13.4,70.2,,71.0,,,41.1,6.300000000000001,0.37,,,0.0,0.0,,0.0,3.0,,,,,
Keith Marshall,RB,Georgia,Georgia,2016,242,7,backtest,1994-02-16,22.0,6.7,26.21,6.9,18.7,,5.1,100.0,,,9.35,,,71.0,219.0,,,,30.54,4.31,,30.5,,25.0,,,,,,,,,28.0,4.0,,7.0,,,,,,,0.0856269113149847,327.0,10.528547530654476,,,,,,,850.0,11.0,,5.5,-4.5,72.7,,72.1,,,46.3,0.0,0.0,,,0.0,0.0,,,0.0,,,,,
Zac Brooks,RB,Clemson,Clemson,2016,247,7,backtest,1993-02-01,23.0,4.5,24.87,5.0,16.6,,12.2,42.6,,,7.94,,,,,,,,,,,,,,,,,,,,,,113.0,9.0,,12.555555555555555,,,,,,,0.21401515151515152,528.0,31.04955318120772,,,,,,,347.0,8.0,125.7,5.2,9.9,69.3,,68.2,,,36.6,0.0,0.0,,,0.0,0.0,,,0.0,,,,,
Leonard Fournette,RB,LSU,LSU,2017,4,1,backtest,1995-01-18,22.0,95.0,75.51,98.3,36.1,,29.4,76.3,,,8.04,,,72.0,240.0,,,,32.55,4.51,,28.5,,,,,,,,,,,146.0,15.0,,9.733333333333333,,,,,,,0.4899328859060403,298.0,25.750104971740857,,,,,,,2206.0,19.0,,6.2,0.0,69.6,,70.2,,,49.5,259.4,17.05,18.26,17.71,1.0,1.0,3.0,6.0,80.0,,,,,
Christian McCaffrey,RB,Stanford,Stanford,2017,8,1,backtest,1996-06-07,21.0,98.6,82.23,97.0,61.0,,64.1,42.1,,,8.52,,,71.0,202.0,,,,28.17,4.48,,37.5,121.0,10.0,6.57,4.22,,,,,,,310.0,37.0,,8.378378378378379,,,,,,,1.019736842105263,304.0,73.58575283200999,,,,,,,2664.0,45.0,124.3,6.2,12.7,84.5,,80.4,,,73.8,471.2,28.25,29.45,29.45,1.0,1.0,3.0,6.0,112.0,,,,,
Dalvin Cook,RB,Florida St.,Florida St.,2017,41,2,backtest,1995-08-10,22.0,94.2,74.26,88.0,66.6,,69.5,48.7,,,4.65,,,70.0,210.0,,,,30.13,4.49,,30.5,116.0,22.0,7.27,4.53,,,,,,,488.0,33.0,,14.787878787878787,,,,,,,1.159144893111639,421.0,72.68722574872274,,,,,,,2253.0,33.0,109.9,6.5,12.7,85.7,,88.4,,,128.1,337.8,19.87,24.13,20.89,1.0,1.0,2.0,5.0,89.0,,,,,
Joe Mixon,RB,Oklahoma,Oklahoma,2017,48,2,backtest,1996-07-24,21.0,96.4,78.33,85.8,82.8,,88.1,51.0,,,9.46,,,,,,,,,,,,,,,,,,,,,,538.0,37.0,,14.54054054054054,,,,,,,1.4010416666666667,384.0,50.42052679445128,,,,,,,1812.0,37.0,118.5,6.8,15.3,86.3,,82.6,,,97.2,287.9,20.52,17.99,17.39,1.0,1.0,3.0,7.0,111.0,,,,,
Alvin Kamara,RB,Tennessee,Tennessee,2017,67,3,backtest,1995-07-25,22.0,88.9,65.99,80.5,58.8,,62.1,39.2,,,8.08,,,70.0,214.0,,,,30.7,4.56,,39.5,131.0,15.0,,,,,,,,,392.0,40.0,,9.8,,,,,,,1.0343007915567282,379.0,55.62914110220564,,,,,,,989.0,40.0,132.7,6.2,11.7,79.9,,79.4,,,132.1,377.8,24.17,25.19,23.61,1.0,1.0,3.0,8.0,126.0,,,,,
Kareem Hunt,RB,Toledo,Toledo,2017,86,3,backtest,1995-08-06,22.0,81.4,60.53,74.0,53.3,,57.2,30.2,,,5.15,,,70.0,216.0,,,,30.99,4.62,,36.5,119.0,18.0,,,,,,,,,403.0,41.0,,9.829268292682928,,,,,,,0.9527186761229315,423.0,60.81283912638772,,,,,,,1878.0,41.0,121.6,6.3,11.3,93.2,,91.9,,,112.4,295.2,18.17,20.93,20.93,1.0,1.0,3.0,6.0,121.0,,,,,
D'Onta Foreman,RB,Texas,Texas,2017,89,3,backtest,1996-04-24,21.0,59.4,47.85,71.3,18.6,,11.7,59.8,,,7.82,,,72.0,233.0,,,,31.6,,,,,18.0,,,,,,,,,75.0,7.0,,10.714285714285714,,,,,,,0.1865671641791045,402.0,83.15957705914995,,,,,,,2103.0,7.0,116.1,6.4,11.3,74.3,,72.0,,,69.6,131.0,7.71,10.43,6.33,0.0,0.0,0.0,2.0,59.0,,,,,
James Conner,RB,Pittsburgh,Pittsburgh,2017,105,3,backtest,1995-05-05,22.0,75.7,57.43,66.7,53.8,,55.9,40.7,,,4.33,,,73.0,233.0,,,,30.74,4.65,,29.0,113.0,20.0,,,,,,,,,302.0,21.0,,14.380952380952381,,,,,,,0.9320987654320988,324.0,57.97374862076469,,,,,,,1835.0,21.0,105.8,5.6,-1.8,73.1,,72.0,,,52.3,280.0,16.47,21.54,21.54,1.0,1.0,2.0,7.0,108.0,,,,,
Samaje Perine,RB,Oklahoma,Oklahoma,2017,114,4,backtest,1995-09-16,21.0,50.2,44.4,62.7,20.7,,17.4,40.7,,,4.94,,,71.0,233.0,,,,32.49,4.65,,33.0,116.0,30.0,7.26,4.37,,,,,,,106.0,10.0,,10.6,,,,,,,0.2760416666666667,384.0,28.222320889392066,,,,,,,1821.0,15.0,114.1,6.0,-0.5,73.8,,71.4,,,55.4,142.1,9.73,8.88,8.35,0.0,0.0,0.0,0.0,108.0,,,,,
Tarik Cohen,RB,North Carolina A&T,North Carolina A&T,2017,119,4,backtest,1995-07-26,22.0,80.5,59.63,60.3,66.5,,72.9,27.9,,,3.92,,,66.0,179.0,,,,28.89,4.42,,31.5,118.0,11.0,,,,,,,,,339.0,37.0,,9.162162162162161,,,,,,,1.2150537634408602,279.0,,,,,,,,1927.0,,112.6,6.5,,,,,,,,233.9,13.86,14.62,14.62,1.0,1.0,2.0,2.0,51.0,,,,,
Joe Williams,RB,Utah,Utah,2017,121,4,backtest,,24.0,48.0,43.69,58.1,21.8,,14.6,65.4,,,7.78,,,71.0,210.0,,,,29.29,4.41,,35.0,125.0,14.0,7.19,4.19,,,,,,,107.0,9.0,,11.88888888888889,,,,,,,0.2681704260651629,399.0,25.98596461548269,,,,,,,1514.0,11.0,122.0,6.0,20.0,65.6,,67.1,,,54.6,0.0,0.0,,,0.0,0.0,,,0.0,,,,,
Donnel Pumphrey,RB,San Diego St.,San Diego St.,2017,132,4,backtest,1994-12-06,22.0,65.2,51.3,50.2,48.4,,54.1,14.0,,,4.01,,,68.0,176.0,,,,26.76,4.48,,33.5,117.0,5.0,,,,,,,,,231.0,27.0,,8.555555555555555,,,,,,,0.90234375,256.0,35.99334909003383,,,,,,,2364.0,27.0,115.5,6.0,2.4,76.2,,75.3,,,68.4,0.0,0.0,,,0.0,0.0,,,0.0,,,,,
Jamaal Williams,RB,BYU,BYU,2017,134,4,backtest,1995-04-03,22.0,31.8,39.14,49.1,14.5,,11.7,31.7,,,4.55,,,72.0,212.0,,,,28.75,4.59,,30.0,123.0,,7.25,4.53,,,,,,,80.0,7.0,,11.428571428571429,,,,,,,0.1941747572815534,412.0,52.21133011812399,,,,,,,1455.0,27.0,112.5,5.4,5.9,,,,,,,225.9,13.29,13.29,10.45,1.0,0.0,2.0,3.0,114.0,,,,,
Wayne Gallman,RB,Clemson,Clemson,2017,140,4,backtest,1994-10-01,22.0,32.2,39.15,46.9,17.1,,14.5,32.8,,,6.28,,,72.0,215.0,,,,29.16,4.6,,29.5,120.0,21.0,7.17,4.28,,,,,,,152.0,20.0,,7.6,,,,,,,0.24165341812400637,629.0,51.159913743005625,,,,,,,1740.0,24.0,110.2,5.1,7.1,75.4,,77.8,,,72.1,136.6,8.04,9.76,8.07,0.0,0.0,0.0,0.0,55.0,,,,,
Marlon Mack,RB,South Florida,South Florida,2017,143,4,backtest,1996-03-07,21.0,56.8,47.17,45.8,41.3,,39.9,49.9,,,8.78,,,71.0,213.0,,,,29.7,4.5,,35.5,125.0,15.0,,,,,,,,,227.0,28.0,,8.107142857142858,,,,,,,0.6340782122905028,358.0,40.97428562972946,,,,,,,1492.0,28.0,122.9,6.2,9.5,80.5,,76.7,,,93.4,181.3,12.12,14.84,14.84,1.0,0.0,2.0,2.0,51.0,,,,,
Brian Hill,RB,Wyoming,Wyoming,2017,156,5,backtest,1995-11-09,21.0,23.9,36.59,37.9,16.4,,11.1,48.2,,,7.4,,,73.0,219.0,,,,28.89,4.54,,34.0,125.0,15.0,7.03,4.32,,,,,,,67.0,8.0,,8.375,,,,,,,0.17678100263852242,379.0,72.61365822232997,,,,,,,1927.0,20.0,120.3,5.5,5.2,71.8,,72.0,,,40.7,95.4,5.61,6.72,6.72,0.0,0.0,0.0,0.0,33.0,,,,,
Jeremy McNichols,RB,Boise St.,Boise St.,2017,162,5,backtest,1995-12-26,21.0,71.8,54.66,37.0,70.5,,73.4,53.0,,,,,,69.0,214.0,,,,31.6,4.49,,35.5,121.0,,6.93,4.28,,,,,,,474.0,37.0,,12.81081081081081,,,,,,,1.167487684729064,406.0,88.11857948050789,,,,,,,2183.0,51.0,120.9,5.6,7.1,81.1,,79.6,,,66.5,73.60000000000001,4.33,5.66,,0.0,0.0,,0.0,59.0,,,,,
T.J. Logan,RB,North Carolina,North Carolina,2017,179,5,backtest,1994-09-03,23.0,33.1,39.68,30.4,34.3,,30.4,57.7,,,7.56,,,69.0,196.0,,,,28.94,4.37,,33.5,121.0,17.0,,,,,,,,,244.0,29.0,,8.413793103448276,,,,,,,0.5327510917030568,458.0,59.72760297530771,,,,,,,894.0,29.0,117.5,5.4,-2.9,68.8,,68.2,,,66.9,10.9,0.64,,,0.0,0.0,,0.0,9.0,,,,,
Aaron Jones,RB,Texas-El Paso,Texas-El Paso,2017,182,5,backtest,1994-12-02,22.0,40.6,41.75,29.1,41.4,,42.8,33.2,,,9.21,,,69.0,208.0,,,,30.71,4.56,,37.5,127.0,16.0,6.82,4.2,,,,,,,233.0,28.0,,8.321428571428571,,,,,,,0.7125382262996942,327.0,90.88380535138351,,,,,,,2006.0,30.0,127.3,6.3,20.5,76.4,,74.0,,,73.0,314.8,21.16,19.68,19.68,1.0,1.0,2.0,8.0,124.0,,,,,
Elijah McGuire,RB,Louisiana,Louisiana,2017,188,6,backtest,1994-06-01,23.0,37.5,40.64,26.9,40.5,,39.8,45.0,,,,,,70.0,214.0,,,,30.7,4.53,,36.0,120.0,15.0,7.26,4.56,,,,,,,238.0,29.0,,8.206896551724139,,,,,,,0.695906432748538,342.0,80.31231275899489,,,,,,,1732.0,45.0,121.2,6.1,15.1,69.4,,67.1,,,55.7,85.9,5.05,10.74,10.74,0.0,0.0,1.0,1.0,23.0,,,,,
De'Angelo Henderson,RB,Coastal Carolina,Coastal Carolina,2017,203,6,backtest,1992-11-24,24.0,8.5,26.94,22.3,6.9,,0.0,48.5,,,5.66,,,,,,,,,,,,,,,,,,,,,,,,,,,,,,,,,,,,,,,,,1823.0,,117.8,6.6,,,,,,,,12.9,0.0,,,0.0,0.0,,0.0,4.0,,,,,
Brandon Wilson,RB,Houston,Houston,2017,207,6,backtest,,23.0,9.8,27.83,19.9,11.0,,5.7,42.6,,,,,,,,,,,,,,,,,,,,,,,,,52.0,5.0,,10.4,,,,,,,0.0994263862332696,523.0,,,,,,,,,,,,,65.7,,57.2,,,55.6,0.0,0.0,,,0.0,0.0,,0.0,2.0,,,,,
Devante Mays,RB,Utah St.,Utah St.,2017,238,7,backtest,1994-05-26,23.0,1.4,22.64,8.0,7.1,,1.2,42.6,,,7.66,,,,,,,,,,,,,,,,,,,,,,8.0,,,,,,,,,,0.020887728459530026,383.0,,,,,,,,975.0,1.0,133.4,6.1,10.9,84.1,,81.9,,,122.3,1.1,0.06,,,0.0,0.0,,0.0,2.0,,,,,
Khalfani Muhammad,RB,California,California,2017,241,7,backtest,1994-09-26,22.0,5.8,25.74,7.6,17.0,,12.8,42.6,,,7.52,,,,,,,,,,,,,,,,,,,,,,132.0,17.0,,7.764705882352941,,,,,,,0.21256038647342995,621.0,23.52243803593052,,,,,,,959.0,17.0,128.5,5.8,13.7,70.0,,70.7,,,46.9,0.0,0.0,,,0.0,0.0,,,0.0,,,,,
Elijah Hood,RB,North Carolina,North Carolina,2017,242,7,backtest,1996-04-22,21.0,10.2,28.0,6.9,23.8,,19.5,49.6,,,5.69,,,72.0,232.0,,,,31.46,,,,,18.0,,,,,,,,,142.0,25.0,,5.68,,,,,,,0.31004366812227074,458.0,33.8313475605158,,,,,,,1534.0,25.0,110.1,6.0,7.9,75.7,,73.7,,,117.0,0.0,0.0,,,0.0,0.0,,,0.0,,,,,
Chris Carson,RB,Oklahoma St.,Oklahoma St.,2017,249,7,backtest,1994-09-16,22.0,6.3,25.76,4.5,19.8,,16.5,39.4,,,7.91,,,72.0,218.0,,,,29.56,4.58,,37.0,130.0,23.0,,,,,,,,,128.0,13.0,,9.846153846153847,,,,,,,0.2752688172043011,465.0,53.309103332282135,,,,,,,687.0,17.0,127.9,5.1,5.2,79.7,,87.0,,,145.8,232.6,13.68,15.65,15.51,1.0,1.0,2.0,3.0,49.0,,,,,
Matthew Dayes,RB,North Carolina St.,North Carolina St.,2017,252,7,backtest,1994-09-03,23.0,15.1,31.29,2.8,36.6,,34.8,47.3,,,,,,69.0,205.0,,,,30.27,4.47,,28.0,109.0,18.0,,,,,,,,,267.0,32.0,,8.34375,,,,,,,0.6095890410958904,438.0,33.419490619854884,,,,,,,1437.0,32.0,102.1,5.2,-3.7,,,,,,,8.2,0.0,,,0.0,0.0,,0.0,5.0,,,,,
Saquon Barkley,RB,Penn St.,Penn St.,2018,2,1,backtest,1997-02-09,21.0,99.0,94.9,99.0,87.8,,86.7,94.3,,,9.97,,,72.0,233.0,,,,31.6,4.4,,41.0,,29.0,,4.24,,,,,,,632.0,54.0,,11.703703703703704,,,,,,,1.3799126637554586,458.0,90.49838225760207,,,,,,,1903.0,54.0,134.7,5.7,7.5,84.4,,84.3,,,69.0,385.8,26.81,24.11,24.11,1.0,1.0,2.0,7.0,106.0,,,,,
Rashaad Penny,RB,San Diego St.,San Diego St.,2018,27,1,backtest,1996-02-02,22.0,89.8,67.45,93.3,37.0,,32.1,65.8,,,7.26,,,71.0,220.0,,,,30.68,4.46,,32.5,120.0,13.0,,,,,,,,,135.0,19.0,,7.105263157894737,,,,,,,0.5357142857142857,252.0,63.8595465431176,,,,,,,2383.0,19.0,115.3,7.5,25.0,88.4,,88.2,,,129.7,121.7,7.16,12.17,8.37,0.0,0.0,0.0,1.0,42.0,,,,,
Sony Michel,RB,Georgia,Georgia,2018,31,1,backtest,1995-02-17,23.0,81.9,60.99,92.8,21.6,,18.0,43.0,,,8.95,,,71.0,214.0,,,,29.84,4.54,,,,22.0,,4.21,,,,,,,96.0,9.0,,10.666666666666666,,,,,,,0.31475409836065577,305.0,40.02748632860157,,,,,,,1407.0,26.0,,6.1,3.8,85.2,,85.6,,,95.1,152.6,12.39,10.7,10.7,0.0,0.0,1.0,1.0,64.0,,,,,
Nick Chubb,RB,Georgia,Georgia,2018,35,2,backtest,1995-12-27,22.0,74.8,57.22,91.5,13.7,,5.9,60.5,,,9.15,,,71.0,227.0,,,,31.66,4.52,,38.5,128.0,29.0,7.09,4.25,,,,,,,30.0,4.0,,7.5,,,,,,,0.09836065573770492,305.0,21.74227799227799,,,,,,,1760.0,18.0,129.5,6.3,7.2,92.0,,90.3,,,91.2,281.4,16.55,17.31,17.31,1.0,1.0,3.0,5.0,100.0,,,,,
Ronald Jones II,RB,USC,USC,2018,38,2,backtest,1997-08-03,21.0,80.1,59.6,89.1,22.6,,23.9,14.7,,,,,,71.0,205.0,,,,28.59,4.65,,36.5,,,,,,,,,,,187.0,14.0,,13.357142857142858,,,,,,,0.38085539714867617,491.0,72.11675586655532,,,,,,,1737.0,19.0,119.1,6.1,13.0,93.1,,93.8,,,75.1,186.3,0.0,13.31,13.31,1.0,0.0,2.0,2.0,56.0,,,,,
Kerryon Johnson,RB,Auburn,Auburn,2018,43,2,backtest,1997-06-30,21.0,85.4,62.85,87.1,35.3,,31.9,55.5,,,7.09,,,71.0,213.0,,,,29.7,,,40.0,126.0,11.0,7.07,4.29,,,,,,,194.0,24.0,,8.083333333333334,,,,,,,0.5078534031413613,382.0,61.189023277875066,,,,,,,1585.0,24.0,131.0,4.8,-10.4,86.2,,83.5,,,53.5,139.4,8.2,13.94,13.94,0.0,0.0,2.0,2.0,32.0,,,,,
Derrius Guice,RB,LSU,LSU,2018,59,2,backtest,1997-06-21,21.0,77.0,57.99,83.2,31.4,,26.0,63.7,,,7.37,,,70.0,224.0,,,,32.14,4.49,,31.5,,15.0,,,,,,,,,124.0,18.0,,6.888888888888889,,,,,,,0.41333333333333333,300.0,42.84008064736283,,,,,,,1493.0,18.0,,6.5,4.8,88.1,,85.8,,,60.2,57.400000000000006,3.38,,,0.0,0.0,,0.0,5.0,,,,,
Royce Freeman,RB,Oregon,Oregon,2018,71,3,backtest,1996-02-24,22.0,74.4,57.05,79.4,35.5,,31.6,58.4,,,8.26,,,71.0,229.0,,,,31.94,4.54,,34.0,118.0,17.0,6.9,4.16,,,,,,,164.0,14.0,,11.714285714285714,,,,,,,0.5273311897106109,311.0,36.4066213035594,,,,,,,2184.0,26.0,116.8,5.9,-4.1,82.4,,82.1,,,78.8,142.2,8.36,8.89,8.89,0.0,0.0,0.0,0.0,65.0,,,,,
Nyheim Hines,RB,North Carolina St.,North Carolina St.,2018,104,4,backtest,1996-11-12,21.0,58.1,47.6,67.6,25.2,,19.7,58.0,,,5.68,,,68.0,198.0,,,,30.1,4.38,,35.5,119.0,,7.18,4.35,,,,,,,152.0,26.0,,5.846153846153846,,,,,,,0.3140495867768595,484.0,27.48723055995695,,,,,,,1265.0,43.0,119.9,5.4,6.7,,,,,,,193.2,9.61,12.08,12.08,1.0,0.0,2.0,2.0,82.0,,,,,
Mark Walton,RB,Miami (FL),Miami (FL),2018,112,4,backtest,1997-03-29,21.0,42.3,42.52,64.3,14.4,,13.5,20.2,,,4.55,,,70.0,202.0,,,,28.98,4.6,,31.5,118.0,18.0,,,,,,,,,91.0,7.0,,13.0,,,,,,,0.21411764705882352,425.0,17.386681753521675,,,,,,,1357.0,27.0,112.6,5.1,0.8,81.4,,85.1,,,51.4,0.0,0.0,,,0.0,0.0,,0.0,13.0,,,,,
Ito Smith,RB,Southern Miss,Southern Miss,2018,126,4,backtest,1995-09-11,22.0,68.7,53.68,54.4,52.6,,54.2,42.6,,,6.26,,,,,,,,,,,,,,,,,,,,,,396.0,,,,,,,,,,0.9041095890410958,438.0,,,,,,,,1918.0,49.0,121.6,5.5,9.5,79.5,,82.2,,,61.3,97.7,5.75,7.52,7.52,0.0,0.0,0.0,0.0,35.0,,,,,
Kalen Ballage,RB,Arizona St.,Arizona St.,2018,131,4,backtest,1995-12-22,22.0,41.0,42.18,50.9,21.9,,13.1,74.6,,,9.12,,,73.0,228.0,,,,30.08,4.46,,33.5,122.0,15.0,6.91,4.35,,,,,,,91.0,20.0,,4.55,,,,,,,0.21875,416.0,40.127134046361306,,,,,,,1005.0,44.0,118.0,4.4,-9.3,65.3,,67.8,,,25.1,93.9,5.52,8.54,8.54,0.0,0.0,0.0,0.0,41.0,,,,,
Chase Edmonds,RB,Fordham,Fordham,2018,134,4,backtest,1996-04-13,22.0,42.7,42.55,49.1,24.3,,23.0,32.0,,,7.89,,,69.0,205.0,,,,30.27,4.55,,34.0,122.0,19.0,6.79,4.07,,,,,,,129.0,11.0,,11.727272727272727,,,,,,,0.3827893175074184,337.0,87.87878787878788,,,,,,,2071.0,,118.8,6.2,,,,,,,,168.0,9.88,11.94,10.5,0.0,0.0,1.0,2.0,80.0,,,,,
Jordan Wilkins,RB,Mississippi,Mississippi,2018,169,5,backtest,1994-07-18,24.0,37.0,40.62,34.2,33.1,,30.1,51.0,,,7.74,,,73.0,216.0,,,,28.49,,,36.0,117.0,16.0,,4.27,,,,,,,241.0,26.0,,9.26923076923077,,,,,,,0.5552995391705069,434.0,86.85688141446568,,,,,,,1252.0,26.0,119.7,6.3,13.9,84.3,,83.2,,,79.0,61.3,3.61,5.11,5.11,0.0,0.0,0.0,0.0,41.0,,,,,
John Kelly,RB,Tennessee,Tennessee,2018,176,6,backtest,1996-10-04,21.0,60.3,48.3,31.1,57.8,,58.9,51.0,,,4.43,,,70.0,216.0,,,,30.99,,,35.0,120.0,15.0,7.13,4.51,,,,,,,299.0,37.0,,8.08108108108108,,,,,,,0.9373040752351097,319.0,62.37594430171301,,,,,,,1077.0,37.0,119.5,4.8,-7.0,75.1,,75.9,,,74.1,12.1,0.71,,,0.0,0.0,,0.0,5.0,,,,,
Boston Scott,RB,Louisiana Tech,Louisiana Tech,2018,201,6,backtest,1995-04-27,23.0,20.8,34.28,23.6,27.2,,24.6,42.6,,,8.85,,,,,,,,,,,,,,,,,,,,,,181.0,20.0,,9.05,,,,,,,0.430952380952381,420.0,40.91417507797929,,,,,,,1228.0,20.0,126.0,6.4,17.2,88.0,,90.2,,,101.4,98.9,6.42,12.36,12.36,0.0,0.0,1.0,2.0,56.0,,,,,
Trenton Cannon,RB,Virginia St.,Virginia St.,2018,204,6,backtest,1994-07-23,24.0,7.6,26.51,21.4,6.1,,0.0,42.6,,,9.07,,,,,,,,,,,,,,,,,,,,,,225.0,21.0,,10.714285714285714,,,,,,,,,,,,,,,,1863.0,,130.0,7.2,,,,,,,,48.7,2.86,4.43,4.43,0.0,0.0,0.0,0.0,18.0,,,,,
David Williams,RB,Arkansas,Arkansas,2018,226,7,backtest,,24.0,15.9,31.94,13.3,29.5,,27.3,42.6,,,4.76,,,,,,,,,,,,,,,,,,,,,,171.0,10.0,,17.1,,,,,,,0.5029411764705882,340.0,44.74979734630317,,,,,,,827.0,11.0,108.9,4.8,-3.5,76.5,,77.4,,,39.8,0.0,0.0,,,0.0,0.0,,,0.0,,,,,
Bo Scarbrough,RB,Alabama,Alabama,2018,236,7,backtest,1996-09-29,23.0,11.5,29.1,10.0,24.9,,18.8,61.5,,,9.25,,,73.0,228.0,,,,30.08,4.52,,40.0,129.0,14.0,,4.34,,,,,,,109.0,17.0,,6.411764705882353,,,,,,,0.32831325301204817,332.0,20.19838016255979,,,,,,,834.0,17.0,132.5,5.7,-9.5,74.1,,75.1,,,44.0,43.2,2.54,,,0.0,0.0,,0.0,7.0,,,,,
Nick Bawden,RB,San Diego St.,San Diego St.,2018,237,7,backtest,1996-06-22,22.0,14.2,30.74,8.9,29.9,,24.5,62.3,,,,,,,,,,,,,,,,,,,,,,,,,103.0,15.0,,6.866666666666666,,,,,,,0.4087301587301587,252.0,17.400234741784036,,,,,,,,,,,,,,,,,,0.0,0.0,,,0.0,0.0,,0.0,11.0,,,,,
Justin Jackson,RB,Northwestern,Northwestern,2018,251,7,backtest,1996-04-22,22.0,14.6,30.94,3.4,35.3,,35.9,31.3,,,8.84,,,72.0,199.0,,,,26.99,4.52,,38.5,122.0,13.0,6.81,4.07,,,,,,,276.0,44.0,,6.2727272727272725,,,,,,,0.5986984815618221,461.0,37.79402489188904,,,,,,,1743.0,44.0,126.5,4.8,3.2,66.4,,70.4,,,37.2,86.2,5.07,8.16,8.16,0.0,0.0,0.0,0.0,48.0,,,,,
Josh Jacobs,RB,Alabama,Alabama,2019,24,1,backtest,1998-02-11,21.0,92.4,69.19,94.4,39.5,,35.4,63.6,,,5.65,,,70.0,220.0,,,,31.56,,,,,,,,,,,,,,247.0,20.0,,12.35,,,,,,,0.5639269406392694,438.0,55.11776707375503,,,,,,,887.0,20.0,115.5,5.9,-2.6,84.0,,85.2,,,109.8,328.3,19.31,19.31,15.42,1.0,1.0,3.0,7.0,105.0,,,,,
Miles Sanders,RB,Penn St.,Penn St.,2019,53,2,backtest,1997-05-01,22.0,75.3,57.36,84.5,26.0,,22.0,49.8,,,9.48,,,71.0,211.0,,,,29.43,4.49,,36.0,124.0,20.0,6.89,4.19,,,,,,,139.0,24.0,,5.791666666666667,,,,,,,0.36675461741424803,379.0,64.94759025268566,,,,,,,1413.0,24.0,123.2,6.0,8.5,78.6,,83.1,,,77.5,218.7,14.4,14.2,14.2,1.0,0.0,2.0,3.0,88.0,,,,,
Darrell Henderson,RB,Memphis,Memphis,2019,70,3,backtest,1997-08-19,22.0,81.0,60.01,80.1,43.4,,42.9,46.6,,,7.68,,,68.0,208.0,,,,31.62,4.49,,33.5,121.0,22.0,,,,,,,,,295.0,19.0,,15.526315789473685,,,,,,,0.7142857142857143,413.0,40.97672160903121,,,,,,,2204.0,24.0,117.5,8.2,33.8,88.1,,85.4,,,158.6,163.4,10.08,13.62,13.62,0.0,0.0,1.0,1.0,48.0,,,,,
David Montgomery,RB,Iowa St.,Iowa St.,2019,73,3,backtest,1997-06-07,22.0,69.1,53.74,78.3,27.1,,26.0,34.1,,,5.15,,,70.0,222.0,,,,31.85,4.63,,28.5,121.0,15.0,,,,,,,,,157.0,22.0,,7.136363636363637,,,,,,,0.4325068870523416,363.0,75.08705842608836,,,,,,,1442.0,36.0,109.0,4.7,5.4,91.1,,91.3,,,127.8,264.8,15.76,17.65,17.65,1.0,1.0,3.0,6.0,105.0,,,,,
Devin Singletary,RB,Florida Atlantic,Florida Atlantic,2019,74,3,backtest,1997-09-03,22.0,54.2,46.41,77.5,6.7,,5.9,11.2,,,1.65,,,67.0,203.0,,,,31.79,4.66,,35.0,117.0,15.0,7.32,4.4,,,,,,,36.0,6.0,,6.0,,,,,,,0.0989010989010989,364.0,37.09674281823747,,,,,,,2116.0,26.0,118.0,6.0,4.7,88.2,,91.1,,,138.3,197.8,13.96,12.32,12.32,1.0,0.0,2.0,3.0,110.0,,,,,
Damien Harris,RB,Alabama,Alabama,2019,87,3,backtest,1997-02-11,22.0,66.5,52.04,73.1,29.6,,27.9,39.3,,,6.36,,,70.0,216.0,,,,30.99,4.57,,37.0,121.0,16.0,,,,,,,,,204.0,22.0,,9.272727272727273,,,,,,,0.4657534246575342,438.0,28.08153085049242,,,,,,,1136.0,22.0,123.4,6.4,9.4,82.7,,84.4,,,49.9,210.1,12.64,14.01,14.01,1.0,0.0,1.0,1.0,43.0,,,,,
Alexander Mattison,RB,Boise St.,Boise St.,2019,102,3,backtest,1998-06-19,21.0,57.7,47.51,68.2,24.0,,23.6,26.1,,,6.81,,,71.0,221.0,,,,30.82,4.67,,35.0,127.0,22.0,7.13,4.29,,,,,,,173.0,27.0,,6.407407407407407,,,,,,,0.3760869565217391,460.0,77.60223817076813,,,,,,,1588.0,28.0,123.0,4.9,3.6,81.4,,83.8,,,65.1,137.4,8.08,9.81,7.87,0.0,0.0,0.0,0.0,89.0,,,,,
Bryce Love,RB,Stanford,Stanford,2019,112,4,backtest,1997-07-08,22.0,47.6,43.68,64.3,17.7,,14.0,39.8,,,,,,69.0,200.0,,,,29.53,,,,,18.0,,,,,,,,,99.0,20.0,,4.95,,,,,,,0.23404255319148937,423.0,31.407812149091217,,,,,,,2151.0,20.0,,6.8,22.5,74.6,,73.3,,,94.1,0.0,0.0,,,0.0,0.0,,,0.0,,,,,
Justice Hill,RB,Oklahoma St.,Oklahoma St.,2019,113,4,backtest,1997-11-14,21.0,43.6,42.61,63.4,15.1,,8.7,53.7,,,9.33,,,70.0,198.0,,,,28.41,4.4,,40.0,130.0,21.0,,,,,,,,,68.0,13.0,,5.230769230769231,,,,,,,0.1384928716904277,491.0,29.0699711076533,,,,,,,1657.0,31.0,133.0,5.6,4.5,81.6,,86.2,,,64.2,127.1,8.66,8.47,3.3,0.0,0.0,0.0,0.0,74.0,,,,,
Benny Snell Jr.,RB,Kentucky,Kentucky,2019,122,4,backtest,1998-02-27,21.0,48.9,44.13,57.5,23.5,,22.4,30.6,,,,,,70.0,224.0,,,,32.14,4.66,,29.5,119.0,16.0,7.07,4.33,,,,,,,105.0,17.0,,6.176470588235294,,,,,,,0.3559322033898305,295.0,49.94922166330789,,,,,,,1554.0,17.0,109.7,5.3,-4.2,80.4,,79.0,,,52.9,74.9,0.0,5.26,5.26,0.0,0.0,0.0,0.0,42.0,,,,,
Tony Pollard,RB,Memphis,Memphis,2019,128,4,backtest,1997-04-30,22.0,73.5,56.46,52.2,61.4,,64.5,42.8,,,7.17,,,72.0,210.0,,,,28.48,4.52,,35.0,121.0,13.0,,,,,,,,,444.0,38.0,,11.68421052631579,,,,,,,1.0750605326876512,413.0,27.05465201850335,,,,,,,1010.0,39.0,120.0,6.8,10.9,78.5,,82.2,,,87.1,248.8,15.65,15.55,10.84,1.0,1.0,1.0,5.0,111.0,,,,,
Ryquell Armstead,RB,Temple,Temple,2019,140,5,backtest,1996-10-30,22.0,29.6,38.67,46.9,15.7,,7.0,68.0,,,7.71,,,71.0,220.0,,,,30.68,4.45,,30.0,114.0,22.0,7.02,4.29,,,,,,,52.0,8.0,,6.5,,,,,,,0.11738148984198646,443.0,52.93326806700394,,,,,,,1150.0,14.0,108.0,4.9,5.4,78.9,,78.8,,,49.0,51.2,3.01,3.66,3.66,0.0,0.0,0.0,0.0,16.0,,,,,
Qadree Ollison,RB,Pittsburgh,Pittsburgh,2019,152,5,backtest,1996-09-08,22.0,27.8,37.65,40.6,17.8,,12.6,49.3,,,4.43,,,73.0,228.0,,,,30.08,4.58,,29.5,114.0,19.0,7.53,4.31,,,,,,,66.0,11.0,,6.0,,,,,,,0.20952380952380953,315.0,32.16613691438543,,,,,,,1279.0,23.0,107.2,5.4,-3.1,82.4,,84.9,,,68.8,30.7,1.81,,,0.0,0.0,,0.0,13.0,,,,,
Jordan Scarlett,RB,Florida,Florida,2019,154,5,backtest,1995-07-08,23.0,27.4,37.61,39.5,18.5,,13.2,50.6,,,4.71,,,71.0,208.0,,,,29.01,4.47,,30.0,116.0,21.0,7.37,4.63,,,,,,,84.0,10.0,,8.4,,,,,,,0.23076923076923078,364.0,25.01586411929907,,,,,,,912.0,10.0,109.0,5.4,10.2,77.7,,86.8,,,125.5,0.9,0.05,,,0.0,0.0,,0.0,1.0,,,,,
Trayveon Williams,RB,Texas A&M,Texas A&M,2019,182,6,backtest,1997-10-18,21.0,39.2,41.19,29.1,39.8,,39.7,40.5,,,4.6,,,68.0,206.0,,,,31.32,4.51,,33.0,121.0,19.0,7.44,4.44,,,,,,,277.0,27.0,,10.25925925925926,,,,,,,0.6309794988610479,439.0,81.05174110988064,,,,,,,2038.0,27.0,116.6,6.0,5.3,82.5,,85.6,,,74.9,21.7,1.28,1.06,,0.0,0.0,,0.0,31.0,,,,,
Ty Johnson,RB,Maryland,Maryland,2019,186,6,backtest,1997-09-17,21.0,13.3,30.58,27.6,11.0,,5.7,42.6,,,9.74,,,,,,,,,,,,,,,,,,,,,,22.0,6.0,,3.6666666666666665,,,,,,,0.0912863070539419,241.0,12.889164918000567,,,,,,,1210.0,16.0,120.2,7.6,26.1,70.6,,75.9,,,98.7,117.0,6.88,7.8,7.8,0.0,0.0,0.0,0.0,91.0,,,,,
Dexter Williams,RB,Notre Dame,Notre Dame,2019,194,6,backtest,1997-01-06,22.0,18.1,33.17,25.8,21.4,,19.1,35.4,,,8.13,,,71.0,212.0,,,,29.56,4.57,,36.0,130.0,17.0,7.0,4.16,,,,,,,133.0,16.0,,8.3125,,,,,,,0.3181818181818182,418.0,61.09186479772889,,,,,,,1128.0,16.0,126.2,6.4,8.0,77.4,,79.8,,,46.0,1.1,0.06,,,0.0,0.0,,0.0,3.0,,,,,
Travis Homer,RB,Miami (FL),Miami (FL),2019,204,6,backtest,1998-08-07,21.0,22.5,36.31,21.4,34.1,,32.9,41.0,,,8.34,,,70.0,201.0,,,,28.84,4.48,,39.5,130.0,17.0,7.07,4.31,,,,,,,186.0,19.0,,9.789473684210526,,,,,,,0.523943661971831,355.0,32.54496045870607,,,,,,,1185.0,19.0,132.2,6.0,6.6,68.0,,67.0,,,77.4,61.8,3.28,5.39,5.15,0.0,0.0,0.0,0.0,39.0,,,,,
Rodney Anderson,RB,Oklahoma,Oklahoma,2019,211,6,backtest,1996-09-12,22.0,25.2,37.26,18.6,39.4,,38.9,41.8,,,,,,72.0,224.0,,,,30.38,,,,,25.0,,,,,,,,,281.0,17.0,,16.529411764705884,,,,,,,0.648960739030023,433.0,3.712800652262536,,,,,,,1442.0,17.0,,6.4,0.0,79.1,,80.6,,,285.1,0.0,0.0,,,0.0,0.0,,,0.0,,,,,
Darwin Thompson,RB,Utah St.,Utah St.,2019,214,6,backtest,1997-02-12,22.0,30.9,38.86,17.3,45.0,,45.4,42.6,,,7.99,,,,,,,,,,,,,,,,,,,,,,351.0,,,,,,,,,,0.7564655172413793,464.0,,,,,,,,1395.0,23.0,129.3,6.8,19.0,86.9,,88.7,,,173.7,33.2,1.95,3.21,3.21,0.0,0.0,0.0,0.0,15.0,,,,,
Mike Weber,RB,Ohio St.,Ohio St.,2019,218,7,backtest,1997-08-27,22.0,11.1,28.91,15.5,18.0,,12.0,53.8,,,7.01,,,70.0,211.0,,,,30.27,4.47,,33.5,,22.0,,,,,,,,,112.0,21.0,,5.333333333333333,,,,,,,0.2003577817531306,559.0,34.32390136382422,,,,,,,1187.0,23.0,,5.9,4.8,71.1,,75.9,,,57.2,0.0,0.0,,,0.0,0.0,,,0.0,,,,,
Cullen Gillaspia,RB,Texas A&M,Texas A&M,2019,220,7,backtest,1995-05-12,24.0,7.2,26.42,15.1,11.6,,6.4,42.6,,,,,,,,,,,,,,,,,,,,,,,,,52.0,5.0,,10.4,,,,,,,0.11845102505694761,439.0,4.560954226651901,,,,,,,,,,,,71.3,,71.8,,,52.0,0.0,0.0,,,0.0,0.0,,0.0,1.0,,,,,
Kerrith Whyte Jr,RB,Florida Atlantic,Florida Atlantic,2019,222,7,backtest,1996-10-31,22.0,16.4,32.15,14.2,28.7,,26.4,42.6,,,,,,,,,,,,,,,,,,,,,,,,,160.0,10.0,,16.0,,,,,,,0.43956043956043955,364.0,61.17911925072805,,,,,,,1046.0,10.0,137.4,5.9,3.0,84.7,,82.0,,,92.7,14.1,0.0,,,0.0,0.0,,0.0,6.0,,,,,
Chandler Cox,RB,Auburn,Auburn,2019,233,7,backtest,,23.0,8.0,26.52,12.2,16.5,,12.1,42.6,,,,,,,,,,,,,,,,,,,,,,,,,81.0,10.0,,8.1,,,,,,,0.21204188481675393,382.0,13.603975852495456,,,,,,,,,,,,69.7,,64.5,,,0.0,0.0,0.0,,,0.0,0.0,,0.0,2.0,,,,,
Myles Gaskin,RB,Washington,Washington,2019,234,7,backtest,1997-02-15,22.0,5.4,25.39,11.5,13.6,,11.4,26.6,,,5.93,,,69.0,205.0,,,,30.27,4.58,,35.5,118.0,24.0,7.19,4.27,,,,,,,77.0,21.0,,3.6666666666666665,,,,,,,0.19012345679012346,405.0,57.43248766737139,,,,,,,1612.0,21.0,119.4,5.6,3.2,76.4,,77.9,,,48.1,173.6,10.21,16.42,16.42,0.0,0.0,2.0,2.0,39.0,,,,,
Clyde Edwards-Helaire,RB,LSU,LSU,2020,32,1,backtest,1999-04-11,21.0,92.8,69.5,92.4,46.6,,50.2,25.0,,,5.41,,,67.0,207.0,,,,32.42,4.6,,39.5,123.0,15.0,,,,,,,,,453.0,55.0,,8.236363636363636,,,,,,,0.798941798941799,567.0,74.06688520818955,,,,,,,1867.0,55.0,128.7,5.7,10.7,84.1,,91.3,,,115.5,176.0,11.44,13.54,13.54,1.0,0.0,2.0,2.0,52.0,,,,,
D'Andre Swift,RB,Georgia,Georgia,2020,35,2,backtest,1999-01-14,21.0,87.1,64.88,91.5,35.6,,32.7,52.9,,,7.55,,,68.0,212.0,,,,32.23,4.48,,35.5,121.0,,,,,,,,,,216.0,24.0,,9.0,,,,,,,0.5204819277108433,415.0,44.67124478688355,,,,,,,1434.0,32.0,120.9,6.6,10.0,80.4,,80.3,,,70.7,231.7,12.62,16.07,16.07,1.0,0.0,3.0,6.0,89.0,,,,,
Jonathan Taylor,RB,Wisconsin,Wisconsin,2020,41,2,backtest,1999-01-19,21.0,91.5,68.93,88.0,51.3,,45.1,88.6,,,9.53,,,70.0,226.0,,,,32.42,4.39,,36.0,123.0,17.0,7.01,4.24,,,,,,,252.0,26.0,,9.692307692307692,,,,,,,0.717948717948718,351.0,71.42207342129365,,,,,,,2255.0,26.0,122.7,6.7,12.4,91.1,,90.2,,,104.4,373.1,21.95,21.95,21.95,1.0,1.0,3.0,6.0,84.0,,,,,
Cam Akers,RB,Florida St.,Florida St.,2020,52,2,backtest,1999-06-22,21.0,82.7,61.33,85.2,36.7,,32.7,60.4,,,8.79,,,70.0,217.0,,,,31.13,4.47,,35.5,122.0,20.0,,4.42,,,,,,,225.0,30.0,,7.5,,,,,,,0.5208333333333334,432.0,80.33907224937025,,,,,,,1369.0,30.0,121.4,4.9,5.2,79.2,,82.8,,,125.9,141.3,8.59,9.42,9.42,0.0,0.0,0.0,0.0,50.0,,,,,
J.K. Dobbins,RB,Ohio St.,Ohio St.,2020,55,2,backtest,1998-12-17,21.0,83.2,61.41,83.6,38.7,,38.2,41.7,,,,,,69.0,209.0,,,,30.86,,,,,23.0,,,,,,,,,247.0,23.0,,10.73913043478261,,,,,,,0.6083743842364532,406.0,73.0020391452035,,,,,,,2250.0,26.0,,6.2,8.2,83.8,,83.8,,,92.9,191.8,11.44,14.75,11.23,1.0,0.0,2.0,4.0,47.0,,,,,
AJ Dillon,RB,Boston Col.,Boston Col.,2020,62,2,backtest,1998-05-02,22.0,84.1,61.87,82.3,44.2,,38.4,79.1,,,,,,72.0,247.0,,,,33.5,4.53,,41.0,131.0,23.0,7.19,,,,,,,,195.0,13.0,,15.0,,,,,,,0.639344262295082,305.0,55.64605346283108,,,,,,,1804.0,13.0,135.2,5.2,4.8,91.3,,90.1,,,88.6,185.6,6.92,10.92,10.92,1.0,0.0,1.0,1.0,64.0,,,,,
Antonio Gibson,RB,Memphis,Memphis,2020,66,3,backtest,1998-06-23,22.0,97.7,80.13,81.2,98.6,,99.9,91.0,,,,,,,,,,,,,,,,,,,,,,,,,735.0,38.0,,19.342105263157894,,,,,,,1.6666666666666667,441.0,,,,,,,,1104.0,38.0,118.5,11.2,107.4,81.3,,86.7,,,359.2,229.1,13.48,14.44,14.44,1.0,1.0,3.0,3.0,83.0,,,,,
Ke'Shawn Vaughn,RB,Illinois,Illinois,2020,76,3,backtest,1997-05-04,23.0,77.9,58.29,77.0,41.7,,40.5,48.9,,,5.17,,,70.0,214.0,,,,30.7,4.51,,32.0,117.0,,,,,,,,,,270.0,,,,,,,,,,0.7086614173228346,381.0,,,,,,,,1514.0,28.0,112.9,5.8,10.0,77.7,,81.7,,,103.2,36.6,2.99,,,0.0,0.0,,0.0,23.0,,,,,
Zack Moss,RB,Utah,Utah,2020,86,3,backtest,1997-12-15,22.0,87.6,65.2,74.0,66.7,,72.5,31.4,,,2.8,,,69.0,223.0,,,,32.93,4.65,,33.0,,19.0,,4.37,,,,,,,388.0,28.0,,13.857142857142858,,,,,,,1.2087227414330217,321.0,72.0115492370375,,,,,,,1804.0,29.0,,5.7,10.1,91.3,,91.5,,,176.8,169.6,9.98,12.11,8.09,0.0,0.0,0.0,2.0,61.0,,,,,
Darrynton Evans,RB,Appalachian St.,Appalachian St.,2020,93,3,backtest,1998-07-09,22.0,66.9,53.17,69.8,35.8,,32.2,57.4,,,9.11,,,70.0,203.0,,,,29.12,4.41,,37.0,125.0,20.0,,,,,,,,,198.0,,,,,,,,,,0.5365853658536586,369.0,,,,,,,,1678.0,21.0,125.4,6.0,-0.5,78.8,,78.2,,,60.1,30.0,1.76,,,0.0,0.0,,0.0,15.0,,,,,
Joshua Kelley,RB,UCLA,UCLA,2020,112,4,backtest,1997-11-20,22.0,45.8,43.02,64.3,15.8,,10.0,50.8,,,7.59,,,71.0,212.0,,,,29.56,4.49,,31.0,121.0,23.0,6.95,4.28,,,,,,,71.0,11.0,,6.454545454545454,,,,,,,0.16666666666666666,426.0,48.20413368287095,,,,,,,1436.0,27.0,113.2,5.1,4.1,78.1,,78.6,,,51.3,81.2,4.78,6.25,6.25,0.0,0.0,0.0,0.0,51.0,,,,,
La'Mical Perine,RB,Florida,Florida,2020,120,4,backtest,1998-01-30,22.0,58.6,47.81,59.0,33.2,,33.7,30.2,,,5.25,,,71.0,216.0,,,,30.12,4.62,,35.0,118.0,22.0,7.13,4.31,,,,,,,262.0,40.0,,6.55,,,,,,,0.5610278372591007,467.0,73.56294121879556,,,,,,,996.0,40.0,118.5,5.0,-2.9,75.4,,76.3,,,69.1,52.5,3.09,5.83,5.83,0.0,0.0,0.0,0.0,13.0,,,,,
Anthony McFarland Jr.,RB,Maryland,Maryland,2020,124,4,backtest,1999-03-04,22.0,51.5,45.05,56.4,27.1,,22.1,56.7,,,,,,68.0,208.0,,,,31.62,4.44,,29.5,116.0,,,,,,,,,,126.0,17.0,,7.411764705882353,,,,,,,0.3684210526315789,342.0,34.92823824901327,,,,,,,1107.0,17.0,108.2,6.7,7.2,70.3,,75.0,,,69.8,22.7,0.0,2.06,2.06,0.0,0.0,0.0,0.0,15.0,,,,,
DeeJay Dallas,RB,Miami (FL),Miami (FL),2020,144,4,backtest,1998-09-16,21.0,35.7,40.54,44.9,22.8,,20.1,38.5,,,,,,70.0,217.0,,,,31.13,4.58,,33.5,119.0,,7.18,4.32,,,,,,,140.0,14.0,,10.0,,,,,,,0.32036613272311215,437.0,52.37994202523653,,,,,,,833.0,14.0,116.5,5.8,3.0,78.3,,83.0,,,118.0,60.1,3.54,7.11,7.11,0.0,0.0,0.0,0.0,49.0,,,,,
Jason Huntley,RB,New Mexico St.,New Mexico St.,2020,172,5,backtest,1998-04-20,22.0,29.1,38.49,32.9,28.2,,25.8,42.6,,,8.08,,,,,,,,,,,,,,,,,,,,,,192.0,40.0,,4.8,,,,,,,0.4304932735426009,446.0,78.68646434555949,,,,,,,1282.0,47.0,132.7,5.9,13.5,,,,,,,5.1,0.3,,,0.0,0.0,,0.0,4.0,,,,,
Eno Benjamin,RB,Arizona St.,Arizona St.,2020,222,7,backtest,1999-04-13,21.0,38.4,40.71,14.2,53.2,,56.9,30.4,,,5.76,,,69.0,207.0,,,,30.57,4.57,,39.0,122.0,12.0,6.97,4.25,,,,,,,347.0,42.0,,8.261904761904763,,,,,,,0.9060052219321149,383.0,94.15403815111894,,,,,,,1905.0,42.0,127.3,5.0,5.7,75.7,,80.4,,,69.9,89.6,5.27,7.47,7.47,0.0,0.0,0.0,0.0,19.0,,,,,
Raymond Calais,RB,Louisiana,Louisiana,2020,245,7,backtest,1998-04-02,22.0,3.6,24.15,5.8,13.8,,9.8,38.2,,,7.6,,,68.0,188.0,,,,28.58,4.42,,37.5,120.0,20.0,,,,,,,,,67.0,10.0,,6.7,,,,,,,0.16262135922330098,412.0,26.73842790377224,,,,,,,953.0,10.0,123.8,7.8,33.9,80.9,,86.1,,,64.7,0.0,0.0,,,0.0,0.0,,,0.0,,,,,
Malcolm Perry,RB,Navy,Navy,2020,246,7,backtest,1997-04-19,23.0,40.1,41.38,5.4,63.4,,74.0,0.0,,,,,,,,,,,,,,,,,,,,,,,,,167.0,9.0,,18.555555555555557,,,,,,,1.2945736434108528,129.0,,,,,,,,2017.0,13.0,122.2,7.1,22.4,89.4,,86.7,,,97.5,24.7,1.45,3.09,3.09,0.0,0.0,0.0,0.0,8.0,,,,,
Najee Harris,RB,Alabama,Alabama,2021,24,1,backtest,1998-03-09,23.0,94.6,75.06,94.4,56.3,,57.1,51.0,,,,,,,,,,,,,,,,,,,,,,,,,425.0,43.0,,9.883720930232558,,,,,,,1.0,425.0,82.51085419529585,,,,,,,1891.0,43.0,,6.0,5.3,89.8,,90.1,,,102.7,300.7,17.85,17.69,17.69,1.0,1.0,3.0,4.0,71.0,,,,,
Travis Etienne,RB,Clemson,Clemson,2021,25,1,backtest,1999-01-26,22.0,97.2,79.8,93.7,70.6,,72.0,62.4,,,9.12,,,70.0,215.0,,,,30.85,4.45,,33.5,128.0,18.0,,,,,,,,,588.0,48.0,,12.25,,,,,,,1.2,490.0,66.04193738704424,,,,,,,2046.0,48.0,121.0,7.2,17.6,82.0,,81.1,,,102.4,282.4,16.61,16.61,16.61,1.0,1.0,2.0,3.0,66.0,,,,,
Javonte Williams,RB,North Carolina,North Carolina,2021,35,2,backtest,2000-04-25,21.0,93.3,70.49,91.5,51.6,,53.7,39.1,,,8.79,,,69.0,212.0,,,,31.3,4.55,,36.0,123.0,22.0,6.97,4.09,,,,,,,305.0,25.0,,12.2,,,,,,,0.8543417366946778,357.0,55.20303254507116,,,,,,,1445.0,25.0,122.7,6.3,6.2,94.3,,95.9,,,215.4,246.8,12.05,15.42,12.05,1.0,1.0,2.0,3.0,70.0,,,,,
Trey Sermon,RB,Ohio St.,Ohio St.,2021,88,3,backtest,1999-01-30,22.0,63.8,51.03,72.2,27.2,,25.3,38.3,,,9.67,,,72.0,215.0,,,,29.16,4.57,,37.0,125.0,,6.83,4.28,,,,,,,95.0,12.0,,7.916666666666667,,,,,,,0.4222222222222222,225.0,52.854103719131054,,,,,,,1128.0,16.0,125.4,6.5,-2.6,86.1,,88.0,,,116.9,53.8,3.16,3.84,2.54,0.0,0.0,0.0,0.0,28.0,,,,,
Michael Carter,RB,North Carolina,North Carolina,2021,107,4,backtest,,22.0,67.8,53.61,65.4,43.8,,44.9,37.2,,,6.2,,,67.0,201.0,,,,31.48,4.5,,34.0,119.0,16.0,6.81,3.98,,,,,,,267.0,25.0,,10.68,,,,,,,0.7478991596638656,357.0,40.93762513451333,,,,,,,1512.0,25.0,117.3,6.6,14.8,91.7,,91.1,,,135.1,154.4,9.08,11.03,11.03,0.0,0.0,1.0,1.0,61.0,,,,,
Kene Nwangwu,RB,Iowa St.,Iowa St.,2021,119,4,backtest,1998-02-09,23.0,32.6,39.51,60.3,9.0,,3.4,42.6,,,9.88,,,,,,,,,,,,,,,,,,,,,,22.0,3.0,,7.333333333333333,,,,,,,0.05913978494623656,372.0,10.455762537573168,,,,,,,361.0,3.0,127.1,5.2,6.1,72.1,,74.5,,,51.7,23.0,0.65,,,0.0,0.0,,0.0,15.0,,,,,
Rhamondre Stevenson,RB,Oklahoma,Oklahoma,2021,120,4,backtest,1998-02-23,23.0,59.9,48.23,59.0,34.4,,33.3,40.7,,,3.98,,,71.0,231.0,,,,32.21,4.64,,31.5,112.0,15.0,7.09,4.15,,,,,,,211.0,18.0,,11.722222222222221,,,,,,,0.5828729281767956,362.0,29.710699645726223,,,,,,,876.0,18.0,109.6,7.2,21.0,90.4,,90.5,,,140.6,249.1,14.65,14.65,14.65,1.0,1.0,2.0,4.0,70.0,,,,,
Chuba Hubbard,RB,Oklahoma St.,Oklahoma St.,2021,126,4,backtest,1999-06-11,22.0,36.2,40.56,54.4,15.1,,9.2,50.7,,,8.43,,,72.0,210.0,,,,28.48,4.48,,36.0,120.0,20.0,7.24,4.26,,,,,,,52.0,8.0,,6.5,,,,,,,0.15294117647058825,340.0,51.43470744035257,,,,,,,2292.0,23.0,121.2,5.9,10.0,71.9,,71.8,,,44.3,241.6,14.21,16.11,10.74,1.0,0.0,1.0,2.0,75.0,,,,,
Kenneth Gainwell,RB,Memphis,Memphis,2021,150,5,backtest,1999-03-14,22.0,79.7,59.25,42.1,78.7,,83.0,53.0,,,5.66,,,,201.0,,,,,4.42,,,,21.0,,,,,,,,,610.0,51.0,,11.96078431372549,,,,,,,1.383219954648526,441.0,,,,,,,,2069.0,51.0,120.0,6.6,22.2,,,,,,,223.3,8.23,13.14,7.71,1.0,0.0,0.0,1.0,82.0,,,,,
Elijah Mitchell,RB,Louisiana,Louisiana,2021,194,6,backtest,1998-05-02,23.0,25.6,37.27,25.8,33.1,,28.4,61.5,,,9.5,,,70.0,201.0,,,,28.84,4.38,,37.5,128.0,17.0,6.94,4.19,,,,,,,153.0,16.0,,9.5625,,,,,,,0.4967532467532468,308.0,29.146118493410217,,,,,,,1334.0,20.0,127.8,6.2,1.2,85.8,,85.5,,,120.8,165.0,11.8,15.0,15.0,0.0,0.0,1.0,1.0,28.0,,,,,
Gary Brightwell,RB,Arizona,Arizona,2021,196,6,backtest,1998-02-28,22.0,17.3,32.57,25.0,20.4,,18.5,32.1,,,4.57,,,70.0,218.0,,,,31.28,4.62,,34.5,118.0,17.0,7.51,4.48,,,,,,,58.0,13.0,,4.461538461538462,,,,,,,0.30851063829787234,188.0,44.78869343953977,,,,,,,534.0,13.0,117.7,5.3,-3.0,70.2,,74.6,,,108.7,29.0,1.76,3.62,3.62,0.0,0.0,0.0,0.0,13.0,,,,,
Larry Rountree,RB,Missouri,Missouri,2021,198,6,backtest,1999-02-13,22.0,16.8,32.24,24.3,20.3,,16.5,42.6,,,2.01,,,,,,,,,4.62,,30.0,,,6.96,,,,,,,,100.0,15.0,,6.666666666666667,,,,,,,0.27548209366391185,363.0,43.64760408967726,,,,,,,1278.0,15.0,105.0,5.0,2.0,76.8,,76.5,,,46.2,15.6,0.92,1.95,1.95,0.0,0.0,0.0,0.0,10.0,,,,,
Chris Evans,RB,Michigan,Michigan,2021,202,6,backtest,1997-10-05,23.0,20.3,34.03,23.0,26.8,,23.3,47.8,,,9.84,,,71.0,211.0,,,,29.43,4.5,,40.5,127.0,20.0,6.83,4.12,,,,,,,87.0,9.0,,9.666666666666666,,,,,,,0.4084507042253521,213.0,21.522141994817257,,,,,,,842.0,18.0,132.4,5.6,6.7,65.9,,64.9,,,68.3,49.8,3.08,5.53,5.53,0.0,0.0,0.0,0.0,14.0,,,,,
Demetric Felton,RB,UCLA,UCLA,2021,211,6,backtest,1998-07-16,23.0,28.7,37.91,18.6,41.2,,45.4,15.8,,,,,,68.0,189.0,,,,28.73,4.55,,,,,,,,,,,,,159.0,22.0,,7.2272727272727275,,,,,,,0.795,200.0,50.417983949416346,,,,,,,,,,,,79.2,,80.3,,,91.5,50.5,2.97,4.59,4.59,0.0,0.0,0.0,0.0,15.0,,,,,
Khalil Herbert,RB,Virginia Tech,Virginia Tech,2021,217,6,backtest,1998-04-21,23.0,26.9,37.6,15.9,42.5,,40.4,54.8,,,6.14,,,68.0,210.0,,,,31.93,4.46,,33.0,115.0,22.0,6.96,4.31,,,,,,,179.0,10.0,,17.9,,,,,,,0.7075098814229249,253.0,71.24472666469089,,,,,,,1362.0,10.0,113.6,6.1,19.6,89.5,,91.3,,,126.3,117.8,6.93,9.38,9.38,0.0,0.0,0.0,0.0,50.0,,,,,
Jake Funk,RB,Maryland,Maryland,2021,233,7,backtest,1998-01-11,23.0,12.0,30.3,12.2,27.3,,24.7,42.3,,,9.76,,,70.0,204.0,,,,29.27,4.49,,38.0,122.0,22.0,6.71,4.12,,,,,,,68.0,10.0,,6.8,,,,,,,0.43312101910828027,157.0,81.34218289085547,,,,,,,584.0,10.0,125.6,7.2,22.0,82.6,,84.9,,,60.7,3.2,0.19,,,0.0,0.0,,0.0,3.0,,,,,
Gerrid Doaks,RB,Cincinnati,Cincinnati,2021,244,7,backtest,1998-06-09,23.0,19.0,33.63,6.3,40.6,,39.1,49.3,,,8.3,,,,,,,,,,,,,,,,,,,,,,202.0,14.0,,14.428571428571429,,,,,,,0.6847457627118644,295.0,65.23934464708698,,,,,,,875.0,14.0,127.2,5.2,-6.0,73.8,,74.1,,,44.5,0.0,0.0,,,0.0,0.0,,,0.0,,,,,
Kylin Hill,RB,Mississippi St.,Mississippi St.,2021,256,7,backtest,1998-08-18,23.0,9.3,27.75,2.3,27.8,,24.3,48.9,,,7.28,,,70.0,214.0,,,,30.7,4.51,,36.0,122.0,22.0,7.13,4.35,,,,,,,237.0,23.0,,10.304347826086957,,,,,,,0.4254937163375224,557.0,35.63492063492063,,,,,,,1610.0,23.0,122.2,5.6,0.9,69.6,,68.7,,,77.9,3.9,0.23,,,0.0,0.0,,0.0,5.0,,,,,
Jermar Jefferson,RB,Oregon St.,Oregon St.,2021,257,7,backtest,2000-04-15,21.0,4.1,24.78,1.9,19.7,,18.1,29.4,,,2.22,,,70.0,206.0,,,,29.55,4.57,,31.0,115.0,13.0,7.38,4.38,,,,,,,67.0,9.0,,7.444444444444445,,,,,,,0.2875536480686695,233.0,72.19649045602067,,,,,,,1527.0,25.0,110.2,5.7,3.1,79.3,,79.4,,,74.9,25.7,1.51,,,0.0,0.0,,0.0,6.0,,,,,
Breece Hall,RB,Iowa St.,Iowa St.,2022,36,2,backtest,2001-05-31,21.0,91.1,68.84,90.2,47.6,,42.6,78.1,,,9.96,,,71.0,217.0,,,,30.26,4.39,,40.0,126.0,,,,,,,,,,302.0,36.0,,8.38888888888889,,,,,,,0.6771300448430493,446.0,81.2820997691132,,,,,,,1774.0,36.0,131.0,5.5,3.8,86.6,,87.0,,,88.8,290.5,17.09,17.09,17.09,1.0,1.0,2.0,3.0,56.0,,,,,
Kenneth Walker III,RB,Michigan St.,Michigan St.,2022,41,2,backtest,2000-10-20,21.0,78.8,58.82,88.0,22.5,,14.0,73.3,,,9.24,,,69.0,211.0,,,,31.16,4.38,,34.0,122.0,,,,,,,,,,89.0,13.0,,6.846153846153846,,,,,,,0.2225,400.0,54.547807824430585,,,,,,,1735.0,13.0,118.8,5.8,20.8,89.3,,90.7,,,145.9,202.5,11.73,16.47,16.47,1.0,0.0,3.0,4.0,58.0,,,,,
James Cook,RB,Georgia,Georgia,2022,63,2,backtest,1999-09-25,22.0,82.3,61.3,81.9,43.1,,41.9,50.7,,,8.75,,,71.0,199.0,,,,27.75,4.42,,33.0,124.0,,,,,,,,,,284.0,27.0,,10.518518518518519,,,,,,,0.6977886977886978,407.0,42.024839466007954,,,,,,,1012.0,27.0,118.1,6.5,14.0,85.0,,83.2,,,86.6,308.2,19.08,18.13,16.67,1.0,1.0,2.0,3.0,66.0,,,,,
Rachaad White,RB,Arizona St.,Arizona St.,2022,91,3,backtest,1999-01-12,23.0,90.7,68.72,70.4,79.2,,83.2,55.0,,,9.87,,,72.0,214.0,,,,29.02,4.48,,38.0,125.0,,,,,,,,,,456.0,43.0,,10.604651162790697,,,,,,,1.4568690095846646,313.0,76.40274616247353,,,,,,,1456.0,43.0,127.1,6.3,-0.8,90.8,,90.5,,,89.8,267.9,17.38,15.76,15.76,1.0,1.0,2.0,2.0,65.0,,,,,
Tyrion Davis-Price,RB,LSU,LSU,2022,93,3,backtest,2000-10-23,21.0,52.9,45.96,69.8,15.2,,9.1,51.8,,,6.65,,,72.0,211.0,,,,28.61,4.48,,30.0,117.0,,,,,,,,,,64.0,10.0,,6.4,,,,,,,0.14446952595936793,443.0,70.77191052438577,,,,,,,1067.0,10.0,109.5,4.6,-1.3,78.5,,77.8,,,54.5,9.9,0.58,,,0.0,0.0,,0.0,7.0,,,,,
Brian Robinson Jr.,RB,Alabama,Alabama,2022,98,3,backtest,1999-03-22,23.0,65.6,51.49,68.7,33.4,,29.6,56.4,,,6.58,,,74.0,225.0,,,,28.89,4.53,,30.0,119.0,,,,,,,,,,296.0,35.0,,8.457142857142857,,,,,,,0.5183887915936952,571.0,58.17936695170456,,,,,,,1536.0,35.0,110.5,5.0,-10.1,85.9,,90.4,,,92.4,198.1,0.0,13.21,13.21,1.0,0.0,2.0,2.0,57.0,,,,,
Dameon Pierce,RB,Florida,Florida,2022,107,4,backtest,2000-02-19,22.0,61.6,49.51,65.4,32.1,,31.2,37.6,,,7.09,,,70.0,218.0,,,,31.28,4.59,,34.5,119.0,21.0,,,,,,,,,216.0,19.0,,11.368421052631579,,,,,,,0.5192307692307693,416.0,47.81196241709074,,,,,,,790.0,19.0,118.2,5.5,2.3,92.0,,93.5,,,138.0,166.4,9.79,12.8,12.8,0.0,0.0,1.0,1.0,38.0,,,,,
Zamir White,RB,Georgia,Georgia,2022,122,4,backtest,1999-09-18,22.0,44.9,42.82,57.5,19.8,,11.1,72.3,,,9.81,,,72.0,214.0,,,,29.02,4.4,,33.5,128.0,,,,,,,,,,75.0,9.0,,8.333333333333334,,,,,,,0.18427518427518427,407.0,22.59624320334975,,,,,,,931.0,9.0,121.0,5.3,-3.6,87.5,,87.6,,,83.1,73.9,4.35,5.68,5.68,0.0,0.0,0.0,0.0,37.0,,,,,
Isaiah Spiller,RB,Texas A&M,Texas A&M,2022,123,4,backtest,2001-08-09,21.0,59.0,47.82,56.8,34.5,,32.1,49.0,,,5.66,,,72.0,217.0,,,,29.43,,,30.0,114.0,,,,,,,,,,189.0,25.0,,7.56,,,,,,,0.5108108108108108,370.0,43.9076973907561,,,,,,,1229.0,29.0,108.0,5.5,-4.5,83.2,,85.1,,,120.0,19.0,1.12,2.11,2.11,0.0,0.0,0.0,0.0,14.0,,,,,
Pierre Strong,RB,South Dakota St.,South Dakota St.,2022,127,4,backtest,1998-12-10,23.0,31.3,39.02,53.1,11.1,,1.2,70.8,,,,,,71.0,207.0,,,,28.87,4.37,,36.0,124.0,,,,,,,,,,8.0,3.0,,2.6666666666666665,,,,,,,0.020618556701030927,388.0,75.9095378564405,,,,,,,1836.0,22.0,123.2,6.6,2.3,,,,,,,42.8,2.52,3.29,3.29,0.0,0.0,0.0,0.0,28.0,,,,,
Hassan Haskins,RB,Michigan,Michigan,2022,131,4,backtest,1999-11-26,22.0,46.3,43.22,50.9,24.9,,19.9,54.8,,,,,,74.0,228.0,,,,29.27,,,,,27.0,,,,,,,,,131.0,18.0,,7.277777777777778,,,,,,,0.33164556962025316,395.0,33.734745624184285,,,,,,,1458.0,18.0,,5.1,0.0,91.2,,89.0,,,60.5,33.3,1.96,2.98,2.98,0.0,0.0,0.0,0.0,23.0,,,,,
Tyler Allgeier,RB,BYU,BYU,2022,151,5,backtest,2000-04-15,22.0,45.4,42.84,41.2,32.2,,30.7,41.6,,,7.4,,,71.0,224.0,,,,31.24,4.6,,33.0,120.0,,,,,,,,,,199.0,28.0,,7.107142857142857,,,,,,,0.5115681233933161,389.0,64.94314250818931,,,,,,,1805.0,28.0,116.1,6.4,18.5,,,,,,,159.4,9.38,9.96,9.96,0.0,0.0,0.0,0.0,67.0,,,,,
Snoop Conner,RB,Mississippi,Mississippi,2022,154,5,backtest,2000-08-01,22.0,24.3,36.64,39.5,15.8,,11.5,41.5,,,7.03,,,70.0,222.0,,,,31.85,4.59,,29.5,118.0,25.0,,,,,,,,,82.0,14.0,,5.857142857142857,,,,,,,0.19114219114219114,429.0,27.682223852313715,,,,,,,729.0,14.0,109.2,5.0,-9.1,75.6,,76.4,,,44.9,10.2,0.6,,,0.0,0.0,,0.0,5.0,,,,,
Jerome Ford,RB,Cincinnati,Cincinnati,2022,156,5,backtest,1999-09-12,22.0,47.1,43.48,37.9,36.1,,33.0,54.8,,,6.91,,,71.0,210.0,,,,29.29,4.46,,31.0,118.0,,,,,,,,,,220.0,21.0,,10.476190476190476,,,,,,,0.55,400.0,65.15877881667716,,,,,,,1535.0,21.0,111.7,6.1,5.2,86.1,,89.4,,,73.0,213.2,12.96,12.54,12.54,1.0,0.0,1.0,1.0,46.0,,,,,
Kyren Williams,RB,Notre Dame,Notre Dame,2022,164,5,backtest,2000-08-26,22.0,49.8,44.3,36.2,41.7,,47.9,4.4,,,3.46,,,69.0,194.0,,,,28.65,4.65,,32.0,116.0,,,,,,,,,,359.0,42.0,,8.547619047619047,,,,,,,0.7977777777777778,450.0,80.20437265461958,,,,,,,1438.0,42.0,112.4,5.1,-4.7,81.2,,80.0,,,108.6,272.1,17.64,21.25,21.25,1.0,1.0,2.0,3.0,53.0,,,,,
Ty Chandler,RB,North Carolina,North Carolina,2022,169,5,backtest,1998-05-12,24.0,34.4,40.37,34.2,32.4,,30.7,42.6,,,6.35,,,,,,,,,,,,,,,,,,,,,,216.0,15.0,,14.4,,,,,,,0.5654450261780105,382.0,78.17374146195552,,,,,,,1308.0,19.0,113.2,5.2,5.7,85.9,,87.8,,,102.0,101.0,5.94,7.77,7.77,0.0,0.0,0.0,0.0,26.0,,,,,
Kevin Harris,RB,South Carolina,South Carolina,2022,183,6,backtest,2000-11-17,21.0,19.5,33.74,28.2,18.9,,15.5,38.9,,,7.13,,,70.0,221.0,,,,31.71,,,38.5,126.0,21.0,,,,,,,,,89.0,11.0,,8.090909090909092,,,,,,,0.24722222222222223,360.0,23.93130815544609,,,,,,,1297.0,21.0,128.5,5.5,7.2,80.2,,85.1,,,47.9,21.3,1.25,,,0.0,0.0,,0.0,9.0,,,,,
Tyler Badie,RB,Missouri,Missouri,2022,196,6,backtest,1999-02-07,22.0,36.6,40.59,25.0,43.4,,43.5,42.5,,,6.38,,,68.0,197.0,,,,29.95,4.45,,33.5,121.0,,,,,,,,,,330.0,54.0,,6.111111111111111,,,,,,,0.7252747252747253,455.0,76.92401006798484,,,,,,,1942.0,54.0,117.5,5.4,10.2,85.7,,88.2,,,72.2,35.4,0.6,2.53,,0.0,0.0,,0.0,18.0,,,,,
Keaontay Ingram,RB,USC,USC,2022,201,6,backtest,1999-10-26,22.0,17.7,32.99,23.6,23.5,,18.7,52.2,,,8.67,,,72.0,221.0,,,,29.97,4.53,,34.5,122.0,,,,,,,,,,156.0,22.0,,7.090909090909091,,,,,,,0.312,500.0,50.20067686734353,,,,,,,1095.0,29.0,119.7,5.5,4.3,87.3,,91.6,,,89.5,18.1,1.06,1.81,1.81,0.0,0.0,0.0,0.0,17.0,,,,,
Trestan Ebner,RB,Baylor,Baylor,2022,203,6,backtest,1999-01-02,23.0,37.9,40.68,22.3,46.2,,44.5,56.6,,,4.77,,,71.0,206.0,,,,28.73,4.43,,30.0,,,,,,,,,,,284.0,28.0,,10.142857142857142,,,,,,,0.7780821917808219,365.0,55.57010503157096,,,,,,,1083.0,29.0,108.5,4.9,-1.2,77.5,,76.0,,,118.5,8.2,0.48,,,0.0,0.0,,0.0,7.0,,,,,
Brittain Brown,RB,UCLA,UCLA,2022,250,7,backtest,1997-10-10,24.0,8.9,27.11,4.1,24.0,,20.9,42.6,,,4.75,,,,,,,,,,,,,,,,,,,,,,129.0,18.0,,7.166666666666667,,,,,,,0.3850746268656716,335.0,33.91913218461611,,,,,,,862.0,18.0,119.8,5.6,11.6,78.1,,77.6,,,81.3,9.7,0.0,,,0.0,0.0,,0.0,1.0,,,,,
Isiah Pacheco,RB,Rutgers,Rutgers,2022,251,7,backtest,1999-03-02,23.0,3.2,23.76,3.4,14.8,,3.6,81.6,,,8.85,,,70.0,216.0,,,,30.99,4.37,,33.0,118.0,,,,,,,,,,25.0,13.0,,1.9230769230769231,,,,,,,0.06345177664974619,394.0,,,,,,,,812.0,19.0,115.1,4.3,1.8,76.7,,77.4,,,24.0,213.9,16.42,15.28,15.28,1.0,0.0,1.0,1.0,51.0,,,,,
Zander Horvath,RB,Purdue,Purdue,2022,260,7,backtest,1998-12-10,23.0,1.9,22.88,1.4,15.3,,10.7,42.6,,,9.83,,,,,,,,,,,,,,,,,,,,,,108.0,,,,,,,,,,0.1875,576.0,,,,,,,,744.0,30.0,121.9,4.4,12.0,74.9,,77.7,,,56.6,18.6,1.09,2.33,2.33,0.0,0.0,0.0,0.0,8.0,,,,,
Bijan Robinson,RB,Texas,Texas,2023,8,1,backtest,2002-01-30,21.0,96.8,78.53,97.0,50.4,,48.7,60.3,,,9.85,,,71.0,215.0,,,,29.98,4.46,,37.0,124.0,,,,,,,,,,314.0,19.0,,16.526315789473685,,,,,,,0.7753086419753087,405.0,50.02430468100047,,,,,,,1894.0,26.0,124.9,6.3,6.2,95.3,,96.1,,,154.0,374.8,20.1,22.05,22.05,1.0,1.0,3.0,3.0,51.0,,,,,
Jahmyr Gibbs,RB,Alabama,Alabama,2023,12,1,backtest,2002-03-20,21.0,98.1,81.57,95.9,63.7,,63.7,63.5,,,8.06,,,69.0,199.0,,,,29.38,4.36,,33.5,,,,,,,,,,,444.0,44.0,,10.090909090909092,,,,,,,1.0136986301369864,438.0,48.26252414333374,,,,,,,1370.0,44.0,,5.6,-2.9,82.5,,83.3,,,93.9,368.6,22.96,21.68,21.68,1.0,1.0,3.0,3.0,49.0,,,,,
Zach Charbonnet,RB,UCLA,UCLA,2023,52,2,backtest,2001-01-08,22.0,86.7,64.53,85.2,45.8,,46.0,45.0,,,8.71,,,72.0,214.0,,,,29.02,4.53,,37.0,122.0,,,,,,,,,,321.0,37.0,,8.675675675675675,,,,,,,0.766109785202864,419.0,45.87565087384646,,,,,,,1680.0,37.0,123.9,5.9,7.8,91.5,,93.6,,,115.1,183.7,10.81,11.21,11.21,0.0,0.0,2.0,2.0,49.0,,,,,
Kendre Miller,RB,TCU,TCU,2023,71,3,backtest,2002-06-11,21.0,66.0,51.8,79.4,20.5,,16.1,46.9,,,,,,71.0,215.0,,,,29.98,,,,,,,,,,,,,,116.0,16.0,,7.25,,,,,,,0.2555066079295154,454.0,40.976197179322185,,,,,,,1515.0,16.0,,6.7,13.6,85.3,,88.5,,,113.8,43.3,2.55,,,0.0,0.0,,0.0,20.0,,,,,
Tyjae Spears,RB,Tulane,Tulane,2023,81,3,backtest,2001-06-15,22.0,74.0,56.97,76.1,40.6,,40.5,40.9,,,7.51,,,70.0,201.0,,,,28.84,,,39.0,125.0,,,,,,,,,,256.0,22.0,,11.636363636363637,,,,,,,0.6754617414248021,379.0,85.31562566747827,,,,,,,1837.0,22.0,128.8,6.8,19.3,90.2,,90.6,,,133.2,153.8,9.05,9.47,9.47,0.0,0.0,0.0,0.0,42.0,,,,,
De'Von Achane,RB,Texas A&M,Texas A&M,2023,84,3,backtest,2001-10-13,21.0,71.3,54.62,74.8,35.4,,31.5,58.7,,,,,,69.0,188.0,,,,27.76,4.32,,33.0,,,,,,,,,,,196.0,36.0,,5.444444444444445,,,,,,,0.5012787723785166,391.0,83.31733483907398,,,,,,,1298.0,36.0,111.6,6.4,13.7,82.4,,89.8,,,89.9,322.1,11.57,20.13,20.13,1.0,1.0,3.0,3.0,44.0,,,,,
Tank Bigsby,RB,Auburn,Auburn,2023,88,3,backtest,2002-08-30,22.0,69.6,53.8,72.2,35.1,,35.1,35.2,,,8.32,,,72.0,210.0,,,,28.48,4.56,,32.5,119.0,,,,,,,,,,180.0,30.0,,6.0,,,,,,,0.5844155844155844,308.0,39.51459029987843,,,,,,,1283.0,30.0,114.8,5.4,-2.4,82.9,,90.7,,,127.9,129.0,7.59,8.6,8.6,0.0,0.0,0.0,0.0,39.0,,,,,
Roschon Johnson,RB,Texas,Texas,2023,115,4,backtest,2001-01-31,22.0,50.7,44.71,62.1,22.0,,19.0,40.4,,,8.67,,,72.0,219.0,,,,29.7,4.58,,31.5,122.0,,,,,,,,,,128.0,14.0,,9.142857142857142,,,,,,,0.3160493827160494,405.0,18.053067048799537,,,,,,,807.0,23.0,114.6,5.6,-4.3,82.0,,88.3,,,198.0,102.1,6.01,6.81,6.81,0.0,0.0,0.0,0.0,29.0,,,,,
Israel Abanikanda,RB,Pittsburgh,Pittsburgh,2023,143,5,backtest,2002-10-05,20.0,43.2,42.6,45.8,28.2,,24.4,51.0,,,9.63,,,70.0,216.0,,,,30.99,,,,,,,,,,,,,,146.0,12.0,,12.166666666666666,,,,,,,0.37150127226463103,393.0,67.17746154629806,,,,,,,1577.0,24.0,133.7,5.6,18.4,88.5,,90.6,,,52.4,18.3,1.08,,,0.0,0.0,,0.0,6.0,,,,,
Chase Brown,RB,Illinois,Illinois,2023,163,5,backtest,2000-03-21,23.0,46.7,43.33,36.6,38.5,,34.9,60.0,,,9.81,,,70.0,209.0,,,,29.99,4.43,,40.0,127.0,,,,,,,,,,240.0,27.0,,8.88888888888889,,,,,,,0.6106870229007634,393.0,86.05049316159091,,,,,,,1883.0,27.0,131.5,5.3,6.5,81.2,,81.6,,,68.7,278.3,15.0,16.37,16.37,1.0,1.0,2.0,2.0,43.0,,,,,
Eric Gray,RB,Oklahoma,Oklahoma,2023,172,5,backtest,1999-11-04,23.0,34.8,40.41,32.9,33.7,,32.2,43.0,,,6.56,,,70.0,207.0,,,,29.7,,,37.5,118.0,,,,,,,,,,229.0,33.0,,6.9393939393939394,,,,,,,0.5626535626535627,407.0,45.367156013418985,,,,,,,1595.0,33.0,122.8,5.6,6.2,90.6,,92.4,,,90.6,19.3,1.14,1.93,1.93,0.0,0.0,0.0,0.0,15.0,,,,,
Evan Hull,RB,Northwestern,Northwestern,2023,176,5,backtest,2000-10-26,22.0,70.4,54.22,31.1,74.7,,78.6,51.7,,,9.33,,,,,,,,,,,,,,,,,,,,,,546.0,55.0,,9.927272727272728,,,,,,,1.3093525179856116,417.0,69.20465606748864,,,,,,,1459.0,55.0,124.4,5.0,16.3,73.3,,73.5,,,59.9,6.4,0.1,,,0.0,0.0,,0.0,7.0,,,,,
Chris Rodriguez,RB,Kentucky,Kentucky,2023,193,6,backtest,1999-09-26,22.0,12.9,30.53,26.5,13.5,,7.0,52.1,,,,,,,,,,,,,,,,,,,,,,,,,41.0,5.0,,8.2,,,,,,,0.1174785100286533,349.0,40.57577985686901,,,,,,,1439.0,13.0,113.1,6.2,8.8,90.8,,90.7,,,142.9,92.0,1.85,7.67,7.67,0.0,0.0,0.0,0.0,26.0,,,,,
Deuce Vaughn,RB,Kansas St.,Kansas St.,2023,212,6,backtest,2001-11-02,21.0,41.9,42.38,17.7,54.3,,61.2,12.9,,,4.32,,,65.0,179.0,,,,29.78,,,35.5,116.0,,,,,,,,,,378.0,42.0,,9.0,,,,,,,0.9742268041237113,388.0,77.63240417502897,,,,,,,1936.0,49.0,118.4,5.5,3.8,82.1,,84.5,,,40.8,15.0,0.88,,,0.0,0.0,,0.0,11.0,,,,,
Zach Evans,RB,Mississippi,Mississippi,2023,215,6,backtest,2001-05-30,22.0,12.4,30.42,16.8,21.2,,18.5,37.7,,,8.75,,,71.0,202.0,,,,28.17,,,,,,,,,,,,,,119.0,12.0,,9.916666666666666,,,,,,,0.3082901554404145,386.0,40.65629401972083,,,,,,,1055.0,12.0,117.5,6.9,17.6,77.4,,80.8,,,86.8,1.9,0.11,,,0.0,0.0,,0.0,4.0,,,,,
DeWayne McBride,RB,Ala-Birmingham,Ala-Birmingham,2023,222,7,backtest,2001-07-08,22.0,5.0,24.93,14.2,8.1,,1.9,45.1,,,,,,,,,,,,,,,,,,,,,,,,,10.0,2.0,,5.0,,,,,,,0.03115264797507788,321.0,44.56589968464381,,,,,,,1723.0,3.0,,7.3,30.4,94.1,,93.5,,,142.9,0.0,0.0,,,0.0,0.0,,,0.0,,,,,
Lew Nichols,RB,Central Michigan,Central Michigan,2023,235,7,backtest,2001-08-16,22.0,10.7,28.57,10.9,23.0,,19.7,42.6,,,,,,,,,,,,,,,,,,,,,,,,,128.0,21.0,,6.095238095238095,,,,,,,0.32904884318766064,389.0,37.16477988039972,,,,,,,,,,,,62.6,,69.5,,,29.2,0.0,0.0,,,0.0,0.0,,,0.0,,,,,
Kenny McIntosh,RB,Georgia,Georgia,2023,237,7,backtest,2000-03-03,23.0,30.4,38.77,8.9,52.8,,58.5,18.7,,,4.08,,,72.0,204.0,,,,27.66,4.62,,,,,,,,,,,,,504.0,43.0,,11.720930232558139,,,,,,,1.024390243902439,492.0,51.60140571460232,,,,,,,1334.0,43.0,111.8,5.7,2.2,85.2,,84.2,,,92.9,22.4,1.32,,,0.0,0.0,,0.0,7.0,,,,,
Jonathon Brooks,RB,Texas,Texas,2024,46,2,backtest,2003-07-21,21.0,86.3,64.1,86.3,40.8,,37.8,58.8,,,,,,72.0,216.0,,,,29.29,,,,,,,,,,,,,,286.0,25.0,,11.44,,,,,,,0.6021052631578947,475.0,45.90215828656367,,,,,,,1425.0,25.0,,6.2,6.9,91.5,,91.9,,,132.9,7.500000000000001,0.44,,,0.0,0.0,,0.0,3.0,,,,,
Trey Benson,RB,Florida St.,Florida St.,2024,66,3,backtest,2002-07-23,22.0,79.2,58.89,81.2,37.9,,31.5,76.9,,,9.76,,,72.0,216.0,,,,29.29,4.39,,33.5,122.0,,,,,,,,,,227.0,20.0,,11.35,,,,,,,0.5242494226327945,433.0,44.41874307732045,,,,,,,1134.0,20.0,118.0,6.1,8.0,84.2,,87.2,,,100.3,47.0,2.76,3.92,3.92,0.0,0.0,0.0,0.0,16.0,,,,,
Blake Corum,RB,Michigan,Michigan,2024,83,3,backtest,2000-11-25,23.0,62.1,49.75,75.5,21.0,,18.5,35.7,,,8.29,,,68.0,205.0,,,,31.17,4.53,,35.5,,27.0,6.82,4.12,,,,,,,117.0,16.0,,7.3125,,,,,,,0.32409972299168976,361.0,66.83025609546249,,,,,,,1543.0,24.0,,5.5,1.4,84.0,,83.1,,,27.4,122.2,1.97,7.19,7.19,0.0,0.0,0.0,0.0,31.0,,,,,
MarShawn Lloyd,RB,USC,USC,2024,88,3,backtest,2001-01-05,23.0,67.4,53.43,72.2,34.0,,28.8,65.8,,,8.62,,,69.0,220.0,,,,32.48,4.46,,36.0,118.0,25.0,,,,,,,,,232.0,13.0,,17.846153846153847,,,,,,,0.5032537960954447,461.0,40.82946925052188,,,,,,,1052.0,18.0,120.2,5.6,10.5,80.8,,86.0,,,173.9,2.8,0.16,,,0.0,0.0,,0.0,1.0,,,,,
Jaylen Wright,RB,Tennessee,Tennessee,2024,120,4,backtest,2003-04-01,21.0,53.7,46.28,59.0,28.8,,21.6,72.1,,,9.81,,,71.0,210.0,,,,29.29,4.38,,38.0,134.0,,,,,,,,,,141.0,22.0,,6.409090909090909,,,,,,,0.34306569343065696,411.0,29.30768411239313,,,,,,,1154.0,22.0,131.6,6.2,6.3,91.0,,91.2,,,126.7,50.2,1.57,5.58,5.58,0.0,0.0,0.0,0.0,22.0,,,,,
Bucky Irving,RB,Oregon,Oregon,2024,125,4,backtest,2002-08-19,22.0,63.4,50.83,55.7,44.0,,48.2,18.8,,,2.22,,,69.0,192.0,,,,28.35,4.55,,29.5,115.0,,,,,,,,,,413.0,,,,,,,,,,0.8035019455252919,514.0,,,,,,,,1593.0,56.0,107.7,6.2,12.1,88.2,,91.8,,,140.9,244.4,15.34,14.38,14.38,1.0,0.0,2.0,2.0,27.0,,,,,
Will Shipley,RB,Clemson,Clemson,2024,127,4,backtest,2002-08-29,22.0,54.6,46.7,53.1,33.1,,30.9,46.3,,,9.57,,,71.0,206.0,,,,28.73,,,,,,,,,,,,,,244.0,31.0,,7.870967741935484,,,,,,,0.5147679324894515,474.0,42.7415241740308,,,,,,,1424.0,38.0,,5.2,2.6,72.9,,76.2,,,50.1,19.5,1.73,1.77,1.77,0.0,0.0,0.0,0.0,16.0,,,,,
Ray Davis,RB,Kentucky,Kentucky,2024,128,4,backtest,1999-11-20,24.0,64.7,51.12,52.2,46.2,,46.8,42.6,,,,,,,,,,,,,,,,,,,,,,,,,323.0,,,,,,,,,,0.8613333333333333,375.0,,,,,,,,1452.0,33.0,119.0,4.9,7.5,87.5,,91.4,,,86.6,116.1,7.39,7.26,7.26,0.0,0.0,0.0,0.0,29.0,,,,,
Isaac Guerendo,RB,Louisville,Louisville,2024,129,4,backtest,2000-06-28,24.0,61.2,49.02,51.5,40.6,,31.1,97.4,,,9.9,,,72.0,221.0,,,,29.97,4.33,,41.5,129.0,,6.94,4.15,,,,,,,234.0,22.0,,10.636363636363637,,,,,,,0.5735294117647058,408.0,29.60406081373823,,,,,,,1044.0,22.0,135.1,6.0,12.6,89.1,,90.3,,,104.2,96.2,5.66,7.4,7.4,0.0,0.0,0.0,0.0,13.0,,,,,
Braelon Allen,RB,Wisconsin,Wisconsin,2024,134,4,backtest,2004-01-20,20.0,44.5,42.66,49.1,24.6,,18.4,61.9,,,,,,73.0,235.0,,,,31.0,,,32.0,117.0,26.0,,,,,,,,,131.0,28.0,,4.678571428571429,,,,,,,0.279317697228145,469.0,73.77097430819167,,,,,,,1346.0,28.0,112.9,5.9,12.0,74.9,,78.6,,,93.7,85.2,5.01,5.01,5.01,0.0,0.0,0.0,0.0,21.0,,,,,
Audric Estime,RB,Notre Dame,Notre Dame,2024,147,5,backtest,2003-09-06,21.0,38.8,40.73,44.3,24.6,,25.4,19.3,,,6.57,,,71.0,221.0,,,,30.82,4.71,,38.0,125.0,23.0,,,,,,,,,142.0,17.0,,8.352941176470589,,,,,,,0.4045584045584046,351.0,42.42986403903548,,,,,,,1483.0,17.0,127.1,6.2,13.8,94.2,,94.0,,,122.8,48.7,2.86,3.75,3.75,0.0,0.0,0.0,0.0,18.0,,,,,
Rasheen Ali,RB,Marshall,Marshall,2024,165,5,backtest,2001-02-16,23.0,34.0,40.27,35.7,30.5,,28.6,42.0,,,,,,71.0,206.0,,,,28.73,,,,,,,,,,,,,,213.0,28.0,,7.607142857142857,,,,,,,0.5011764705882353,425.0,82.48964369793553,,,,,,,1735.0,45.0,,5.5,8.6,75.2,,81.6,,,36.6,24.2,0.18,3.02,3.02,0.0,0.0,0.0,0.0,12.0,,,,,
Tyrone Tracy Jr.,RB,Purdue,Purdue,2024,166,5,backtest,1999-11-23,24.0,26.5,37.41,35.3,22.8,,18.3,49.6,,,9.78,,,71.0,209.0,,,,29.15,4.48,,40.0,124.0,,6.81,4.06,,,,,,,132.0,19.0,,6.947368421052632,,,,,,,0.336734693877551,392.0,32.93786923389643,,,,,,,848.0,36.0,130.0,6.3,23.5,87.5,,90.5,,,160.2,182.3,0.0,10.85,10.85,0.0,0.0,2.0,2.0,32.0,,,,,
Keilan Robinson,RB,Texas,Texas,2024,167,5,backtest,2000-02-16,24.0,18.6,33.3,34.8,11.4,,6.4,41.6,,,7.32,,,68.0,191.0,,,,29.04,4.42,,33.0,125.0,,,,,,,,,,56.0,8.0,,7.0,,,,,,,0.11789473684210526,475.0,6.794580449482071,,,,,,,379.0,20.0,118.6,6.6,15.8,85.7,,89.1,,,179.2,0.0,0.0,,,0.0,0.0,,,0.0,,,,,
Isaiah Davis,RB,South Dakota St.,South Dakota St.,2024,173,5,backtest,2002-02-21,22.0,39.7,41.33,32.2,36.7,,36.0,41.3,,,8.86,,,,,,,,,,,,,,,,,,,,,,190.0,22.0,,8.636363636363637,,,,,,,0.5993690851735016,317.0,66.8116666114922,,,,,,,1777.0,23.0,118.2,6.7,8.5,,,,,,,69.2,2.7,5.1,5.1,0.0,0.0,0.0,0.0,24.0,,,,,
Kimani Vidal,RB,Troy,Troy,2024,181,6,backtest,2001-08-28,23.0,28.2,37.86,30.0,29.9,,25.2,58.1,,,8.88,,,68.0,213.0,,,,32.38,4.46,,37.5,120.0,18.0,7.01,4.15,,,,,,,201.0,18.0,,11.166666666666666,,,,,,,0.4407894736842105,456.0,64.70565264531304,,,,,,,1862.0,26.0,123.8,5.1,12.7,92.4,,93.2,,,115.5,117.9,1.92,9.82,9.82,0.0,0.0,0.0,0.0,21.0,,,,,
Jase McClellan,RB,Alabama,Alabama,2024,186,6,backtest,2002-06-25,22.0,22.1,36.26,27.6,27.2,,25.3,38.9,,,,,,70.0,221.0,,,,31.71,,,,,20.0,,,,,,,,,137.0,15.0,,9.133333333333333,,,,,,,0.42153846153846153,325.0,36.617264170672605,,,,,,,1027.0,15.0,,5.6,0.4,79.8,,84.5,,,83.8,3.2,0.19,,,0.0,0.0,,0.0,2.0,,,,,
Jawhar Jordan,RB,Louisville,Louisville,2024,205,6,backtest,1999-08-18,25.0,21.2,34.46,20.6,29.2,,31.0,18.1,,,4.6,,,70.0,193.0,,,,27.69,4.56,,,,,,,,,,,,,246.0,21.0,,11.714285714285714,,,,,,,0.6029411764705882,408.0,60.47559310462536,,,,,,,1374.0,21.0,,5.8,10.7,87.9,,90.7,,,60.0,29.7,0.0,,,0.0,0.0,,0.0,4.0,,,,,
Dylan Laube,RB,New Hampshire,New Hampshire,2024,208,6,backtest,1999-12-14,24.0,62.5,50.09,19.5,74.9,,81.6,34.9,,,8.78,,,,,,,,,,,,,,,,,,,,,,699.0,68.0,,10.279411764705882,,,,,,,1.5032258064516129,465.0,76.70495605130195,,,,,,,1551.0,68.0,121.9,5.0,13.6,,,,,,,5.7,-0.12,,,0.0,0.0,,0.0,5.0,,,,,
Ashton Jeanty,RB,Boise St.,Boise St.,2025,6,1,backtest,2003-12-02,21.0,93.7,70.56,97.7,25.0,,20.9,49.3,,,,,,,,,,,,,,,,,,,,,,,,,138.0,,,,,,,,,,0.3325301204819277,415.0,67.49290277375721,,,,,,,2739.0,43.0,,6.4,10.3,,,,,,,247.1,14.54,14.54,14.54,1.0,1.0,1.0,1.0,17.0,,,,,
Omarion Hampton,RB,North Carolina,North Carolina,2025,22,1,backtest,2003-03-16,22.0,95.5,76.47,95.0,58.6,,57.2,66.9,,,9.7,,,,,,,,,,,,,,,,,,,,,,373.0,,,,,,,,,,0.9539641943734015,391.0,82.05209046789459,,,,,,,2033.0,38.0,129.6,5.7,3.1,,,,,,,135.7,7.98,15.08,15.08,0.0,0.0,1.0,1.0,9.0,,,,,
Quinshon Judkins,RB,Ohio St.,Ohio St.,2025,36,2,backtest,2003-10-29,21.0,84.5,61.97,90.2,28.0,,22.2,62.6,,,9.9,,,,,,,,,,,,,,,,,,,,,,161.0,,,,,,,,,,0.35384615384615387,455.0,50.60693317837506,,,,,,,1699.0,22.0,131.5,5.1,-4.6,,,,,,,167.8,9.87,11.99,11.99,0.0,0.0,1.0,1.0,14.0,,,,,
TreVeyon Henderson,RB,Ohio St.,Ohio St.,2025,38,2,backtest,2002-10-22,22.0,88.0,65.52,89.1,39.5,,37.5,52.1,,,8.87,,,,,,,,,,,,,,,,,,,,,,284.0,,,,,,,,,,0.6241758241758242,455.0,44.89584037864444,,,,,,,1560.0,27.0,129.5,6.4,16.4,,,,,,,208.2,12.25,12.25,12.25,1.0,0.0,1.0,1.0,17.0,,,,,
RJ Harvey,RB,Central Florida,Central Florida,2025,60,2,backtest,2001-02-04,24.0,85.8,63.93,82.7,48.9,,46.8,61.8,,,8.49,,,,,,,,,,,,,,,,,,,,,,267.0,,,,,,,,,,0.8612903225806452,310.0,,,,,,,,1844.0,22.0,128.1,6.5,4.8,,,,,,,208.6,12.27,12.27,12.27,1.0,0.0,1.0,1.0,17.0,,,,,
Kaleb Johnson,RB,Iowa,Iowa,2025,83,3,backtest,2003-08-14,22.0,76.6,57.79,75.5,43.9,,43.4,47.3,,,,,,,,,,,,,,,,,,,,,,,,,188.0,,,,,,,,,,0.7230769230769231,260.0,70.7485075661903,,,,,,,1725.0,22.0,,5.5,20.6,,,,,,,8.8,0.52,0.88,0.88,0.0,0.0,0.0,0.0,10.0,,,,,
Bhayshul Tuten,RB,Virginia Tech,Virginia Tech,2025,104,4,backtest,2002-02-14,22.0,56.4,47.04,67.6,23.6,,14.0,81.2,,,9.56,,,,,,,,,,,,,,,,,,,,,,79.0,,,,,,,,,,0.23303834808259588,339.0,85.86737506124449,,,,,,,1703.0,30.0,133.9,6.0,14.8,,,,,,,90.6,5.33,6.04,6.04,0.0,0.0,0.0,0.0,15.0,,,,,
Cam Skattebo,RB,Arizona St.,Arizona St.,2025,105,4,backtest,2002-02-05,23.0,90.2,68.32,66.7,84.9,,90.5,51.1,,,,,,,,,,,,,,,,,,,,,,,,,605.0,,,,,,,,,,1.5837696335078535,382.0,,,,,,,,2316.0,45.0,128.7,5.5,7.8,,,,,,,127.7,7.51,15.96,15.96,0.0,0.0,1.0,1.0,8.0,,,,,
Trevor Etienne,RB,Georgia,Georgia,2025,114,4,backtest,2004-07-09,21.0,55.1,46.77,62.7,27.5,,23.8,49.6,,,6.94,,,,,,,,,,,,,,,,,,,,,,194.0,,,,,,,,,,0.37816764132553604,513.0,27.97163578244216,,,,,,,925.0,32.0,121.5,5.6,3.7,,,,,,,13.7,0.81,1.71,1.71,0.0,0.0,0.0,0.0,8.0,,,,,
Woody Marks,RB,USC,USC,2025,116,4,backtest,2000-12-29,24.0,60.8,48.44,61.6,33.1,,32.7,35.9,,,,,,,,,,,,,,,,,,,,,,,,,321.0,,,,,,,,,,0.6022514071294559,533.0,,,,,,,,,,,,,,,,,,,145.1,8.54,9.07,9.07,0.0,0.0,0.0,0.0,16.0,,,,,
Jarquez Hunter,RB,Auburn,Auburn,2025,117,4,backtest,2002-12-29,22.0,55.5,46.85,61.2,29.1,,25.2,52.3,,,7.17,,,,,,,,,,,,,,,,,,,,,,155.0,,,,,,,,,,0.42005420054200543,369.0,76.62906236275802,,,,,,,1356.0,21.0,117.0,6.3,10.5,,,,,,,0.0,0.0,,,0.0,0.0,,,0.0,,,,,
Dylan Sampson,RB,Tennessee,Tennessee,2025,126,4,backtest,2004-09-14,20.0,51.1,44.82,54.4,27.3,,25.2,39.8,,,6.6,,,,,,,,,,,,,,,,,,,,,,143.0,,,,,,,,,,0.38337801608579086,373.0,72.93612917800414,,,,,,,1634.0,20.0,121.5,5.9,2.3,,,,,,,89.60000000000001,5.27,5.97,5.97,0.0,0.0,0.0,0.0,15.0,,,,,
Jordan James,RB,Oregon,Oregon,2025,147,5,backtest,2004-03-29,21.0,41.4,42.3,44.3,29.0,,28.6,32.0,,,4.65,,,,,,,,,,,,,,,,,,,,,,209.0,,,,,,,,,,0.4543478260869565,460.0,44.6815408085431,,,,,,,1476.0,26.0,,5.7,1.8,,,,,,,0.0,0.0,,,0.0,0.0,,,0.0,,,,,
Jaydon Blue,RB,Texas,Texas,2025,149,5,backtest,2004-01-08,21.0,57.3,47.45,43.2,44.6,,42.8,55.6,,,6.34,,,,,,,,,,,,,,,,,,,,,,368.0,,,,,,,,,,0.6802218114602587,541.0,54.158473408638855,,,,,,,1098.0,42.0,111.7,5.4,-2.4,,,,,,,20.4,1.2,,,0.0,0.0,,0.0,5.0,,,,,
DJ Giddens,RB,Kansas St.,Kansas St.,2025,151,5,backtest,2003-08-26,22.0,55.9,46.92,41.2,43.9,,40.6,63.4,,,9.78,,,,,,,,,,,,,,,,,,,,,,258.0,,,,,,,,,,0.6771653543307087,381.0,48.64630079459838,,,,,,,1601.0,29.0,132.2,6.0,2.9,,,,,,,9.6,0.56,,,0.0,0.0,,0.0,5.0,,,,,
Maxx Williams,TE,Minnesota,Minnesota,2015,55,2,backtest,1994-04-12,21.0,88.0,72.21,82.5,70.1,,,,99.9,59.2,41.8,,,76.0,249.0,,,,30.31,4.78,,34.5,117.0,17.0,7.3,4.37,,,,,,,569.0,36.0,,15.81,,,,36.8,19.0,,,254.0,,,,,,,,,,,,,,,,,,,64.8,5.89,5.89,5.89,0.0,0.0,0.0,0.0,55.0,,,,,10.0
Clive Walford,TE,Miami (FL),Miami (FL),2015,68,3,backtest,1991-10-01,23.0,72.7,59.4,79.4,44.2,,,,49.5,40.5,41.7,,,76.0,251.0,,,,30.55,4.79,,35.0,120.0,20.0,7.32,4.57,,,,,,,676.0,44.0,,15.36,,,,23.9,22.0,,,391.0,,,,,,,,,,,,,,,,,,,86.9,5.79,5.79,5.79,0.0,0.0,0.0,0.0,40.0,,,,,10.0
Tyler Kroft,TE,Rutgers,Rutgers,2015,85,3,backtest,1992-10-15,22.0,58.6,53.2,73.3,36.0,,,,33.7,16.7,68.2,,,77.0,246.0,,,,29.17,4.75,,,,17.0,,,,,,,,,269.0,24.0,,11.21,,,,18.7,,,,357.0,,,,,,,,,,,,,,,,,,,124.4,8.29,8.29,8.29,0.0,0.0,0.0,0.0,59.0,,,,,10.0
Jeff Heuerman,TE,Ohio St.,Ohio St.,2015,92,3,backtest,1992-11-24,22.0,83.1,65.99,70.8,70.8,,,,99.9,27.7,91.7,,,77.0,254.0,,,,30.12,4.81,,,,26.0,,,,,,,,,,,,,,,,100.0,19.0,,,,,,,,,,,,,,,,,,,,,,71.1,7.11,7.11,3.52,0.0,0.0,0.0,0.0,34.0,,,,,10.0
Blake Bell,TE,Oklahoma,Oklahoma,2015,117,4,backtest,1991-08-07,24.0,37.1,45.09,58.0,28.1,,,,23.1,10.0,62.7,,,78.0,252.0,,,,29.12,4.8,,33.0,116.0,14.0,6.85,4.32,,4.0,,,,,214.0,16.0,,13.38,,,,8.1,,,,386.0,,,,,,,,,,,,,,,,,,,33.6,3.73,3.73,3.73,0.0,0.0,0.0,0.0,66.0,,,,,10.0
MyCole Pruitt,TE,Southern Illinois,Southern Illinois,2015,143,5,backtest,1992-03-24,23.0,63.5,54.64,44.8,61.1,,,,84.9,27.7,75.5,,,74.0,251.0,,,,32.22,4.58,,38.0,118.0,17.0,7.25,4.37,,,,,,,136.0,10.0,,13.6,,,,68.8,20.0,,,,,,,,,,,,,,,,,,,,,,55.0,5.5,5.5,1.89,0.0,0.0,0.0,0.0,65.0,,,,,10.0
C.J. Uzomah,TE,Auburn,Auburn,2015,157,5,backtest,1993-01-14,22.0,25.5,41.53,38.1,33.0,,,,22.2,8.3,86.1,,,,,,,,,,,,,,,,,1.0,,,,,145.0,11.0,,13.18,,,,7.2,,,,332.0,,,,,,,,,,,,,,,,,,,128.30000162124634,8.02,8.02,6.8,0.0,0.0,0.0,0.0,84.0,,,,,10.0
Jesse James,TE,Penn St.,Penn St.,2015,160,5,backtest,1994-06-04,21.0,60.4,54.17,37.1,65.5,,,,99.9,27.7,70.8,,,79.0,261.0,,,,29.4,4.83,,37.5,121.0,26.0,7.53,4.5,,,,,,,,,,,,,,81.4,18.0,,,,,,,,,,,,,,,,,,,,,,98.2,7.01,7.01,7.01,0.0,0.0,0.0,0.0,78.0,,,,,10.0
Nick Boyle,TE,Delaware,Delaware,2015,171,5,backtest,1993-02-17,22.0,43.9,46.82,31.9,50.7,,,,83.2,27.7,36.5,,,76.0,268.0,,,,32.62,5.04,,30.5,112.0,20.0,7.13,4.23,,,,,,,,,,,,,,31.3,20.0,,,,,,,,,,,,,,,,,,,,,,75.1,5.01,5.01,4.41,0.0,0.0,0.0,0.0,64.0,,,,,10.0
James O'Shaughnessy,TE,Illinois St.,Illinois St.,2015,173,5,backtest,1992-01-14,23.0,26.7,41.79,30.7,38.8,,,,25.0,27.7,76.0,,,,,,,,,,,,,,,,,,,,,,,,,,,,,,,,,,,,,,,,,,,,,,,,,,,,54.200000286102295,7.2,3.61,2.49,0.0,0.0,0.0,0.0,62.0,,,,,10.0
Nick O'Leary,TE,Florida St.,Florida St.,2015,194,6,backtest,1992-08-31,23.0,35.9,44.49,23.4,52.0,,,,99.9,27.7,16.5,,,75.0,252.0,,,,31.49,4.93,,30.5,110.0,21.0,7.4,4.5,,,,,,,,,,,,,,100.0,19.0,,,,,,,,,,,,,,,,,,,,,,64.2,4.94,4.94,4.94,0.0,0.0,0.0,0.0,39.0,,,,,10.0
Malcolm Johnson,TE,Mississippi St.,Mississippi St.,2015,195,6,backtest,1992-08-11,23.0,51.8,49.99,22.4,66.0,,,,99.9,27.7,72.7,,,,,,,,,,,,,,,,,,,,,,,,,,,,,88.1,19.0,,,,,,,,,,,,,,,,,,,,,,0.0,0.0,,,0.0,0.0,,0.0,10.0,,,,,10.0
Randall Telfer,TE,USC,USC,2015,198,6,backtest,1992-05-16,23.0,12.0,35.02,21.5,29.5,,,,22.7,7.5,72.7,,,76.0,250.0,,,,30.43,4.83,,,,20.0,,,,,,,,,197.0,21.0,,9.38,,,,7.7,,,,460.0,,,,,,,,,,,,,,,,,,,6.6,0.0,,,0.0,0.0,,0.0,8.0,,,,,10.0
A.J. Derby,TE,Arkansas,Arkansas,2015,202,6,backtest,1991-09-20,23.0,14.5,36.67,19.7,34.8,,,,25.0,27.7,60.2,,,,,,,,,,,,,,,,,,,,,,,,,,,,,,,,,359.0,,,,,,,,,,,,,,,,,,,55.4,5.04,5.04,5.04,0.0,0.0,0.0,0.0,20.0,,,,,10.0
Kennard Backman,TE,Ala-Birmingham,Ala-Birmingham,2015,213,6,backtest,1993-02-26,22.0,42.6,46.56,16.6,62.8,,,,99.9,27.7,59.7,,,,,,,,,,,,,,,,,,,,,,,,,,,,,85.6,19.0,,,,,,,,,,,,,,,,,,,,,,0.0,0.0,,,0.0,0.0,,,0.0,,,,,10.0
Ben Koyack,TE,Notre Dame,Notre Dame,2015,229,7,backtest,1993-04-09,22.0,6.5,30.56,11.4,27.4,,,,27.1,14.9,46.5,,,77.0,255.0,,,,30.24,4.79,,,,,,,,,,,,,317.0,30.0,,10.57,,,,12.1,,,,463.0,,,,,,,,,,,,,,,,,,,41.1,4.57,4.57,4.57,0.0,0.0,0.0,0.0,18.0,,,,,10.0
Geoff Swaim,TE,Texas,Texas,2015,246,7,backtest,1993-09-16,21.0,2.2,28.18,8.0,26.2,,,,17.7,1.3,76.2,,,,,,,,,,,,,,,,,,,,,,70.0,10.0,,7.0,,,,2.7,,,,418.0,,,,,,,,,,,,,,,,,,,69.99999904632568,7.02,7.02,,0.0,0.0,,0.0,64.0,,,,,10.0
Rory Anderson,TE,South Carolina,South Carolina,2015,254,7,backtest,1992-10-02,22.0,4.1,29.38,3.1,31.4,,,,23.8,11.4,72.7,,,77.0,244.0,,,,28.93,4.73,,,,,,,,,,,,,260.0,22.0,,11.82,,,,8.8,,,,468.0,,,,,,,,,,,,,,,,,,,0.0,0.0,,,0.0,0.0,,,0.0,,,,,10.0
Gerald Christian,TE,Louisville,Louisville,2015,256,7,backtest,1991-08-26,24.0,1.6,23.94,1.6,18.3,,,,26.6,18.3,5.9,,,75.0,244.0,,,,30.49,4.87,,,,28.0,7.62,4.7,,,,,,,384.0,32.0,,12.0,,,,11.6,,,,428.0,,,,,,,,,,,,,,,,,,,2.4,0.0,,,0.0,0.0,,0.0,1.0,,,,,10.0
Hunter Henry,TE,Arkansas,Arkansas,2016,35,2,backtest,1994-12-07,21.0,93.5,77.46,91.3,72.7,,,,99.9,51.8,63.2,,,77.0,250.0,,,,29.64,4.79,,,,13.0,,,,,,,,,739.0,51.0,,14.49,,,,24.0,18.0,,,374.0,,,,,,,,,,,,,92.4,91.6,,2.36,2.36,,178.8,12.52,12.52,10.58,1.0,0.0,1.0,5.0,129.0,,,,,9.0
Austin Hooper,TE,Stanford,Stanford,2016,81,3,backtest,1994-10-29,21.0,66.5,57.65,75.4,45.4,,,,31.7,35.1,81.5,,,76.0,254.0,,,,30.91,4.72,,33.0,117.0,19.0,7.0,4.32,,,,,,,438.0,34.0,,12.88,,,,16.7,,,,318.0,,,,,,,,,,,,,77.1,68.3,,1.59,1.59,,191.7,14.75,14.75,10.19,1.0,0.0,1.0,2.0,147.0,,,,,9.0
Nick Vannett,TE,Ohio St.,Ohio St.,2016,94,3,backtest,1993-03-06,23.0,72.0,59.28,69.3,54.8,,,,99.9,8.4,56.8,,,78.0,257.0,,,,29.7,4.76,,30.5,111.0,17.0,7.05,4.2,,,,,,,,,,,,,,45.5,19.0,,,,,,,,,,,,,,,,67.5,54.6,,0.74,0.74,,73.9,4.93,4.93,4.93,0.0,0.0,0.0,0.0,75.0,,,,,9.0
Tyler Higbee,TE,Western Kentucky,Western Kentucky,2016,110,4,backtest,1993-01-01,23.0,51.2,49.39,60.4,36.3,,,,25.8,22.4,72.7,,,78.0,249.0,,,,28.77,4.77,,,,,,,,,,,,,563.0,38.0,,14.82,,,,10.8,,,,554.0,,,,,,,,,,,,,87.1,84.0,,2.3,2.3,,160.4,11.46,11.46,4.66,0.0,0.0,0.0,1.0,126.0,,,,,9.0
Seth Devalve,TE,Princeton,Princeton,2016,138,4,backtest,1993-01-29,23.0,46.9,47.75,46.9,42.2,,,,25.0,27.7,89.6,,,,,,,,,,,,,,,,,,,,,,,,,,,,,,,,,,,,,,,,,,,,,,,,,,,,76.5,4.78,4.78,4.78,0.0,0.0,0.0,0.0,37.0,,,,,9.0
Temarrick Hemingway,TE,South Carolina St.,South Carolina St.,2016,177,6,backtest,1993-07-30,23.0,22.4,40.67,27.0,37.2,,,,25.0,27.7,69.8,,,77.0,244.0,,,,28.93,4.71,,30.5,115.0,18.0,6.88,4.31,,,,,,,,,,,,,,,,,,,,,,,,,,,,,,,,,,,,,2.0,0.0,,,0.0,0.0,,0.0,2.0,,,,,9.0
Jerell Adams,TE,South Carolina,South Carolina,2016,184,6,backtest,1992-12-31,23.0,29.2,42.12,26.1,43.0,,,,31.9,27.1,83.6,,,77.0,247.0,,,,29.29,4.64,,32.5,117.0,,7.05,4.31,,,,,,,421.0,28.0,,15.04,,,,16.9,,,,351.0,,,,,,,,,,,,,80.6,64.7,,1.51,1.51,,34.2,3.8,3.8,3.8,0.0,0.0,0.0,0.0,15.0,,,,,9.0
David Morgan,TE,Texas-San Antonio,Texas-San Antonio,2016,188,6,backtest,1993-05-19,23.0,42.0,46.27,25.5,54.6,,,,84.9,25.4,53.0,,,76.0,262.0,,,,31.89,,,,,,,,,,,,,,,,,,,,,100.0,20.0,,,,,,,,,,,,,,,,92.5,80.8,,1.66,1.66,,25.5,3.64,,,0.0,0.0,,0.0,13.0,,,,,9.0
Rico Gathers,TE,Baylor,Baylor,2016,217,6,backtest,1994-01-07,22.0,13.9,35.97,15.7,37.5,,,,25.0,27.7,70.8,,,,,,,,,,,,,,,,,,,,,,,,,,,,,,,,,389.0,,,,,,,,,,,,,,,,,,,7.5,1.25,,,0.0,0.0,,0.0,6.0,,,,,9.0
Thomas Duarte,TE,UCLA,UCLA,2016,231,7,backtest,1995-03-30,21.0,35.3,44.27,10.2,62.2,,,,80.0,44.4,62.3,,,74.0,231.0,,,,29.66,4.72,,33.5,118.0,12.0,6.97,4.24,,,,,,,872.0,53.0,,16.45,,,,24.9,20.0,,,510.0,,,,,,,,,,,,,,,,,,,0.0,0.0,,,0.0,0.0,,,0.0,,,,,9.0
Beau Sandland,TE,Montana St.,Montana St.,2016,252,7,backtest,1993-02-23,23.0,27.3,41.9,4.1,62.1,,,,79.7,27.7,87.3,,,76.0,253.0,,,,30.79,4.74,,35.0,124.0,23.0,7.1,4.33,,,,,,,,,,,,,,24.5,20.0,,,,,,,,,,,,,,,,,,,,,,0.0,0.0,,,0.0,0.0,,,0.0,,,,,9.0
O.J. Howard,TE,Alabama,Alabama,2017,19,1,backtest,1994-11-18,22.0,88.6,72.55,95.9,50.1,,,,33.9,34.6,97.7,,,78.0,251.0,,,,29.0,4.51,,30.0,121.0,22.0,6.85,4.16,,,,,,,595.0,45.0,,13.22,,,,18.9,,,,417.0,,,,,,,,,,,,,78.8,69.1,,1.81,1.81,,120.5,12.05,12.05,12.05,1.0,1.0,1.0,1.0,59.0,,,,,8.0
Evan Engram,TE,Mississippi,Mississippi,2017,23,1,backtest,1994-09-02,23.0,96.6,81.62,94.7,75.6,,,,99.9,41.0,91.1,,,75.0,234.0,,,,29.24,4.42,,36.0,125.0,19.0,6.92,4.23,,,,,,,,,,,,,,75.3,19.0,,,,,,,,,,,,,,,,82.1,80.5,,2.59,2.59,,230.3,13.68,13.68,13.68,1.0,1.0,3.0,5.0,124.0,,,,,8.0
David Njoku,TE,Miami (FL),Miami (FL),2017,29,1,backtest,1996-07-10,21.0,85.5,70.69,92.9,52.2,,,,34.6,42.4,93.2,,,76.0,246.0,,,,29.94,4.64,,37.5,133.0,21.0,6.97,4.34,,,,,,,698.0,43.0,,16.23,,,,19.6,,,,426.0,,,,,,,,,,,,,76.7,76.3,,2.34,2.34,,201.2,13.5,13.5,9.59,1.0,0.0,0.0,3.0,112.0,,,,,8.0
Gerald Everett,TE,South Alabama,South Alabama,2017,44,2,backtest,1994-06-25,23.0,86.8,71.13,88.0,61.8,,,,64.5,40.5,89.8,,,75.0,239.0,,,,29.87,4.62,,37.5,126.0,22.0,6.99,4.33,,,,,,,717.0,49.0,,14.63,,,,24.0,21.0,,,415.0,,,,,,,,,,,,,77.0,77.0,,2.32,2.32,,139.5,9.3,9.3,7.48,0.0,0.0,0.0,0.0,109.0,,,,,8.0
Adam Shaheen,TE,Ashland,Ashland,2017,45,2,backtest,1994-10-24,22.0,84.9,68.67,87.4,56.2,,,,25.0,67.1,86.7,,,78.0,278.0,,,,32.12,4.79,,32.5,121.0,24.0,7.09,4.38,,,,,,,867.0,57.0,,15.21,,,,,,,,328.0,,,,,,,,,,,,,,,,,,,45.00000035762787,7.12,3.46,,0.0,0.0,,0.0,37.0,,,,,8.0
Jonnu Smith,TE,Florida International,Florida International,2017,100,3,backtest,1995-08-22,22.0,79.4,64.15,66.5,69.3,,,,99.9,29.8,82.9,,,75.0,248.0,,,,30.99,4.62,,38.0,127.0,22.0,,4.18,,5.0,,,,,506.0,42.0,,12.05,,,,35.2,18.0,,,407.0,,,,,,,,,,,,,62.8,63.3,,1.42,1.42,,222.3,13.08,13.08,6.98,0.0,0.0,0.0,2.0,129.0,,,,,8.0
Michael Roberts,TE,Toledo,Toledo,2017,127,4,backtest,1994-05-07,23.0,41.4,46.09,52.1,34.2,,,,27.7,28.6,52.3,,,76.0,270.0,,,,32.86,4.86,,30.0,110.0,,7.05,4.51,,,,,,,533.0,45.0,,11.84,,,,12.7,,,,423.0,,,,,,,,,,,,,78.7,77.2,,1.47,1.47,,37.0,5.29,,,0.0,0.0,,0.0,12.0,,,,,8.0
Jake Butt,TE,Michigan,Michigan,2017,145,5,backtest,1995-07-11,22.0,61.0,54.31,43.6,60.9,,,,78.1,36.0,72.7,,,77.0,246.0,,,,29.17,,,,,,,,,,,,,,546.0,46.0,,11.87,,,,21.2,20.0,,,370.0,,,,,,,,,,,,,84.2,85.9,,1.99,1.99,,16.5,0.0,,,0.0,0.0,,0.0,6.0,,,,,8.0
George Kittle,TE,Iowa,Iowa,2017,146,5,backtest,1993-10-09,23.0,45.1,47.28,42.6,43.7,,,,30.8,22.3,95.2,,,76.0,247.0,,,,30.06,4.52,,35.0,132.0,18.0,,,,,,,,,314.0,22.0,,14.27,,,,15.8,,,,310.0,,,,,,,,,,,,,78.6,63.8,,1.42,1.42,,258.7,16.17,16.17,16.17,1.0,1.0,2.0,8.0,124.0,,,,,8.0
Jordan Leggett,TE,Clemson,Clemson,2017,150,5,backtest,1995-01-31,22.0,40.2,45.79,40.2,41.3,,,,29.7,27.8,79.0,,,77.0,258.0,,,,30.59,,,33.0,114.0,18.0,7.12,4.33,,,,,,,736.0,46.0,,16.0,,,,14.7,,,,629.0,,,,,,,,,,,,,67.5,65.8,,1.54,1.54,,31.4,2.42,2.42,2.42,0.0,0.0,0.0,0.0,13.0,,,,,8.0
Jeremy Sprinkle,TE,Arkansas,Arkansas,2017,154,5,backtest,1994-08-10,23.0,24.9,41.38,39.6,31.6,,,,26.2,20.4,56.6,,,77.0,252.0,,,,29.88,4.69,,29.0,116.0,,,,,,,,,,380.0,33.0,,11.52,,,,11.2,,,,406.0,,,,,,,,,,,,,74.6,73.7,,1.16,1.16,,56.1,3.74,3.74,3.74,0.0,0.0,0.0,0.0,28.0,,,,,8.0
Eric Saubert,TE,Drake,Drake,2017,174,5,backtest,1994-05-09,23.0,26.1,41.77,29.8,39.0,,,,25.0,27.7,77.0,,,77.0,253.0,,,,30.0,,,33.0,121.0,22.0,,,,,,,,,,,,,,,,,,,,,,,,,,,,,,,,,,,,,,,35.8,3.34,3.34,,0.0,0.0,,0.0,45.0,,,,,8.0
Bucky Hodges,TE,Virginia Tech,Virginia Tech,2017,201,6,backtest,1995-08-08,22.0,31.0,43.34,20.6,51.2,,,,33.8,37.6,97.6,,,78.0,257.0,,,,29.7,4.57,,39.0,134.0,18.0,,4.45,,42.0,,,,,691.0,48.0,,14.4,,,,18.8,,,,449.0,,,,,,,,,,,,,,,,,,,0.0,0.0,,,0.0,0.0,,,0.0,,,,,8.0
Mason Schreck,TE,Buffalo,Buffalo,2017,251,7,backtest,1993-11-04,23.0,17.5,38.43,5.0,53.2,,,,51.0,38.2,78.7,,,,,,,,,,,,,,,,,,,,,,651.0,59.0,,11.03,,,,27.1,22.0,,,397.0,,,,,,,,,,,,,72.7,70.9,,1.75,1.75,,2.6,0.0,,,0.0,0.0,,0.0,3.0,,,,,8.0
Hayden Hurst,TE,South Carolina,South Carolina,2018,25,1,backtest,1993-08-24,25.0,83.7,67.78,93.8,42.3,,,,33.6,28.8,75.7,,,76.0,250.0,,,,30.43,4.67,,31.5,120.0,,7.19,4.37,,30.0,,,,,559.0,44.0,,12.7,,,,22.2,23.0,,,397.0,,,,,,,,,,,,,64.2,66.4,,1.42,1.42,,149.10000121593475,9.32,9.32,9.32,0.0,0.0,0.0,0.0,82.0,,,,,7.0
Mike Gesicki,TE,Penn St.,Penn St.,2018,42,2,backtest,1995-10-03,22.0,92.3,75.6,89.8,71.9,,,,98.0,27.4,99.7,,,77.0,247.0,,,,29.29,4.54,,41.5,129.0,22.0,6.76,4.1,,,,,,,,,,,,,,30.9,19.0,,,,,,,,,,,,,,,,75.2,77.3,,1.51,1.51,,165.00000143051147,10.62,10.62,10.62,1.0,0.0,1.0,1.0,121.0,,,,,7.0
Dallas Goedert,TE,South Dakota St.,South Dakota St.,2018,49,2,backtest,1995-01-03,23.0,91.0,75.03,86.1,74.2,,,,75.9,58.6,95.0,,,77.0,256.0,,,,30.35,,,,,23.0,,,,,,,,,1111.0,72.0,,15.43,,,,16.7,20.0,,,455.0,,,,,,,,,,,,,,,,,,,185.1,12.34,12.34,10.58,1.0,0.0,1.0,5.0,106.0,,,,,7.0
Mark Andrews,TE,Oklahoma,Oklahoma,2018,86,3,backtest,1995-09-06,23.0,70.8,58.93,72.4,50.7,,,,33.9,52.8,72.8,,,77.0,256.0,,,,30.35,4.67,,31.0,113.0,17.0,7.34,4.38,,,,,,,958.0,62.0,,15.45,,,,18.9,,,,433.0,,,,,,,,,,,,,80.4,81.4,,2.63,2.63,,301.09999656677246,17.71,17.71,13.81,1.0,1.0,2.0,6.0,121.0,,,,,7.0
Jordan Akins,TE,Central Florida,Central Florida,2018,98,3,backtest,1992-04-19,26.0,54.3,51.64,67.2,37.3,,,,25.0,28.4,69.1,,,75.0,249.0,,,,31.12,,,,,,,,,,,,,,,,,,,,,,,,,,,,,,,,,,,,,,77.1,79.2,,1.93,1.93,,116.5,7.77,7.77,6.44,0.0,0.0,0.0,0.0,98.0,,,,,7.0
Ian Thomas,TE,Indiana,Indiana,2018,101,4,backtest,1996-06-06,22.0,55.5,52.08,64.7,39.5,,,,26.8,16.6,93.1,,,76.0,259.0,,,,31.52,4.74,,36.0,123.0,,7.15,4.2,,,,,,,376.0,25.0,,15.04,,,,11.8,,,,502.0,,,,,,,,,,,,,62.7,65.9,,1.67,1.67,,81.30000000000001,8.13,8.13,8.13,0.0,0.0,0.0,0.0,76.0,,,,,7.0
Chris Herndon,TE,Miami (FL),Miami (FL),2018,107,4,backtest,1996-02-23,22.0,71.4,59.23,61.3,59.7,,,,99.9,26.3,49.6,,,76.0,253.0,,,,30.79,,,,,21.0,,,,,,,,,,,,,,,,48.8,19.0,,,425.0,,,,,,,,,,,,,69.8,66.2,,1.62,1.62,,113.2,8.09,8.09,8.09,0.0,0.0,0.0,0.0,31.0,,,,,7.0
Will Dissly,TE,Washington,Washington,2018,120,4,backtest,1996-07-08,22.0,32.8,43.64,56.4,25.5,,,,24.8,18.1,37.8,,,76.0,262.0,,,,31.89,4.87,,28.0,111.0,15.0,7.07,4.4,,,,,,,281.0,20.0,,14.05,,,,9.8,,,,348.0,,,,,,,,,,,,,82.6,70.0,,1.4,1.4,,110.1,12.32,7.34,4.36,0.0,0.0,0.0,0.0,86.0,,,,,7.0
Durham Smythe,TE,Notre Dame,Notre Dame,2018,123,4,backtest,1995-08-09,23.0,37.8,45.14,54.0,30.4,,,,25.5,14.3,61.9,,,77.0,253.0,,,,30.0,4.81,,31.0,110.0,18.0,7.17,4.23,,,,,,,244.0,15.0,,16.27,,,,10.5,,,,351.0,,,,,,,,,,,,,64.3,63.1,,1.06,1.06,,71.60000000000001,5.51,5.51,4.52,0.0,0.0,0.0,0.0,84.0,,,,,7.0
Dalton Schultz,TE,Stanford,Stanford,2018,137,4,backtest,1996-07-11,22.0,34.1,43.81,47.9,32.0,,,,25.8,12.2,70.9,,,77.0,244.0,,,,28.93,4.75,,32.0,120.0,15.0,7.0,4.4,,,,,,,212.0,22.0,,9.64,,,,10.8,,,,363.0,,,,,,,,,,,,,62.1,56.3,,0.82,0.82,,208.80000030994407,12.28,12.28,9.16,0.0,0.0,0.0,3.0,106.0,,,,,7.0
Troy Fumagalli,TE,Wisconsin,Wisconsin,2018,156,5,backtest,1995-02-17,23.0,53.1,51.25,39.0,56.9,,,,64.1,39.3,72.7,,,77.0,247.0,,,,29.29,,,,,14.0,,,,,,,,,547.0,46.0,,11.89,,,,23.1,21.0,,,325.0,,,,,,,,,,,,,75.6,81.3,,1.87,1.87,,22.00000023841858,3.14,,,0.0,0.0,,0.0,13.0,,,,,7.0
Tyler Conklin,TE,Central Michigan,Central Michigan,2018,157,5,backtest,1995-07-30,23.0,34.7,44.2,38.1,39.6,,,,30.6,23.9,76.8,,,75.0,254.0,,,,31.74,4.8,,38.0,120.0,18.0,7.13,4.23,,,,,,,504.0,35.0,,14.4,,,,15.6,,,,469.0,,,,,,,,,,,,,67.0,68.8,,1.87,1.87,,138.3000009059906,8.14,8.14,,0.0,0.0,,0.0,89.0,,,,,7.0
Jaylen Samuels,TE,North Carolina St.,North Carolina St.,2018,165,5,backtest,1996-07-20,22.0,30.4,43.21,34.4,39.8,,,,25.0,28.3,79.1,,,71.0,225.0,,,,31.38,4.54,,34.5,121.0,18.0,6.93,4.28,,,,,,,,,,,,,,,,,,,,,,,,,,,,,,,68.6,65.5,,1.47,1.47,,0.0,0.0,,,0.0,0.0,0.0,0.0,32.0,,,,,7.0
Jordan Thomas,TE,Mississippi St.,Mississippi St.,2018,211,6,backtest,1996-08-02,22.0,10.2,34.66,17.5,32.4,,,,25.0,35.4,39.1,,,77.0,265.0,,,,31.42,4.74,,27.0,111.0,16.0,7.5,4.75,,,,,,,,,,,,,,,,,,,,,,,,,,,,,,,62.5,63.3,,1.85,1.85,,65.5,4.68,4.68,4.68,0.0,0.0,0.0,0.0,17.0,,,,,7.0
Ryan Izzo,TE,Florida St.,Florida St.,2018,250,7,backtest,1995-12-21,22.0,20.0,39.2,5.9,54.8,,,,99.9,16.3,45.0,,,77.0,256.0,,,,30.35,4.94,,33.0,110.0,18.0,7.15,4.43,,,,,,,,,,,,,,42.2,19.0,,,,,,,,,,,,,,,,66.0,60.6,,1.06,1.06,,30.9000004529953,3.09,3.09,3.09,0.0,0.0,0.0,0.0,14.0,,,,,7.0
T.J. Hockenson,TE,Iowa,Iowa,2019,8,1,backtest,1997-07-03,22.0,97.2,82.06,98.4,64.6,,,,65.3,45.7,91.9,,,77.0,251.0,,,,29.76,4.7,,37.5,123.0,17.0,7.02,4.18,,4.0,,,,,750.0,49.0,,15.31,,,,25.7,21.0,,,407.0,,,,,,,,,,,,,90.0,90.8,,2.21,2.21,,219.0,14.6,14.6,12.11,1.0,0.0,2.0,4.0,97.0,,,,,6.0
Noah Fant,TE,Iowa,Iowa,2019,20,1,backtest,1997-11-20,21.0,87.4,72.17,95.3,49.9,,,,35.0,32.2,98.9,,,76.0,249.0,,,,30.31,4.5,,39.5,127.0,20.0,6.81,4.22,,1.0,,,,,518.0,39.0,,13.28,,,,20.0,,,,407.0,,,,,,,,,,,,,77.3,80.6,,2.15,2.15,,159.0000011920929,10.66,10.66,10.66,1.0,0.0,1.0,1.0,104.0,,,,,6.0
Irv Smith Jr.,TE,Alabama,Alabama,2019,50,2,backtest,1998-08-09,21.0,74.5,60.66,85.2,38.8,,,,29.6,41.9,47.8,,,74.0,242.0,,,,31.07,4.63,,32.5,110.0,19.0,7.32,4.33,,,,,,,710.0,44.0,,16.14,,,,14.6,,,,438.0,,,,,,,,,,,,,81.2,86.9,,2.56,2.56,,98.4999978542328,8.21,8.21,8.21,0.0,0.0,0.0,0.0,43.0,,,,,6.0
Drew Sample,TE,Washington,Washington,2019,52,2,backtest,1996-04-16,23.0,69.6,58.9,84.3,35.4,,,,22.4,12.0,89.9,,,77.0,255.0,,,,30.24,4.71,,33.5,115.0,,7.15,4.31,,,,,,,245.0,24.0,,10.21,,,,7.4,,,,405.0,,,,,,,,,,,,,75.5,61.6,,0.82,0.82,,78.8999992609024,4.93,4.93,4.93,0.0,0.0,0.0,0.0,66.0,,,,,6.0
Josh Oliver,TE,San Jose St.,San Jose St.,2019,69,3,backtest,1997-03-21,22.0,80.0,64.42,78.8,57.2,,,,69.9,28.1,81.6,,,77.0,249.0,,,,29.52,4.63,,34.0,117.0,22.0,7.21,4.47,,,,,,,,,,,,,,100.0,21.0,,,,,,,,,,,,,,,,77.1,79.9,,1.62,1.62,,65.8,5.98,5.98,1.56,0.0,0.0,0.0,0.0,60.0,,,,,6.0
Jace Sternberger,TE,Texas A&M,Texas A&M,2019,75,3,backtest,1996-06-26,23.0,73.3,59.91,77.6,48.5,,,,50.2,44.7,51.7,,,76.0,251.0,,,,30.55,4.75,,31.5,113.0,17.0,7.19,4.31,,4.0,,,,,832.0,48.0,,17.33,,,,25.4,22.0,,,439.0,,,,,,,,,,,,,85.1,91.1,,2.01,2.01,,29.40000021457672,3.68,3.68,3.68,0.0,0.0,0.0,0.0,9.0,,,,,6.0
Kahale Warring,TE,San Diego St.,San Diego St.,2019,86,3,backtest,1997-03-23,22.0,77.0,62.66,72.4,60.0,,,,69.9,27.5,94.0,,,77.0,252.0,,,,29.88,4.67,,36.5,122.0,19.0,7.21,4.25,,,,,,,,,,,,,,100.0,21.0,,,,,,,,,,,,,,,,64.4,70.0,,1.51,1.51,,6.499999761581421,0.0,,,0.0,0.0,,0.0,4.0,,,,,6.0
Dawson Knox,TE,Mississippi,Mississippi,2019,96,3,backtest,1996-11-14,22.0,70.2,58.93,68.4,54.7,,,,69.9,14.4,92.5,,,76.0,254.0,,,,30.91,,,34.5,,16.0,7.12,4.27,,,,,,,,,,,,,,63.2,21.0,,,,,,,,,,,,,,,,63.0,58.0,,1.16,1.16,,163.7000029087067,10.91,10.91,10.91,1.0,0.0,1.0,1.0,96.0,,,,,6.0
Trevon Wesco,TE,West Virginia,West Virginia,2019,121,4,backtest,1995-09-12,23.0,38.4,45.32,55.2,30.1,,,,23.6,17.5,58.8,,,75.0,267.0,,,,33.37,4.89,,31.0,117.0,24.0,7.18,4.38,,3.0,,,,,366.0,26.0,,14.08,,,,8.6,,,,445.0,,,,,,,,,,,,,83.2,86.0,,1.91,1.91,,6.9,0.0,,,0.0,0.0,,0.0,16.0,,,,,6.0
Foster Moreau,TE,LSU,LSU,2019,137,4,backtest,1997-05-06,22.0,43.3,46.62,47.9,39.0,,,,25.5,15.4,94.7,,,76.0,253.0,,,,30.79,4.66,,36.5,121.0,22.0,7.16,4.11,,,,,,,272.0,22.0,,12.36,,,,10.5,,,,387.0,,,,,,,,,,,,,76.5,82.1,,1.39,1.39,,103.3,7.11,7.11,7.11,0.0,0.0,0.0,0.0,77.0,,,,,6.0
Zach Gentry,TE,Michigan,Michigan,2019,141,5,backtest,1996-09-10,22.0,31.6,43.56,45.7,32.7,,,,33.6,36.9,25.1,,,80.0,265.0,,,,29.11,4.9,,29.5,110.0,12.0,7.4,4.53,,,,,,,514.0,32.0,,16.06,,,,18.6,,,,340.0,,,,,,,,,,,,,74.2,75.4,,1.93,1.93,,35.70000010728836,3.57,3.57,3.57,0.0,0.0,0.0,0.0,25.0,,,,,6.0
Kaden Smith,TE,Stanford,Stanford,2019,176,6,backtest,1997-04-24,22.0,21.8,40.16,28.0,35.6,,,,32.9,36.6,38.2,,,77.0,255.0,,,,30.24,4.92,,32.0,108.0,15.0,7.08,4.47,,,,,,,635.0,47.0,,13.51,,,,17.9,,,,423.0,,,,,,,,,,,,,76.8,77.7,,1.99,1.99,,75.8,10.83,2.25,2.25,0.0,0.0,0.0,0.0,22.0,,,,,6.0
Isaac Nauta,TE,Georgia,Georgia,2019,224,7,backtest,1997-05-21,22.0,5.9,30.47,13.2,25.7,,,,29.4,28.8,15.6,,,75.0,244.0,,,,30.49,4.91,,28.0,,19.0,7.45,4.43,,31.0,,,,,430.0,30.0,,14.33,,,,14.4,,,,356.0,,,,,,,,,,,,,78.0,73.0,,2.01,2.01,,3.3,0.0,,,0.0,0.0,,0.0,4.0,,,,,6.0
Tommy Sweeney,TE,Boston Col.,Boston Col.,2019,228,7,backtest,1995-07-01,24.0,24.3,41.33,12.0,54.0,,,,84.9,19.8,59.0,,,76.0,251.0,,,,30.55,4.83,,,,17.0,,,,,,,,,,,,,,,,100.0,20.0,,,,,,,,,,,,,,,,68.6,69.3,,1.29,1.29,,19.4,2.77,,,0.0,0.0,,0.0,13.0,,,,,6.0
Alizé Mack,TE,Notre Dame,Notre Dame,2019,231,7,backtest,1997-03-29,22.0,10.8,34.69,10.2,38.3,,,,25.8,19.6,85.0,,,76.0,249.0,,,,30.31,4.7,,36.0,120.0,22.0,7.27,4.34,,,,,,,360.0,36.0,,10.0,,,,10.8,,,,418.0,,,,,,,,,,,,,58.5,63.5,,1.25,1.25,,0.0,0.0,,,0.0,0.0,,,0.0,,,,,6.0
Caleb Wilson,TE,UCLA,UCLA,2019,254,7,backtest,1996-07-15,23.0,20.6,39.33,3.1,56.2,,,,54.3,57.5,57.1,,,76.0,240.0,,,,29.21,4.56,,29.0,113.0,,7.2,4.4,,4.0,,,,,965.0,60.0,,16.08,,,,33.6,22.0,,,402.0,,,,,,,,,,,,,84.0,89.9,,2.56,2.56,,0.0,0.0,,,0.0,0.0,,,0.0,,,,,6.0
Cole Kmet,TE,Notre Dame,Notre Dame,2020,43,2,backtest,1999-03-10,21.0,81.2,64.82,88.6,45.5,,,,30.7,31.2,89.2,,,78.0,262.0,,,,30.27,4.7,,37.0,123.0,,7.44,4.41,,,,,,,515.0,43.0,,11.98,,,,15.7,,,,416.0,,,,,,,,,,,,,69.4,73.4,,1.55,1.55,,181.1,12.07,12.07,8.66,0.0,0.0,0.0,1.0,92.0,,,,,5.0
Devin Asiasi,TE,UCLA,UCLA,2020,91,3,backtest,1997-08-14,23.0,64.7,56.33,71.4,46.2,,,,48.0,34.8,60.8,,,75.0,257.0,,,,32.12,4.73,,30.5,115.0,16.0,,,,,,,,,641.0,44.0,,14.57,,,,20.9,22.0,,,426.0,,,,,,,,,,,,,79.0,79.3,,1.78,1.78,,11.899999618530272,0.0,,,0.0,0.0,,0.0,7.0,,,,,5.0
Josiah Deguara,TE,Cincinnati,Cincinnati,2020,94,3,backtest,1997-02-14,23.0,62.2,54.42,69.3,42.7,,,,34.7,30.6,72.7,,,74.0,242.0,,,,31.07,4.72,,35.5,115.0,25.0,7.15,4.35,,2.0,,,,,504.0,39.0,,12.92,,,,19.7,,,,377.0,,,,,,,,,,,,,70.2,67.4,,1.47,1.47,,61.5,5.12,5.12,5.12,0.0,0.0,0.0,0.0,33.0,,,,,5.0
Dalton Keene,TE,Virginia Tech,Virginia Tech,2020,101,3,backtest,1999-04-14,21.0,54.9,51.99,64.7,39.3,,,,25.2,17.4,93.3,,,76.0,253.0,,,,30.79,4.71,,34.0,125.0,21.0,7.07,4.19,,33.0,,,,,236.0,20.0,,11.8,,,,10.2,,,,317.0,,,,,,,,,,,,,62.5,64.3,,1.3,1.3,,4.600000023841858,0.0,,,0.0,0.0,,0.0,3.0,,,,,5.0
Adam Trautman,TE,Dayton,Dayton,2020,105,3,backtest,1997-02-05,23.0,56.7,52.29,62.9,41.6,,,,25.0,27.7,87.4,,,77.0,255.0,,,,30.24,4.8,,34.5,114.0,18.0,6.78,4.27,,,,,,,,,,,,,,,,,,,,,,,,,,,,,,,,,,,,,63.29999935626984,5.75,5.75,5.75,0.0,0.0,0.0,0.0,73.0,,,,,5.0
Harrison Bryant,TE,Florida Atlantic,Florida Atlantic,2020,115,4,backtest,1998-04-23,22.0,67.8,58.31,58.9,60.4,,,,80.3,49.9,46.3,,,77.0,243.0,,,,28.81,4.73,,32.5,110.0,13.0,7.41,4.37,,,,,,,1004.0,65.0,,15.45,,,,25.6,20.0,,,502.0,,,,,,,,,,,,,92.5,92.9,,3.04,3.04,,62.299999833107,5.15,5.15,5.15,0.0,0.0,0.0,0.0,61.0,,,,,5.0
Albert Okwuegbunam,TE,Missouri,Missouri,2020,118,4,backtest,1998-04-25,22.0,48.2,47.9,57.4,35.5,,,,27.8,18.3,72.7,,,77.0,258.0,,,,30.59,4.49,,,,,,,,,,,,,306.0,26.0,,11.77,,,,12.8,,,,376.0,,,,,,,,,,,,,61.2,65.4,,1.32,1.32,,76.00000083446503,5.85,5.85,5.85,0.0,0.0,0.0,0.0,25.0,,,,,5.0
Colby Parkinson,TE,Stanford,Stanford,2020,133,4,backtest,1999-01-07,21.0,47.6,47.88,49.4,40.8,,,,33.9,33.8,61.5,,,79.0,252.0,,,,28.39,4.77,,32.5,109.0,18.0,7.15,4.46,,,,,,,589.0,48.0,,12.27,,,,18.9,,,,442.0,,,,,,,,,,,,,67.1,68.5,,1.4,1.4,,131.8,9.41,9.41,4.94,0.0,0.0,0.0,0.0,63.0,,,,,5.0
Brycen Hopkins,TE,Purdue,Purdue,2020,136,4,backtest,1997-03-27,23.0,56.1,52.2,48.8,52.6,,,,48.7,37.1,81.7,,,76.0,245.0,,,,29.82,4.66,,33.5,116.0,21.0,7.25,4.28,,,,,,,830.0,61.0,,13.61,,,,22.3,22.0,,,520.0,,,,,,,,,,,,,65.1,70.4,,1.83,1.83,,17.900000000000002,2.56,,,0.0,0.0,,0.0,12.0,,,,,5.0
Charlie Woerner,TE,Georgia,Georgia,2020,190,6,backtest,1997-10-16,22.0,9.6,34.3,24.9,25.3,,,,19.7,1.6,69.2,,,77.0,244.0,,,,28.93,4.78,,34.5,120.0,21.0,7.18,4.46,,,,,,,78.0,9.0,,8.67,,,,4.7,,,,415.0,,,,,,,,,,,,,58.9,41.7,,0.35,0.35,,12.8,2.13,1.45,,0.0,0.0,,0.0,26.0,,,,,5.0
Tyler Davis,TE,Georgia Tech,Georgia Tech,2020,206,6,backtest,1997-04-02,23.0,12.6,35.37,18.8,32.7,,,,24.2,10.6,78.8,,,,,,,,,,,,,,,,,,,,,,148.0,17.0,,8.71,,,,9.2,,,,269.0,,,,,,,,,,,,,58.4,61.8,,0.75,0.75,,7.5000001192092896,0.0,,,0.0,0.0,,0.0,10.0,,,,,5.0
Stephen Sullivan,TE,LSU,LSU,2020,251,7,backtest,1996-11-28,23.0,3.4,29.07,5.0,29.8,,,,27.2,2.4,74.5,,,77.0,248.0,,,,29.41,4.66,,36.5,123.0,,7.51,4.62,,,,,,,130.0,12.0,,10.83,,,,12.2,,,,567.0,,,,,,,,,,,,,,,,,,,24.5,2.45,2.45,,0.0,0.0,,0.0,16.0,,,,,5.0
Kyle Pitts,TE,Florida,Florida,2021,4,1,backtest,2000-10-06,20.0,95.3,79.1,99.0,52.7,,,,31.9,44.1,96.5,,,77.0,245.0,,,,29.05,4.44,,33.5,129.0,22.0,7.12,4.3,,,,,,,770.0,43.0,,17.91,,,,16.9,,,,473.0,,,,,,,,,,,,,96.0,96.1,,3.26,3.26,,210.8,12.4,12.4,10.39,1.0,0.0,1.0,2.0,78.0,,,,,4.0
Pat Freiermuth,TE,Penn St.,Penn St.,2021,55,2,backtest,1998-10-25,22.0,89.8,73.53,82.5,73.4,,,,99.9,40.4,83.2,,,77.0,251.0,,,,29.76,,,,,26.0,,,,,,,,,,,,,,,,100.0,19.0,,,,,,,,,,,,,,,,83.0,80.9,,2.33,2.33,,168.3,9.9,9.9,9.88,1.0,0.0,0.0,0.0,74.0,,,,,4.0
Hunter Long,TE,Boston Col.,Boston Col.,2021,81,3,backtest,1998-08-19,23.0,82.5,65.09,75.4,64.0,,,,84.9,28.7,85.8,,,,,,,,,,,,,,,,,,,,,,,,,,,,,100.0,20.0,,,,,,,,,,,,,,,,83.3,83.2,,1.74,1.74,,32.5,4.64,,,0.0,0.0,,0.0,17.0,,,,,4.0
Tommy Tremble,TE,Notre Dame,Notre Dame,2021,83,3,backtest,2000-06-02,21.0,59.2,53.44,73.9,35.7,,,,22.6,13.4,89.0,,,75.0,241.0,,,,30.12,4.6,,36.5,122.0,20.0,,,,4.0,,,,,217.0,19.0,,11.42,,,,7.6,,,,362.0,,,,,,,,,,,,,77.9,63.7,,1.25,1.25,,63.900000000000006,5.64,5.64,4.65,0.0,0.0,0.0,0.0,66.0,,,,,4.0
Tre' McKitty,TE,Georgia,Georgia,2021,97,3,backtest,1999-01-12,22.0,44.5,46.89,67.8,25.0,,,,19.3,6.0,62.0,,,76.0,247.0,,,,30.06,,,,,,,,,,,,,,108.0,6.0,,18.0,,,,4.3,,,,306.0,,,,,,,,,,,,,72.1,63.9,,1.32,1.32,,17.2,2.15,2.15,2.15,0.0,0.0,0.0,0.0,14.0,,,,,4.0
John Bates,TE,Boise St.,Boise St.,2021,124,4,backtest,1997-11-06,23.0,65.9,56.66,53.1,59.5,,,,84.9,28.5,68.0,,,,,,,,,,,,,,,,,,,,,,,,,,,,,54.5,20.0,,,,,,,,,,,,,,,,80.7,66.4,,1.83,1.83,,50.90000021457672,4.63,4.63,4.63,0.0,0.0,0.0,0.0,53.0,,,,,4.0
Kylen Granson,TE,SMU,SMU,2021,127,4,backtest,1998-03-27,23.0,52.4,50.0,52.1,44.0,,,,32.9,32.8,77.2,,,,,,,,,,,,,,,,,0.0,,,,,536.0,35.0,,15.31,,,,17.9,,,,376.0,,,,,,,,,,,,,70.7,72.5,,1.68,1.68,,73.0,4.87,4.87,4.87,0.0,0.0,0.0,0.0,56.0,,,,,4.0
Luke Farrell,TE,Ohio St.,Ohio St.,2021,145,5,backtest,1997-10-14,23.0,53.7,51.43,43.6,53.8,,,,84.9,1.0,86.2,,,77.0,251.0,,,,29.76,4.79,,36.5,118.0,22.0,7.14,4.36,,,,,,,,,,,,,,35.1,20.0,,,,,,,,,,,,,,,,64.3,48.7,,0.28,0.28,,31.5,3.5,3.5,3.17,0.0,0.0,0.0,0.0,40.0,,,,,4.0
Brevin Jordan,TE,Miami (FL),Miami (FL),2021,147,5,backtest,2000-07-16,21.0,36.5,45.08,41.7,38.5,,,,33.9,38.8,45.1,,,74.0,247.0,,,,31.71,4.64,,31.0,116.0,17.0,,,,1.0,,,,,576.0,38.0,,15.16,,,,18.9,,,,381.0,,,,,,,,,,,,,,,,,,,55.80000150203705,6.98,6.98,6.98,0.0,0.0,0.0,0.0,28.0,,,,,4.0
Noah Gray,TE,Duke,Duke,2021,162,5,backtest,1999-04-30,22.0,28.0,41.98,36.2,35.7,,,,33.2,15.6,69.6,,,75.0,240.0,,,,29.99,4.55,,35.0,115.0,15.0,6.83,4.37,,3.0,,,,,278.0,28.0,,9.93,,,,18.2,,,,390.0,,,,,,,,,,,,,61.7,63.4,,1.36,1.36,,113.3,7.08,7.08,4.41,0.0,0.0,0.0,0.0,69.0,,,,,4.0
Zach Davidson,TE,Central Missouri St.,Central Missouri St.,2021,168,5,backtest,1998-07-15,23.0,32.2,43.63,33.5,41.8,,,,25.0,27.7,88.0,,,,,,,,,,,,,,,,,,,,,,,,,,,,,,,,,,,,,,,,,,,,,,,,,,,,1.5,0.0,,,0.0,0.0,,0.0,2.0,,,,,4.0
Trey McBride,TE,Colorado St.,Colorado St.,2022,55,2,backtest,1999-11-22,22.0,91.6,75.51,82.5,78.4,,,,99.9,55.1,81.0,,,76.0,246.0,,,,29.94,,,33.0,117.0,18.0,,,,,,,,,,,,,,,,100.0,18.0,,,,,,,,,,,,,,,,94.8,95.0,,2.78,2.78,,315.90000000000003,18.58,18.58,15.24,1.0,1.0,2.0,3.0,59.0,,,,,3.0
Jelani Woods,TE,Virginia,Virginia,2022,73,3,backtest,1998-10-09,23.0,69.0,58.61,78.2,44.4,,,,27.7,24.0,100.0,,,79.0,259.0,,,,29.17,4.61,,,,24.0,,,,1.0,,,,,598.0,44.0,,13.59,,,,12.7,,,,554.0,,,,,,,,,,,,,77.1,82.8,,1.8,1.8,,74.2,6.18,6.18,6.18,0.0,0.0,0.0,0.0,14.0,,,,,3.0
Greg Dulcich,TE,UCLA,UCLA,2022,80,3,backtest,2000-03-26,22.0,84.3,68.62,76.3,72.4,,,,84.0,54.3,82.3,,,76.0,243.0,,,,29.58,4.69,,34.0,122.0,16.0,7.05,4.37,,,,,,,725.0,42.0,,17.26,,,,32.9,20.0,,,335.0,,,,,,,,,,,,,65.9,72.5,,1.93,1.93,,86.10000000000001,8.61,8.61,8.61,0.0,0.0,0.0,0.0,24.0,,,,,3.0
Jeremy Ruckert,TE,Ohio St.,Ohio St.,2022,101,3,backtest,2000-08-11,22.0,73.9,60.42,64.7,60.4,,,,99.9,12.7,72.7,,,77.0,250.0,,,,29.64,,,,,19.0,,,,,,,,,,,,,,,,57.5,19.0,,,,,,,,,,,,,,,,59.4,55.4,,0.79,0.79,,45.8,3.52,3.52,3.11,0.0,0.0,0.0,0.0,38.0,,,,,3.0
Cade Otton,TE,Washington,Washington,2022,106,4,backtest,1999-04-15,23.0,62.9,54.59,62.2,47.7,,,,66.7,12.1,72.7,,,77.0,247.0,,,,29.29,,,,,,,,,,,,,,250.0,28.0,,8.93,,,,28.5,21.0,,,409.0,,,,,,,,,,,,,65.8,60.6,,1.06,1.06,,140.6,10.04,10.04,10.04,1.0,0.0,1.0,1.0,59.0,,,,,3.0
Daniel Bellinger,TE,San Diego St.,San Diego St.,2022,112,4,backtest,2000-09-22,21.0,77.6,63.25,59.8,71.6,,,,99.9,26.8,96.5,,,77.0,253.0,,,,30.0,4.63,,34.5,125.0,22.0,7.05,4.47,,,,,,,,,,,,,,100.0,18.0,,,,,,,,,,,,,,,,64.1,62.5,,1.66,1.66,,75.0,6.82,6.82,6.82,0.0,0.0,0.0,0.0,43.0,,,,,3.0
Charlie Kolar,TE,Iowa St.,Iowa St.,2022,128,4,backtest,1999-02-10,23.0,75.7,61.98,51.2,74.3,,,,99.9,37.5,91.0,,,79.0,252.0,,,,28.39,,,,,,,,,,,,,,,,,,,,,100.0,19.0,,,,,,,,,,,,,,,,85.3,85.5,,2.08,2.08,,36.2,4.04,3.29,,0.0,0.0,,0.0,25.0,,,,,3.0
Jake Ferguson,TE,Wisconsin,Wisconsin,2022,129,4,backtest,1999-01-18,23.0,67.2,58.3,50.6,65.4,,,,94.5,34.7,67.8,,,77.0,250.0,,,,29.64,4.81,,31.5,118.0,15.0,7.03,4.48,,,,,,,450.0,46.0,,9.78,,,,24.1,19.0,,,300.0,,,,,,,,,,,,,87.2,86.3,,1.73,1.73,,190.1,11.18,11.18,10.42,1.0,0.0,1.0,2.0,59.0,,,,,3.0
Isaiah Likely,TE,Coastal Carolina,Coastal Carolina,2022,139,4,backtest,2000-04-18,22.0,68.4,58.54,46.3,69.5,,,,80.7,72.1,48.7,,,77.0,245.0,,,,29.05,,,36.0,,,,4.57,,10.0,,,,,912.0,59.0,,15.46,,,,26.4,20.0,,,322.0,,,,,,,,,,,,,93.3,93.5,,2.99,2.99,,123.7,8.25,8.25,8.25,0.0,0.0,0.0,0.0,53.0,,,,,3.0
Chigoziem Okonkwo,TE,Maryland,Maryland,2022,143,4,backtest,1999-09-08,22.0,33.5,43.75,44.8,33.9,,,,26.3,21.0,64.6,,,75.0,238.0,,,,29.74,4.52,,35.5,,,,,,,,,,,447.0,52.0,,8.6,,,,11.3,,,,489.0,,,,,,,,,,,,,69.0,76.7,,1.45,1.45,,124.0,7.29,7.29,7.1,0.0,0.0,0.0,0.0,65.0,,,,,3.0
Cole Turner,TE,Nevada,Nevada,2022,149,5,backtest,2000-03-16,22.0,58.0,52.73,40.8,58.3,,,,78.1,28.2,74.0,,,78.0,246.0,,,,28.43,4.76,,27.0,120.0,17.0,7.06,4.41,,,,,,,677.0,62.0,,10.92,,,,21.2,20.0,,,572.0,,,,,,,,,,,,,73.5,72.6,,1.49,1.49,,23.0,3.29,,,0.0,0.0,,0.0,12.0,,,,,3.0
Teagan Quitoriano,TE,Oregon St.,Oregon St.,2022,170,5,backtest,2000-03-15,22.0,48.8,48.6,32.8,54.8,,,,99.9,14.7,47.4,,,78.0,258.0,,,,29.81,,,,,22.0,,,,,,,,,,,,,,,,79.4,19.0,,,,,,,,,,,,,,,,69.6,70.6,,1.3,1.3,,30.3,4.33,,,0.0,0.0,,0.0,10.0,,,,,3.0
James Mitchell,TE,Virginia Tech,Virginia Tech,2022,177,5,backtest,1999-08-11,23.0,16.9,38.26,27.0,31.2,,,,34.7,0.0,72.7,,,76.0,249.0,,,,30.31,,,,,,,,,1.0,,,,,42.0,5.0,,8.4,,,,19.7,,,,316.0,,,,,,,,,,,,,61.4,69.6,,1.62,1.62,,28.3,3.54,3.54,3.54,0.0,0.0,0.0,0.0,12.0,,,,,3.0
Andrew Ogletree,TE,Youngstown St.,Youngstown St.,2022,192,6,backtest,1998-07-28,24.0,23.7,41.19,24.3,43.1,,,,25.0,27.7,93.4,,,,,,,,,,,,,,,,,,,,,,,,,,,,,,,,,,,,,,,,,,,,,,,,,,,,35.7,3.57,3.57,3.57,0.0,0.0,0.0,0.0,25.0,,,,,3.0
Grant Calcaterra,TE,SMU,SMU,2022,198,6,backtest,1998-12-04,23.0,18.2,38.8,21.5,39.0,,,,27.7,21.8,81.5,,,76.0,241.0,,,,29.33,4.62,,,,20.0,,,,,,,,,465.0,38.0,,12.24,,,,12.7,,,,468.0,,,,,,,,,,,,,62.4,65.2,,1.38,1.38,,59.8,4.6,4.6,4.6,0.0,0.0,0.0,0.0,28.0,,,,,3.0
Connor Heyward,TE,Michigan St.,Michigan St.,2022,208,6,backtest,1999-01-22,23.0,13.2,35.95,18.2,34.8,,,,25.0,19.3,72.7,,,71.0,233.0,,,,32.49,4.72,,32.5,,,,,,,,,,,,,,,,,,,,,,,,,,,,,,,,,,,60.9,69.7,,1.26,1.26,,39.7,4.48,4.48,4.48,0.0,0.0,0.0,0.0,35.0,,,,,3.0
John FitzPatrick,TE,Georgia,Georgia,2022,213,6,backtest,2000-03-09,22.0,7.7,31.85,16.6,26.0,,,,18.8,2.1,72.7,,,,,,,,,,,,,,,,,,,,,,83.0,6.0,,13.83,,,,3.8,,,,407.0,,,,,,,,,,,,,68.7,48.0,,0.59,0.59,,25.2,2.52,2.52,,0.0,0.0,,0.0,12.0,,,,,3.0
Ko Kieft,TE,Minnesota,Minnesota,2022,218,6,backtest,1998-01-20,24.0,2.8,28.4,15.1,18.8,,,,19.8,6.1,36.4,,,,,,,,,,,,,,,,,,,,,,101.0,7.0,,14.43,,,,4.8,,,,256.0,,,,,,,,,,,,,92.0,61.2,,1.28,1.28,,21.0,2.62,2.62,2.62,0.0,0.0,0.0,0.0,11.0,,,,,3.0
Nick Muse,TE,South Carolina,South Carolina,2022,227,7,backtest,1998-11-25,23.0,21.2,40.06,12.6,50.5,,,,64.0,12.3,87.8,,,,,,,,,,,,,,,,,,,,,,222.0,20.0,,11.1,,,,22.9,21.0,,,360.0,,,,,,,,,,,,,63.3,56.7,,0.83,0.83,,3.2,0.0,,,0.0,0.0,,0.0,1.0,,,,,3.0
Dalton Kincaid,TE,Utah,Utah,2023,25,1,backtest,1999-10-18,23.0,90.4,73.79,93.8,57.4,,,,50.3,47.3,83.2,,,76.0,246.0,,,,29.94,,,,,,,,,,,,,,890.0,70.0,,12.71,,,,25.5,22.0,,,446.0,,,,,,,,,,,,,90.2,91.8,,2.41,2.41,,150.3,10.51,10.51,10.51,0.0,0.0,1.0,1.0,41.0,,,,,2.0
Sam LaPorta,TE,Iowa,Iowa,2023,34,2,backtest,2001-01-12,22.0,92.9,77.2,92.3,71.4,,,,83.6,46.7,90.3,,,75.0,245.0,,,,30.62,,,35.0,123.0,,6.91,4.25,,6.0,,,,,656.0,58.0,,11.31,,,,32.2,20.0,,,349.0,,,,,,,,,,,,,80.1,85.3,,2.16,2.16,,239.3,14.08,14.08,14.08,1.0,1.0,3.0,3.0,42.0,,,,,2.0
Michael Mayer,TE,Notre Dame,Notre Dame,2023,35,2,backtest,2001-07-06,22.0,94.1,77.49,91.3,72.7,,,,82.5,60.4,76.6,,,77.0,249.0,,,,29.52,,,32.5,118.0,,,,,,,,,,809.0,67.0,,12.07,,,,30.0,20.0,,,338.0,,,,,,,,,,,,,92.5,91.6,,2.44,2.44,,73.8,6.15,6.15,6.15,0.0,0.0,0.0,0.0,35.0,,,,,2.0
Luke Musgrave,TE,Oregon St.,Oregon St.,2023,42,2,backtest,2000-09-02,23.0,94.7,78.16,89.8,78.3,,,,84.9,58.8,97.8,,,78.0,253.0,,,,29.23,,,36.0,125.0,,,,,,,,,,,,,,,,,74.9,20.0,,,,,,,,,,,,,,,,72.5,79.2,,3.38,3.38,,75.2,6.84,6.84,6.84,0.0,0.0,0.0,0.0,31.0,,,,,2.0
Luke Schoonmaker,TE,Michigan,Michigan,2023,58,2,backtest,1998-09-28,24.0,75.1,61.31,81.2,44.3,,,,28.6,23.9,98.6,,,77.0,251.0,,,,29.76,,,33.5,127.0,,,4.27,,,,,,,418.0,35.0,,11.94,,,,13.6,,,,370.0,,,,,,,,,,,,,72.7,78.7,,2.15,2.15,,57.1,5.71,5.71,5.71,0.0,0.0,0.0,0.0,35.0,,,,,2.0
Brenton Strange,TE,Penn St.,Penn St.,2023,61,2,backtest,2000-12-27,22.0,86.1,70.81,80.6,69.5,,,,99.9,24.8,90.9,,,76.0,253.0,,,,30.79,,,36.0,124.0,23.0,7.25,4.46,,,,,,,,,,,,,,85.8,19.0,,,,,,,,,,,,,,,,70.0,73.2,,1.45,1.45,,118.0,9.83,9.83,9.83,0.0,0.0,0.0,0.0,31.0,,,,,2.0
Tucker Kraft,TE,South Dakota St.,South Dakota St.,2023,78,3,backtest,2000-11-03,22.0,81.8,64.82,77.0,62.1,,,,79.3,21.8,96.7,,,,,,,,,,,,,,,,,,,,,,348.0,27.0,,12.89,,,,23.7,20.0,,,369.0,,,,,,,,,,,,,,,,,,,163.3,14.65,14.65,14.65,1.0,1.0,1.0,1.0,35.0,,,,,2.0
Darnell Washington,TE,Georgia,Georgia,2023,93,3,backtest,2001-08-17,22.0,61.6,54.36,70.2,42.1,,,,25.2,21.2,98.8,,,79.0,264.0,,,,29.74,,,31.0,122.0,21.0,,4.08,,,,,,,454.0,28.0,,16.21,,,,10.2,,,,492.0,,,,,,,,,,,,,85.7,78.3,,1.77,1.77,,73.4,5.65,5.65,5.65,0.0,0.0,0.0,0.0,34.0,,,,,2.0
Cameron Latu,TE,Alabama,Alabama,2023,101,3,backtest,2000-02-24,23.0,50.0,49.05,64.7,32.0,,,,25.3,18.5,62.2,,,76.0,242.0,,,,29.45,,,,,,,,,,,,,,377.0,30.0,,12.57,,,,10.3,,,,438.0,,,,,,,,,,,,,58.0,60.6,,1.03,1.03,,0.0,0.0,,,0.0,0.0,,,0.0,,,,,2.0
Josh Whyle,TE,Cincinnati,Cincinnati,2023,147,5,backtest,1999-09-08,23.0,39.0,45.58,41.7,39.8,,,,29.8,16.5,89.8,,,79.0,248.0,,,,27.94,,,33.5,115.0,,,,,,,,,,326.0,32.0,,10.19,,,,14.8,,,,417.0,,,,,,,,,,,,,69.9,68.5,,1.11,1.11,,60.8,4.34,4.34,4.34,0.0,0.0,0.0,0.0,28.0,,,,,2.0
Will Mallory,TE,Miami (FL),Miami (FL),2023,162,5,backtest,1999-06-22,24.0,40.8,46.0,36.2,45.8,,,,33.7,28.0,90.5,,,77.0,239.0,,,,28.34,,,36.5,121.0,20.0,,,,,,,,,538.0,42.0,,12.81,,,,18.7,,,,413.0,,,,,,,,,,,,,60.7,78.0,,1.68,1.68,,38.7,3.52,3.52,3.52,0.0,0.0,0.0,0.0,19.0,,,,,2.0
Payne Durham,TE,Purdue,Purdue,2023,171,5,backtest,2000-06-15,23.0,23.0,40.7,31.9,35.4,,,,29.5,21.1,65.8,,,78.0,253.0,,,,29.23,,,34.5,117.0,,,,,4.0,,,,,560.0,56.0,,10.0,,,,14.5,,,,581.0,,,,,,,,,,,,,67.6,70.3,,1.23,1.23,,34.5,1.8,,,0.0,0.0,,0.0,15.0,,,,,2.0
Davis Allen,TE,Clemson,Clemson,2023,175,5,backtest,2001-02-03,22.0,28.6,42.11,28.9,40.2,,,,28.6,21.3,85.8,,,78.0,245.0,,,,28.31,,,38.5,125.0,,,,,,,,,,443.0,39.0,,11.36,,,,13.6,,,,478.0,,,,,,,,,,,,,72.0,71.1,,1.58,1.58,,62.8,4.19,4.19,4.19,0.0,0.0,0.0,0.0,25.0,,,,,2.0
Zack Kuntz,TE,Old Dominion,Old Dominion,2023,220,7,backtest,1999-06-09,24.0,18.8,38.87,13.9,45.6,,,,49.9,5.0,100.0,,,,,,,,,,,,,,,,,,,,,,144.0,12.0,,12.0,,,,24.8,22.0,,,417.0,,,,,,,,,,,,,69.5,67.3,,1.26,1.26,,0.0,0.0,,,0.0,0.0,,,0.0,,,,,2.0
Brayden Willis,TE,Oklahoma,Oklahoma,2023,247,7,backtest,1999-11-11,23.0,7.1,31.19,7.1,34.0,,,,30.5,28.7,47.1,,,76.0,241.0,,,,29.33,,,32.0,117.0,20.0,7.3,4.36,,26.0,,,,,514.0,39.0,,13.18,,,,15.5,,,,407.0,,,,,,,,,,,,,71.7,63.7,,1.37,1.37,,0.0,0.0,,,0.0,0.0,,0.0,2.0,,,,,2.0
Brock Bowers,TE,Georgia,Georgia,2024,13,1,backtest,2002-12-13,21.0,98.4,83.73,97.2,73.4,,,,99.9,40.3,83.2,,,75.0,243.0,,,,30.37,,,,,,,,,28.0,,,,,714.0,56.0,,12.75,,,,23.3,18.0,,,456.0,,,,,,,,,,,,,84.4,87.1,,2.65,2.65,,262.7,15.45,15.45,15.45,1.0,1.0,2.0,2.0,29.0,,,,,1.0
Ben Sinnott,TE,Kansas St.,Kansas St.,2024,53,2,backtest,2002-06-14,22.0,89.2,72.67,83.7,70.3,,,,84.9,37.6,97.3,,,76.0,250.0,,,,30.43,4.68,,40.0,126.0,,6.82,4.23,,,,,,,,,,,,,,100.0,20.0,,,,,,,,,,,,,,,,82.0,81.0,,2.02,2.02,,28.4,3.55,3.55,3.55,0.0,0.0,0.0,0.0,12.0,,,,,1.0
Tip Reiman,TE,Illinois,Illinois,2024,82,3,backtest,2001-09-17,22.0,59.8,53.89,74.5,36.4,,,,21.4,9.7,99.2,,,77.0,271.0,,,,32.13,4.64,,33.5,121.0,28.0,7.02,4.26,,,,,,,203.0,19.0,,10.68,,,,6.4,,,,414.0,,,,,,,,,,,,,60.1,61.3,,0.84,0.84,,9.7,0.0,,,0.0,0.0,,0.0,8.0,,,,,1.0
Ja'Tavion Sanders,TE,Texas,Texas,2024,101,4,backtest,2003-03-27,21.0,57.4,52.7,64.7,41.1,,,,34.5,36.7,57.5,,,76.0,245.0,,,,29.82,4.69,,,,,,4.32,,12.0,,,,,682.0,45.0,,15.16,,,,19.5,,,,475.0,,,,,,,,,,,,,75.6,79.0,,1.86,1.86,,73.2,4.91,4.91,4.91,0.0,0.0,0.0,0.0,26.0,,,,,1.0
Theo Johnson,TE,Penn St.,Penn St.,2024,107,4,backtest,2001-02-26,23.0,78.2,63.3,61.3,69.9,,,,99.9,20.3,99.3,,,,,,,,,,,,,,,,,,,,,,,,,,,,,78.9,19.0,,,,,,,,,,,,,,,,62.5,67.2,,1.26,1.26,,127.8,8.52,8.52,8.52,0.0,0.0,0.0,0.0,25.0,,,,,1.0
Erick All,TE,Iowa,Iowa,2024,115,4,backtest,2000-09-13,23.0,50.6,49.13,58.9,37.5,,,,33.0,18.4,72.7,,,76.0,252.0,,,,30.67,,,,,,,,,,,,,,299.0,21.0,,14.24,,,,18.0,,,,348.0,,,,,,,,,,,,,72.4,76.1,,2.62,2.62,,35.800000000000004,4.48,4.48,4.48,0.0,0.0,0.0,0.0,8.0,,,,,1.0
AJ Barner,TE,Michigan,Michigan,2024,121,4,backtest,2002-05-03,22.0,45.7,47.64,55.2,35.9,,,,22.8,15.0,87.0,,,78.0,251.0,,,,29.0,,,,,,,,,,,,,,249.0,22.0,,11.32,,,,7.8,,,,361.0,,,,,,,,,,,,,82.3,69.4,,1.2,1.2,,147.3,8.66,8.66,8.66,0.0,0.0,0.0,0.0,31.0,,,,,1.0
Cade Stover,TE,Ohio St.,Ohio St.,2024,123,4,backtest,2000-06-12,24.0,65.3,56.63,54.0,59.1,,,,69.9,32.9,82.2,,,76.0,247.0,,,,30.06,4.65,,34.5,117.0,,,4.45,,,,,,,,,,,,,,100.0,21.0,,,,,,,,,,,,,,,,75.6,79.4,,2.04,2.04,,34.3,3.32,2.64,2.64,0.0,0.0,0.0,0.0,19.0,,,,,1.0
Jared Wiley,TE,TCU,TCU,2024,131,4,backtest,2000-11-02,23.0,49.4,48.92,50.0,42.7,,,,28.9,22.9,93.0,,,78.0,249.0,,,,28.77,4.62,,37.0,118.0,,7.19,,,,,,,,520.0,47.0,,11.06,,,,13.9,,,,503.0,,,,,,,,,,,,,68.0,74.8,,1.61,1.61,,1.7000000000000002,0.0,,,0.0,0.0,,0.0,2.0,,,,,1.0
Tanner McLachlan,TE,Arizona,Arizona,2024,194,6,backtest,1999-03-15,25.0,19.4,38.98,23.4,38.2,,,,28.2,22.6,76.6,,,77.0,244.0,,,,28.93,4.61,,35.0,117.0,,,,,,,,,,528.0,45.0,,11.73,,,,13.2,,,,464.0,,,,,,,,,,,,,69.7,73.7,,1.36,1.36,,0.0,0.0,,,0.0,0.0,,,0.0,,,,,1.0
Jaheim Bell,TE,Florida St.,Florida St.,2024,231,7,backtest,2001-06-14,23.0,39.6,45.65,10.2,65.7,,,,84.9,33.9,84.5,,,74.0,241.0,,,,30.94,4.61,,35.0,124.0,,,,,,,,,,,,,,,,,100.0,20.0,,,,,,,,,,,,,,,,73.4,75.3,,1.97,1.97,,4.0,0.0,,,0.0,0.0,,0.0,3.0,,,,,1.0
Devin Culp,TE,Washington,Washington,2024,246,7,backtest,2000-02-02,24.0,5.3,30.14,8.0,31.1,,,,23.2,5.3,81.4,,,75.0,231.0,,,,28.87,4.47,,,,,,,,,,,,,208.0,16.0,,13.0,,,,8.2,,,,575.0,,,,,,,,,,,,,68.8,64.1,,1.64,1.64,,13.8,0.0,,,0.0,0.0,,0.0,3.0,,,,,1.0
Colston Loveland,TE,Michigan,Michigan,2025,10,1,backtest,2004-04-09,21.0,99.0,86.14,97.8,76.8,,,,99.8,49.4,83.2,,,,,,,,,,,,,,,,,-2.0,,,,,582.0,56.0,,10.39,,,,34.7,19.0,,,308.0,,,,,,,,,,,,,85.9,90.6,,2.67,2.67,,165.1,10.32,10.32,10.32,0.0,0.0,1.0,1.0,16.0,,,,,0.0
Tyler Warren,TE,Penn St.,Penn St.,2025,14,1,backtest,2002-05-24,23.0,97.8,82.97,96.6,72.3,,,,84.9,52.5,83.2,,,,,,,,,,,,,,,,,,,,,,,,,,,,,71.6,20.0,,,,,,,,,,,,,,,,91.3,93.4,,2.78,2.78,,188.5,11.09,11.09,11.09,1.0,0.0,1.0,1.0,17.0,,,,,0.0
Mason Taylor,TE,LSU,LSU,2025,42,2,backtest,2004-05-08,21.0,78.8,63.75,89.8,42.3,,,,28.4,25.2,88.9,,,,,,,,,,,,,,,,,,,,,,546.0,55.0,,9.93,,,,13.4,,,,533.0,,,,,,,,,,,,,67.8,69.5,,1.23,1.23,,86.9,6.68,6.68,6.68,0.0,0.0,0.0,0.0,13.0,,,,,0.0
Terrance Ferguson,TE,Oregon,Oregon,2025,46,2,backtest,2003-03-07,22.0,80.6,64.44,86.8,46.2,,,,30.1,30.9,93.2,,,,,,,,,,,,,,,,,,,,,,591.0,43.0,,13.74,,,,15.1,,,,460.0,,,,,,,,,,,,,73.9,77.0,,2.02,2.02,,52.1,4.74,4.74,4.74,0.0,0.0,0.0,0.0,11.0,,,,,0.0
Elijah Arroyo,TE,Miami (FL),Miami (FL),2025,50,2,backtest,2003-04-05,22.0,76.3,62.0,85.2,42.1,,,,28.0,28.8,83.2,,,,,,,,,,,,,,,,,,,,,,590.0,35.0,,16.86,,,,13.0,,,,489.0,,,,,,,,,,,,,71.6,73.6,,1.69,1.69,,38.9,2.99,2.99,2.99,0.0,0.0,0.0,0.0,13.0,,,,,0.0
Harold Fannin,TE,Bowling Green,Bowling Green,2025,67,3,backtest,2004-07-20,21.0,95.9,79.66,80.0,94.3,,,,99.9,99.9,77.7,,,,,,,,,,,,,,,,,65.0,,,,,1550.0,117.0,,13.25,,,,49.6,19.0,,,419.0,,,,,,,,,,,,,95.9,96.4,,3.77,3.77,,188.4,11.78,11.78,11.78,1.0,0.0,1.0,1.0,16.0,,,,,0.0
Gunnar Helm,TE,Texas,Texas,2025,120,4,backtest,2002-09-06,23.0,46.3,47.7,56.4,35.7,,,,32.8,33.5,43.3,,,,,,,,,,,,,,,,,,,,,,786.0,60.0,,13.1,,,,17.8,,,,541.0,,,,,,,,,,,,,62.3,72.4,,1.61,1.61,,91.7,5.73,5.73,5.73,0.0,0.0,0.0,0.0,16.0,,,,,0.0
Mitchell Evans,TE,Notre Dame,Notre Dame,2025,163,5,backtest,2003-03-18,22.0,29.8,42.33,35.3,36.9,,,,28.3,21.8,72.5,,,,,,,,,,,,,,,,,,,,,,421.0,43.0,,9.79,,,,13.3,,,,445.0,,,,,,,,,,,,,65.3,65.9,,1.39,1.39,,48.2,3.71,3.71,3.71,0.0,0.0,0.0,0.0,13.0,,,,,0.0
Oronde Gadsden II,TE,Syracuse,Syracuse,2025,165,5,backtest,2003-06-25,22.0,64.1,55.7,34.4,71.0,,,,98.6,37.7,79.5,,,,,,,,,,,,,,,,,12.0,,,,,922.0,72.0,,12.81,,,,32.2,19.0,,,598.0,,,,,,,,,,,,,82.6,82.6,,1.89,1.89,,133.4,8.89,8.89,8.89,0.0,0.0,0.0,0.0,15.0,,,,,0.0
Jackson Hawes,TE,Georgia Tech,Georgia Tech,2025,173,5,backtest,2000-12-06,24.0,16.3,37.93,30.7,29.1,,,,21.3,8.1,72.3,,,,,,,,,,,,,,,,,,,,,,195.0,16.0,,12.19,,,,6.3,,,,410.0,,,,,,,,,,,,,67.8,59.4,,1.01,1.01,,52.7,4.05,4.05,4.05,0.0,0.0,0.0,0.0,13.0,,,,,0.0
Robbie Ouzts,TE,Alabama,Alabama,2025,175,5,backtest,2002-09-06,23.0,11.4,34.8,28.9,21.9,,,,18.5,4.4,53.3,,,,,,,,,,,,,,,,,,,,,,108.0,8.0,,13.5,,,,3.5,,,,354.0,,,,,,,,,,,,,60.4,62.3,,1.46,1.46,,0.0,0.0,,,0.0,0.0,,,0.0,,,,,0.0
Gavin Bartholomew,TE,Pittsburgh,Pittsburgh,2025,202,6,backtest,2003-04-30,22.0,15.7,37.88,19.7,37.8,,,,27.6,14.2,88.7,,,,,,,,,,,,,,,,,2.0,,,,,329.0,38.0,,8.66,,,,12.6,,,,499.0,,,,,,,,,,,,,57.2,62.1,,0.8,0.8,,0.0,0.0,,,0.0,0.0,,,0.0,,,,,0.0
Thomas Fidone,TE,Nebraska,Nebraska,2025,219,7,backtest,2002-09-20,22.0,15.1,37.82,14.5,42.7,,,,30.9,19.5,94.9,,,,,,,,,,,,,,,,,,,,,,373.0,36.0,,10.36,,,,15.9,,,,434.0,,,,,,,,,,,,,62.6,65.4,,1.41,1.41,,0.0,0.0,,,0.0,0.0,,,0.0,,,,,0.0
Caleb Lohner,TE,Utah,Utah,2025,241,7,backtest,2001-10-01,24.0,4.7,29.72,9.0,28.6,,,,17.3,0.3,88.3,,,,,,,,,,,,,,,,,,,,,,54.0,4.0,,13.5,,,,2.3,,,,358.0,,,,,,,,,,,,,72.3,70.5,,1.35,1.35,,0.0,0.0,,,0.0,0.0,,,0.0,,,,,0.0
Moliki Matavao,TE,UCLA,UCLA,2025,248,7,backtest,2003-03-17,22.0,9.0,33.52,6.5,40.1,,,,32.4,30.5,65.9,,,,,,,,,,,,,,,,,,,,,,506.0,41.0,,12.34,,,,17.4,,,,398.0,,,,,,,,,,,,,65.3,66.4,,1.65,1.65,,3.0,0.0,,,0.0,0.0,,0.0,1.0,,,,,0.0
Luke Lachey,TE,Iowa,Iowa,2025,255,7,backtest,2001-06-29,24.0,8.4,32.04,2.2,38.3,,,,34.5,18.0,74.2,,,,,,,,,,,,,,,,,,,,,,231.0,28.0,,8.25,,,,19.5,,,,260.0,,,,,,,,,,,,,58.8,65.7,,1.12,1.12,,0.0,0.0,,,0.0,0.0,,,0.0,,,,,0.0
Amari Cooper,WR,Alabama,Alabama,2015,4,1,backtest,1994-06-17,20.0,97.8,92.69,98.6,83.3,99.9,,,,,8.57,0.0,100.0,73.0,211.0,,,,27.84,4.42,,33.0,120.0,,6.71,3.98,,23.0,5.0,,,,1727.0,124.0,16.0,13.93,,,,47.2,19.0,,,451.0,,33.0,3.83,12.5,1.0,15.2,18.2,,,,,,,,,,,,246.5,,15.41,14.52,1.0,1.0,3.0,9.0,153.0,1.0,55.0,"Kevin Norwood (Rd4 #123, 2014)",,9.0
Kevin White,WR,West Virginia,West Virginia,2015,7,1,backtest,1992-10-21,22.0,93.5,85.74,96.8,65.6,98.4,,,,,9.72,0.0,0.0,75.0,215.0,,,,26.87,4.35,,36.5,123.0,23.0,6.92,4.14,,0.0,0.0,,,,1447.0,109.0,10.0,13.28,,,,36.8,19.0,,,534.0,,27.0,2.71,10.6,4.0,13.6,21.2,,,,,,,,,,,,38.6,,,,0.0,0.0,,0.0,15.0,1.0,31.0,"Mario Alford (Rd7 #238, 2015)",,9.0
DeVante Parker,WR,Louisville,Louisville,2015,14,1,backtest,1993-01-20,22.0,89.5,81.53,93.8,61.6,92.4,,,,,9.75,0.0,0.0,75.0,209.0,,,,26.12,4.45,,36.5,125.0,17.0,,,,0.0,0.0,,,,855.0,43.0,5.0,19.88,,,,24.8,19.0,,,428.0,,22.0,2.02,39.9,2.0,17.8,19.6,,,,,,,,,,,,246.2,,15.39,11.68,1.0,1.0,3.0,6.0,111.0,1.0,27.7,"Gerald Christian (Rd7 #256, 2015)",,9.0
Nelson Agholor,WR,USC,USC,2015,20,1,backtest,1993-05-24,21.0,90.0,82.16,91.5,70.8,81.2,,,,,7.38,0.0,100.0,72.0,198.0,,,,26.85,4.42,,,,12.0,,,,3.0,4.0,,,,1313.0,104.0,12.0,12.62,,,,32.4,20.0,,,460.0,,24.0,2.85,14.7,2.0,14.4,20.3,,,,,,,,,,,,187.5,,11.72,11.72,1.0,0.0,1.0,3.0,144.0,2.0,117.8,"Marqise Lee (Rd2 #39, 2014); Randall Telfer (Rd6 #198, 2015)",,9.0
Breshad Perriman,WR,Central Florida,Central Florida,2015,26,1,backtest,1993-09-10,21.0,88.0,80.68,87.0,72.2,83.3,,,,,9.95,0.0,100.0,74.0,212.0,,,,27.22,,,,,,,,,0.0,1.0,,,,1044.0,50.0,9.0,20.88,,,,36.6,20.0,,,416.0,,23.0,2.51,49.7,3.0,19.5,20.0,,,,,,,,,,,,138.1,,9.86,6.74,0.0,0.0,0.0,0.0,75.0,0.0,0.0,,,9.0
Phillip Dorsett,WR,Miami (FL),Miami (FL),2015,29,1,backtest,1993-01-05,22.0,83.7,77.84,86.0,65.7,98.6,,,,,8.47,0.0,0.0,70.0,185.0,,,,26.54,4.33,,37.0,122.0,13.0,6.7,4.11,,-6.0,2.0,,,,871.0,36.0,10.0,24.19,,,,37.1,19.0,,,391.0,,16.0,2.23,27.5,2.0,17.6,19.7,,,,,,,,,,,,100.8,,9.16,6.59,0.0,0.0,0.0,0.0,78.0,1.0,69.6,"Clive Walford (Rd3 #68, 2015)",,9.0
Devin Smith,WR,Ohio St.,Ohio St.,2015,37,2,backtest,1992-03-03,23.0,84.8,78.6,82.2,75.6,93.4,,,,,8.61,80.0,0.0,72.0,196.0,,,,26.58,4.42,,39.0,122.0,10.0,,4.15,,3.0,24.0,,,,931.0,33.0,12.0,28.21,,,,26.8,19.0,,,409.0,,24.0,2.28,56.3,2.0,20.7,20.5,,,,,,,,,,,,26.5,,,,0.0,0.0,,0.0,12.0,5.0,306.9,"Jeff Heuerman (Rd3 #92, 2015); Evan Spencer (Rd6 #187, 2015); Michael Thomas (Rd2 #47, 2016); Braxton Miller (Rd3 #85, 2016); Nick Vannett (Rd3 #94, 2016)",,9.0
Dorial Green-Beckham,WR,Oklahoma,Oklahoma,2015,40,2,backtest,1993-04-12,22.0,80.5,75.32,80.6,67.3,80.9,,,,,6.3,80.0,0.0,77.0,237.0,,,,28.1,4.49,,33.5,119.0,13.0,6.89,4.45,,0.0,0.0,,,,,,,,,,,31.8,20.0,,,,,23.0,1.94,19.0,2.0,14.7,20.4,,,,,,,,,,,,112.9,,8.06,8.06,0.0,0.0,0.0,0.0,28.0,3.0,194.9,"Jalen Saunders (Rd4 #104, 2014); Blake Bell (Rd4 #117, 2015); Sterling Shepard (Rd2 #40, 2016)",,9.0
Devin Funchess,WR,Michigan,Michigan,2015,41,2,backtest,1994-05-21,20.0,82.2,76.68,79.9,72.6,84.0,,,,,5.26,0.0,100.0,76.0,232.0,,,,28.24,4.7,,38.5,122.0,17.0,,,,-11.0,2.0,,,,733.0,62.0,4.0,11.82,,,,37.9,20.0,,,326.0,,,,,,,,,,,,,,,,,,,0.0,,12.19,12.19,0.0,0.0,1.0,1.0,61.0,1.0,29.9,"Jeremy Gallon (Rd7 #244, 2014)",,9.0
Tyler Lockett,WR,Kansas St.,Kansas St.,2015,69,3,backtest,1992-09-28,22.0,71.7,68.46,68.5,66.6,99.9,,,,,7.71,0.0,0.0,70.0,182.0,,,,26.11,4.4,,35.5,121.0,,6.89,4.07,,17.0,3.0,,,,1515.0,106.0,11.0,14.29,,,,44.2,19.0,,,415.0,,31.0,4.02,6.9,2.0,14.9,19.9,,,,,,,,,,,,265.4,,16.59,10.46,1.0,1.0,1.0,7.0,177.0,0.0,0.0,,,9.0
Jaelen Strong,WR,Arizona St.,Arizona St.,2015,70,3,backtest,1994-01-25,21.0,73.8,69.39,67.6,70.4,80.5,,,,,9.14,0.0,100.0,74.0,217.0,,,,27.86,4.44,,42.0,123.0,,,,,0.0,0.0,,,,1165.0,82.0,10.0,14.21,,,,31.1,20.0,,,467.0,,31.0,2.49,18.3,3.0,14.6,19.6,,,,,,,,,,,,48.1,,4.81,4.81,0.0,0.0,0.0,0.0,17.0,1.0,33.4,"Devin Lucien (Rd7 #225, 2016)",,9.0
Chris Conley,WR,Georgia,Georgia,2015,76,3,backtest,1992-10-25,22.0,68.4,66.01,65.6,63.2,94.8,,,,,9.68,0.0,0.0,74.0,213.0,,,,27.34,4.35,,45.0,139.0,18.0,7.06,4.3,,0.0,0.0,,,,657.0,36.0,8.0,18.25,,,,29.6,19.0,,,322.0,,15.0,2.04,20.7,4.0,16.6,21.9,,,,,,,,,,,,156.5,,9.78,6.06,0.0,0.0,0.0,0.0,101.0,2.0,105.3,"Arthur Lynch (Rd5 #155, 2014); Malcolm Mitchell (Rd4 #112, 2016)",,9.0
Sammie Coates,WR,Auburn,Auburn,2015,87,3,backtest,1993-03-31,22.0,59.7,60.65,61.1,52.5,78.8,,,,,9.86,0.0,0.0,73.0,212.0,,,,27.97,4.43,,41.0,131.0,23.0,6.98,4.06,,0.0,0.0,,,,741.0,34.0,4.0,21.79,,,,27.5,20.0,,,332.0,,23.0,3.16,51.0,3.0,21.4,20.4,,,,,,,,,,,,77.9,,7.08,7.08,0.0,0.0,0.0,0.0,19.0,2.0,104.4,"C.J. Uzomah (Rd5 #157, 2015); Ricardo Louis (Rd4 #114, 2016)",,9.0
Ty Montgomery,WR,Stanford,Stanford,2015,94,3,backtest,1993-01-22,22.0,63.2,62.58,58.7,63.3,95.0,,,,,7.75,0.0,0.0,72.0,221.0,,,,29.97,4.55,,40.5,121.0,,6.97,4.21,,144.0,23.0,,,,604.0,61.0,3.0,9.9,,,,17.6,19.0,,,381.0,,18.0,3.08,-0.7,3.0,12.4,20.6,,,,,,,,,,,,140.5,,11.45,11.45,0.0,0.0,2.0,2.0,73.0,1.0,65.8,"Austin Hooper (Rd3 #81, 2016)",,9.0
Jamison Crowder,WR,Duke,Duke,2015,105,4,backtest,1993-06-17,21.0,60.3,60.75,55.3,63.9,95.8,,,,,1.31,0.0,0.0,68.0,185.0,,,,28.13,4.56,,37.0,115.0,10.0,7.17,4.32,,9.0,2.0,,,,1044.0,85.0,6.0,12.28,,,,31.6,19.0,,,471.0,,27.0,2.88,18.9,2.0,12.9,19.2,,,,,,,,,,,,197.7,,14.34,12.34,0.0,0.0,2.0,4.0,111.0,0.0,0.0,,,9.0
Justin Hardy,WR,East Carolina,East Carolina,2015,107,4,backtest,1991-12-18,23.0,59.1,60.39,54.3,63.9,95.8,,,,,4.87,0.0,0.0,70.0,192.0,,,,27.55,4.56,,36.5,114.0,11.0,6.63,4.21,,7.0,1.0,,,,1494.0,121.0,10.0,12.35,,,,31.6,19.0,,,637.0,,28.0,2.35,7.3,3.0,11.7,20.7,,,,,,,,,,,,65.3,,6.01,6.01,0.0,0.0,0.0,0.0,49.0,0.0,0.0,,,9.0
Vince Mayle,WR,Washington St.,Washington St.,2015,123,4,backtest,1991-11-16,23.0,43.5,50.78,50.4,41.0,61.5,,,,,4.63,0.0,0.0,74.0,224.0,,,,28.76,4.67,,35.5,117.0,,6.93,4.13,,0.0,0.0,,,,1483.0,106.0,9.0,13.99,,,,22.9,21.0,,,771.0,,19.0,1.92,27.5,4.0,13.7,23.2,,,,,,,,,,,,6.2,,,,0.0,0.0,,0.0,4.0,0.0,0.0,,,9.0
DeAndre Smelter,WR,Georgia Tech,Georgia Tech,2015,132,4,backtest,1991-12-03,23.0,45.5,51.79,47.3,49.3,73.9,,,,,,0.0,0.0,74.0,226.0,,,,29.01,4.52,,,,,,,,103.0,3.0,,,,715.0,35.0,7.0,20.43,,,,37.9,21.0,,,203.0,,30.0,3.52,4.9,4.0,18.9,22.8,,,,,,,,,,,,3.3,,,,0.0,0.0,,0.0,1.0,1.0,37.5,"Darren Waller (Rd6 #204, 2015)",,9.0
Rashad Greene,WR,Florida St.,Florida St.,2015,139,5,backtest,1992-09-23,22.0,48.7,53.87,44.8,60.0,90.0,,,,,5.37,0.0,0.0,71.0,182.0,,,,25.38,4.53,,36.5,122.0,,6.88,4.12,,0.0,0.0,,,,,,,,,,,17.6,19.0,,,,,24.0,2.65,4.2,2.0,14.2,20.0,,,,,,,,,,,,46.3,,5.14,5.14,0.0,0.0,0.0,0.0,18.0,2.0,123.0,"Kelvin Benjamin (Rd1 #28, 2014); Nick O'Leary (Rd6 #194, 2015)",,9.0
Stefon Diggs,WR,Maryland,Maryland,2015,146,5,backtest,1993-11-29,21.0,53.0,56.46,42.6,72.3,83.5,,,,,5.66,0.0,100.0,72.0,195.0,,,,26.44,4.46,,35.0,115.0,,7.03,4.32,,28.0,5.0,,,,792.0,62.0,5.0,12.77,,,,27.0,20.0,,,418.0,,28.0,2.79,13.3,1.0,14.8,18.6,,,,,,,,,,,,328.6,,20.54,14.87,1.0,1.0,3.0,11.0,161.0,0.0,0.0,,,9.0
Tony Lippett,WR,Michigan St.,Michigan St.,2015,156,5,backtest,1992-08-12,22.0,44.7,51.08,40.5,59.5,89.3,,,,,3.99,0.0,0.0,74.0,192.0,,,,24.65,4.61,,36.0,114.0,10.0,6.92,4.13,,51.0,2.0,,,,1198.0,65.0,11.0,18.43,,,,38.6,20.0,,,400.0,,17.0,3.0,20.2,5.0,15.1,21.1,,,,,,,,,,,,0.0,,,,0.0,0.0,,,0.0,2.0,79.1,"Keith Mumphery (Rd5 #175, 2015); Aaron Burbridge (Rd6 #213, 2016)",,9.0
JJ Nelson,WR,Ala-Birmingham,Ala-Birmingham,2015,159,5,backtest,1992-04-24,23.0,45.8,52.18,39.4,64.7,97.1,,,,,,0.0,0.0,70.0,156.0,,,,22.38,4.28,,36.0,127.0,,7.02,4.15,,45.0,5.0,,,,655.0,35.0,4.0,18.71,,,,24.2,19.0,,,328.0,,22.0,2.4,52.4,4.0,19.6,21.4,,,,,,,,,,,,139.1,,9.94,9.94,0.0,0.0,0.0,0.0,49.0,1.0,35.7,"Kennard Backman (Rd6 #213, 2015)",,9.0
Kenny Bell,WR,Nebraska,Nebraska,2015,162,5,backtest,1992-02-25,23.0,44.4,50.99,38.3,62.3,93.4,,,,,9.2,0.0,0.0,73.0,197.0,,,,25.99,4.42,,41.5,129.0,7.0,6.66,4.15,,0.0,0.0,,,,788.0,47.0,6.0,16.77,,,,26.8,19.0,,,359.0,,25.0,2.28,15.9,2.0,14.9,19.5,,,,,,,,,,,,0.0,,,,0.0,0.0,,,0.0,1.0,36.5,"Quincy Enunwa (Rd6 #209, 2014)",,9.0
Keith Mumphery,WR,Michigan St.,Michigan St.,2015,175,5,backtest,1992-06-05,22.0,35.7,46.38,32.8,53.3,80.0,,,,,4.36,0.0,0.0,72.0,215.0,,,,29.16,4.54,,32.5,121.0,,7.07,4.25,,85.0,6.0,,,,495.0,26.0,3.0,19.04,,,,13.0,20.0,,,400.0,,10.0,1.15,21.8,,15.3,,,,,,,,,,,,,26.9,,3.36,3.36,0.0,0.0,0.0,0.0,13.0,2.0,83.2,"Tony Lippett (Rd5 #156, 2015); Aaron Burbridge (Rd6 #213, 2016)",,9.0
Kaelin Clay,WR,Utah,Utah,2015,184,6,backtest,1992-01-02,23.0,36.8,47.09,29.9,60.1,90.1,,,,,2.18,0.0,0.0,70.0,195.0,,,,27.98,4.51,,33.0,113.0,10.0,6.97,4.26,,4.0,4.0,,,,523.0,43.0,4.0,12.16,,,,20.2,19.0,,,378.0,,20.0,1.38,8.6,3.0,12.2,22.7,,,,,,,,,,,,23.4,,2.11,2.11,0.0,0.0,0.0,0.0,12.0,0.0,0.0,,,9.0
Geremy Davis,WR,Connecticut,Connecticut,2015,186,6,backtest,1992-01-10,23.0,38.9,48.76,28.3,66.6,99.9,,,,,9.66,0.0,0.0,74.0,216.0,,,,27.73,4.49,,36.5,124.0,23.0,6.86,4.18,,203.0,23.0,,,,,,,,,,,32.1,19.0,,,,,21.0,2.47,17.9,4.0,13.9,21.7,,,,,,,,,,,,6.8,,,,0.0,0.0,,0.0,8.0,0.0,0.0,,,9.0
Evan Spencer,WR,Ohio St.,Ohio St.,2015,187,6,backtest,1993-05-26,21.0,36.0,46.64,27.0,60.0,90.0,,,,,8.37,0.0,0.0,,,,,,,,,,,,,,,9.0,1.0,,,,149.0,15.0,3.0,9.93,,,,5.6,19.0,,,409.0,,5.0,0.59,-16.2,,11.1,,,,,,,,,,,,,0.0,,,,0.0,0.0,,,0.0,5.0,345.9,"Devin Smith (Rd2 #37, 2015); Jeff Heuerman (Rd3 #92, 2015); Michael Thomas (Rd2 #47, 2016); Braxton Miller (Rd3 #85, 2016); Nick Vannett (Rd3 #94, 2016)",,9.0
Bud Sasser,WR,Missouri,Missouri,2015,201,6,backtest,1991-08-25,23.0,31.1,43.65,22.5,56.6,84.9,,,,,7.45,0.0,0.0,,,,,,,,,,,,,,,0.0,0.0,,,,1003.0,77.0,12.0,13.03,,,,42.9,20.0,,,415.0,,14.0,2.42,9.8,5.0,13.9,22.3,,,,,,,,,,,,0.0,,,,0.0,0.0,,,0.0,0.0,0.0,,,9.0
Darren Waller,WR,Georgia Tech,Georgia Tech,2015,204,6,backtest,1992-09-13,22.0,26.4,42.04,21.1,52.6,78.9,,,,,,0.0,0.0,78.0,238.0,,,,27.5,4.46,,37.0,125.0,12.0,7.07,4.25,,0.0,0.0,,,,442.0,26.0,6.0,17.0,,,,27.8,20.0,,,203.0,,18.0,2.18,5.9,3.0,19.0,22.0,,,,,,,,,,,,0.0,,17.41,3.81,0.0,0.0,0.0,5.0,85.0,1.0,52.9,"DeAndre Smelter (Rd4 #132, 2015)",,9.0
Neal Sterling,WR,Monmouth,Monmouth,2015,220,7,backtest,1992-04-11,23.0,26.7,42.08,14.2,60.0,90.0,,,,,6.62,0.0,0.0,,,,,,,,,,,,,,,0.0,0.0,0.0,,,,,,,,,,14.1,19.0,,,,,,,,3.0,12.9,21.6,,,,,,,,,,,,0.0,,,,0.0,0.0,,0.0,13.0,0.0,0.0,,,9.0
Andre Debose,WR,Florida,Florida,2015,221,7,backtest,1990-09-12,24.0,5.3,31.29,13.6,24.5,36.7,,,,,8.13,0.0,0.0,,,,,,,,,,,,,,,30.0,2.0,,,,-3.0,1.0,0.0,-3.0,,,,16.7,,,,324.0,,6.0,1.35,,,18.0,,,,,,,,,,,,,0.0,,,,0.0,0.0,,,0.0,1.0,54.3,"Demarcus Robinson (Rd4 #126, 2016)",,9.0
Da'Ron Brown,WR,Northern Illinois,Northern Illinois,2015,233,7,backtest,1991-09-21,23.0,27.0,42.33,10.1,66.6,99.9,,,,,,0.0,0.0,72.0,205.0,,,,27.8,4.54,,37.0,120.0,17.0,7.04,4.11,,108.0,10.0,,,,1065.0,68.0,6.0,15.66,,,,35.6,19.0,,,385.0,,19.0,2.77,17.7,4.0,14.8,22.0,,,,,,,,,,,,0.0,,,,0.0,0.0,,,0.0,0.0,0.0,,,9.0
Dezmin Lewis,WR,Central Arkansas,Central Arkansas,2015,234,7,backtest,1992-12-05,22.0,19.5,40.22,9.7,60.0,90.0,,,,,4.77,0.0,0.0,,,,,,,,,,,,,,,0.0,1.0,,,,,,,,,,,16.4,19.0,,,,,,2.16,,2.0,14.8,19.8,,,,,,,,,,,,0.0,,,,0.0,0.0,,0.0,1.0,0.0,0.0,,,9.0
Mario Alford,WR,West Virginia,West Virginia,2015,238,7,backtest,1992-02-25,23.0,23.0,40.96,7.8,64.2,96.3,,,,,5.4,0.0,0.0,68.0,180.0,,,,27.37,4.43,,34.0,121.0,13.0,6.64,4.07,,14.0,2.0,,,,945.0,65.0,11.0,14.54,,,,32.6,19.0,,,534.0,,22.0,1.77,32.6,4.0,16.3,20.5,,,,,,,,,,,,2.5,,,,0.0,0.0,,0.0,1.0,1.0,94.4,"Kevin White (Rd1 #7, 2015)",,9.0
Tre McBride,WR,William & Mary,William & Mary,2015,245,7,backtest,1992-12-01,22.0,1.3,26.63,5.0,19.5,29.2,,,,,9.56,0.0,0.0,72.0,210.0,,,,28.48,4.41,,38.0,122.0,16.0,6.96,4.08,,6.0,3.0,,,,,,,,,,,14.2,,,,,,,2.82,,2.0,14.3,19.8,,,,,,,,,,,,22.4,,,,0.0,0.0,,0.0,7.0,0.0,0.0,,,9.0
Corey Coleman,WR,Baylor,Baylor,2016,15,1,backtest,1994-07-06,21.0,90.6,82.65,93.4,66.6,74.9,,,,,9.66,0.0,100.0,71.0,194.0,,,,27.05,4.42,,40.5,129.0,17.0,,,,111.0,22.0,0.0,,,1363.0,74.0,20.0,18.42,,,,40.8,21.0,,,389.0,,24.0,3.5,9.2,3.0,17.4,20.2,,,,,,90.0,90.4,,3.99,3.99,,93.3,,9.33,9.33,0.0,0.0,0.0,0.0,25.0,1.0,35.0,"Rico Gathers (Rd6 #217, 2016)",,8.0
Will Fuller,WR,Notre Dame,Notre Dame,2016,21,1,backtest,1994-04-16,22.0,77.9,72.59,90.6,40.0,60.0,,,,,7.17,0.0,0.0,72.0,186.0,,,,25.22,4.32,,33.5,126.0,10.0,6.93,4.27,,0.0,0.0,0.0,,,,62.0,,,,,,17.6,21.0,,,,,26.0,3.28,27.3,2.0,17.4,20.4,,,,,,77.2,75.7,,2.91,2.91,,188.9,,17.17,11.32,0.0,0.0,1.0,3.0,55.0,1.0,32.7,"Ben Koyack (Rd7 #229, 2015)",,8.0
Josh Doctson,WR,TCU,TCU,2016,22,1,backtest,1992-12-03,23.0,75.0,70.53,89.7,34.2,51.3,,,,,9.41,0.0,0.0,74.0,202.0,,,,25.93,4.5,,41.0,131.0,14.0,6.84,4.08,,6.0,1.0,0.0,,,1327.0,79.0,14.0,16.8,,,,32.6,22.0,,,517.0,,23.0,2.57,20.4,4.0,14.8,18.8,,,,,,92.9,93.0,,4.08,4.08,,119.8,,7.99,7.99,0.0,0.0,0.0,0.0,32.0,1.0,39.9,"Kolby Listenbee (Rd6 #192, 2016)",,8.0
Laquon Treadwell,WR,Mississippi,Mississippi,2016,23,1,backtest,1995-06-14,20.0,88.3,80.84,88.7,69.7,79.5,,,,,3.33,0.0,100.0,74.0,221.0,,,,28.37,4.52,,33.0,117.0,12.0,,,,-5.0,1.0,0.0,,,1153.0,82.0,11.0,14.06,,,,29.0,20.0,,,489.0,,21.0,2.36,-8.8,3.0,11.8,19.2,,,,,,85.3,85.2,,2.44,2.44,,82.4,,6.87,4.75,0.0,0.0,0.0,0.0,59.0,2.0,124.1,"Cody Core (Rd6 #199, 2016); Evan Engram (Rd1 #23, 2017)",,8.0
Sterling Shepard,WR,Oklahoma,Oklahoma,2016,40,2,backtest,1993-02-10,23.0,72.7,69.19,80.6,46.8,50.3,,,,,7.62,80.0,0.0,70.0,194.0,,,,27.83,4.48,,41.0,123.0,20.0,7.0,4.35,,5.0,1.0,0.0,,,1288.0,86.0,11.0,14.98,,,,30.5,22.0,,,439.0,,26.0,2.93,20.8,2.0,14.9,20.6,,,,,,91.5,90.8,,2.88,2.88,,184.4,,14.18,13.14,0.0,0.0,3.0,5.0,111.0,3.0,193.4,"Dorial Green-Beckham (Rd2 #40, 2015); Blake Bell (Rd4 #117, 2015); Dede Westbrook (Rd4 #110, 2017)",,8.0
Michael Thomas,WR,Ohio St.,Ohio St.,2016,47,2,backtest,1993-03-03,23.0,73.6,69.36,78.0,53.2,54.8,,,,,9.11,100.0,0.0,75.0,212.0,,,,26.5,4.57,,35.0,126.0,18.0,6.8,4.13,,0.0,0.0,0.0,,,781.0,56.0,9.0,13.95,,,,39.6,22.0,,,325.0,,19.0,2.41,7.2,3.0,14.2,21.5,,,,,,83.4,83.4,,2.54,2.54,,374.6,,23.41,19.72,1.0,1.0,3.0,4.0,83.0,7.0,420.1,"Devin Smith (Rd2 #37, 2015); Jeff Heuerman (Rd3 #92, 2015); Evan Spencer (Rd6 #187, 2015); Braxton Miller (Rd3 #85, 2016); Nick Vannett (Rd3 #94, 2016); Curtis Samuel (Rd2 #40, 2017); Noah Brown (Rd7 #239, 2017)",,8.0
Tyler Boyd,WR,Pittsburgh,Pittsburgh,2016,55,2,backtest,1994-11-15,21.0,79.1,73.82,74.4,74.3,86.5,,,,,4.27,0.0,100.0,73.0,197.0,,,,25.99,4.58,,34.0,119.0,11.0,6.9,4.35,,349.0,40.0,0.0,,,926.0,91.0,6.0,10.18,,,,33.0,20.0,,,343.0,,41.0,4.09,6.2,1.0,13.2,18.8,,,,,,89.9,90.3,,2.72,2.72,,222.9,,15.79,15.79,1.0,0.0,1.0,5.0,135.0,0.0,0.0,,,8.0
Braxton Miller,WR,Ohio St.,Ohio St.,2016,85,3,backtest,1992-11-30,23.0,51.3,55.28,61.9,33.3,50.0,,,,,8.59,0.0,0.0,73.0,201.0,,,,26.52,4.5,,35.0,123.0,17.0,6.65,4.07,,260.0,42.0,1.0,,,341.0,26.0,3.0,13.12,,,,14.8,22.0,,,325.0,,4.0,1.05,12.4,,13.6,,,,,,,69.0,68.6,,1.94,1.94,,41.3,,4.13,4.13,0.0,0.0,0.0,0.0,19.0,7.0,431.7,"Devin Smith (Rd2 #37, 2015); Jeff Heuerman (Rd3 #92, 2015); Evan Spencer (Rd6 #187, 2015); Michael Thomas (Rd2 #47, 2016); Nick Vannett (Rd3 #94, 2016); Curtis Samuel (Rd2 #40, 2017); Noah Brown (Rd7 #239, 2017)",,8.0
Leonte Carroo,WR,Rutgers,Rutgers,2016,86,3,backtest,1994-01-24,22.0,57.7,59.07,61.4,46.6,69.9,,,,,6.96,0.0,0.0,72.0,211.0,,,,28.61,4.5,,35.5,120.0,14.0,,,,0.0,0.0,0.0,,,809.0,39.0,10.0,20.74,,,,42.6,21.0,,,337.0,,32.0,3.04,47.2,2.0,19.5,19.6,,,,,,90.7,90.0,,4.16,4.16,,18.8,,,,0.0,0.0,,0.0,12.0,1.0,64.7,"Tyler Kroft (Rd3 #85, 2015)",,8.0
Chris Moore,WR,Cincinnati,Cincinnati,2016,107,4,backtest,1993-06-16,22.0,42.6,50.37,54.3,30.5,45.7,,,,,7.96,0.0,0.0,73.0,206.0,,,,27.18,4.53,,37.0,130.0,10.0,6.76,4.2,,10.0,2.0,0.0,,,870.0,40.0,7.0,21.75,,,,21.4,22.0,,,547.0,,15.0,1.59,45.1,,19.3,,,,,,,69.5,70.2,,2.39,2.39,,115.1,,7.67,5.99,0.0,0.0,0.0,0.0,84.0,0.0,0.0,,,8.0
Malcolm Mitchell,WR,Georgia,Georgia,2016,112,4,backtest,1992-07-20,23.0,37.4,47.94,52.9,25.3,37.9,,,,,8.08,0.0,0.0,72.0,198.0,,,,26.85,4.45,,36.0,129.0,15.0,6.94,4.34,,0.0,0.0,0.0,,,865.0,58.0,5.0,14.91,,,,35.8,23.0,,,327.0,,19.0,2.65,1.1,5.0,13.5,22.1,,,,,,86.4,87.4,,2.67,2.67,,96.1,,8.01,8.01,0.0,0.0,0.0,0.0,12.0,2.0,111.2,"Chris Conley (Rd3 #76, 2015); Isaiah McKenzie (Rd5 #172, 2017)",,8.0
Ricardo Louis,WR,Auburn,Auburn,2016,114,4,backtest,1994-03-23,22.0,49.3,54.21,51.9,47.3,71.0,,,,,9.23,0.0,0.0,74.0,215.0,,,,27.6,4.43,,38.0,132.0,18.0,,,,158.0,29.0,1.0,,,716.0,46.0,3.0,15.57,,,,31.9,21.0,,,306.0,,14.0,2.34,0.4,4.0,13.7,21.5,,,,,,76.0,80.8,,3.51,3.51,,62.7,,4.48,4.48,0.0,0.0,0.0,0.0,21.0,2.0,111.4,"Sammie Coates (Rd3 #87, 2015); C.J. Uzomah (Rd5 #157, 2015)",,8.0
Pharoh Cooper,WR,South Carolina,South Carolina,2016,117,4,backtest,1995-03-07,21.0,62.9,62.48,51.4,76.6,89.9,,,,,2.06,0.0,100.0,71.0,203.0,,,,28.31,4.52,,31.0,115.0,15.0,,,,111.0,24.0,1.0,,,973.0,66.0,8.0,14.74,,,,43.1,20.0,,,351.0,,25.0,2.77,19.2,2.0,15.7,19.5,,,,,,76.7,82.0,,2.6,2.6,,55.5,,5.05,2.82,0.0,0.0,0.0,0.0,44.0,2.0,69.6,"Rory Anderson (Rd7 #254, 2015); Jerell Adams (Rd6 #184, 2016)",,8.0
Demarcus Robinson,WR,Florida,Florida,2016,126,4,backtest,1994-09-21,21.0,50.4,54.99,49.4,56.7,60.0,,,,,5.86,0.0,100.0,73.0,203.0,,,,26.78,4.59,,34.5,123.0,,6.77,4.19,,1.0,1.0,0.0,,,522.0,48.0,2.0,10.88,,,,14.0,21.0,,,405.0,,18.0,2.5,1.4,2.0,12.9,20.0,,,,,,68.5,68.7,,1.51,1.51,,123.5,,10.92,5.34,0.0,0.0,0.0,1.0,123.0,1.0,34.2,"Andre Debose (Rd7 #221, 2015)",,8.0
Tajae Sharpe,WR,Massachusetts,Massachusetts,2016,140,5,backtest,1994-12-23,21.0,46.1,52.24,44.4,55.1,82.6,,,,,5.3,0.0,0.0,74.0,194.0,,,,24.91,4.55,,33.5,114.0,11.0,,,,-3.0,1.0,0.0,,,1319.0,111.0,5.0,11.88,,,,35.2,20.0,,,495.0,,29.0,2.66,11.0,2.0,12.6,18.7,,,,,,88.1,89.1,,2.47,2.47,,105.3,,6.58,6.58,0.0,0.0,0.0,0.0,60.0,0.0,0.0,,,8.0
Jordan Payton,WR,UCLA,UCLA,2016,154,5,backtest,1993-09-01,22.0,29.3,43.36,40.9,32.8,49.2,,,,,6.84,0.0,0.0,73.0,207.0,,,,27.31,4.47,,34.5,121.0,,7.08,4.33,,0.0,0.0,0.0,,,1106.0,78.0,5.0,14.18,,,,28.4,22.0,,,510.0,,18.0,2.19,11.6,3.0,13.4,21.0,,,,,,88.3,86.2,,2.33,2.33,,1.3,,,,0.0,0.0,,0.0,2.0,2.0,63.3,"Thomas Duarte (Rd7 #231, 2016); Devin Fuller (Rd7 #238, 2016)",,8.0
Trevor Davis,WR,California,California,2016,163,5,backtest,1993-07-04,22.0,23.5,41.16,37.6,30.0,45.0,,,,,9.14,0.0,0.0,73.0,188.0,,,,24.8,4.42,,38.5,124.0,11.0,6.6,4.22,,4.0,3.0,0.0,,,672.0,40.0,2.0,16.8,,,,10.6,22.0,,,550.0,,11.0,1.22,24.5,,15.3,,,,,,,69.3,70.1,,2.49,2.49,,30.4,,,,0.0,0.0,,0.0,17.0,2.0,80.9,"Kenny Lawler (Rd7 #243, 2016); Chad Hansen (Rd4 #141, 2017)",,8.0
Tyreek Hill,WR,West Alabama,West Alabama,2016,165,5,backtest,1994-03-01,22.0,31.9,44.86,37.0,43.3,65.0,,,,,9.39,0.0,0.0,,,,,,,,,,,,,,,237.0,25.0,,,,,,,,,,,19.4,21.0,,,,,8.0,0.7,,,12.5,,,,,,,,,,,,,376.4,,23.52,20.88,1.0,1.0,3.0,9.0,145.0,0.0,0.0,,,8.0
Rashard Higgins,WR,Colorado St.,Colorado St.,2016,172,5,backtest,1994-10-07,21.0,41.8,50.27,34.4,64.9,72.3,,,,,1.65,0.0,100.0,73.0,196.0,,,,25.86,4.64,,32.0,116.0,13.0,,,,20.0,1.0,0.0,,,1062.0,75.0,8.0,14.16,,,,34.6,21.0,,,392.0,,34.0,3.91,14.5,1.0,15.3,18.9,,,,,,91.3,91.4,,3.45,3.45,,120.9,,10.07,9.09,0.0,0.0,0.0,1.0,67.0,0.0,0.0,,,8.0
Moritz Boehringer,WR,,,2016,180,6,backtest,1993-08-20,22.0,10.0,35.49,31.1,19.5,29.2,,,,,9.98,0.0,0.0,,,,,,,,,,,,,,,0.0,0.0,0.0,,,,,,,,,,14.2,,,,,,,,,,,,,,,,,,,,,,,0.0,,,,0.0,0.0,,,0.0,0.0,0.0,,,8.0
Jakeem Grant,WR,Texas Tech,Texas Tech,2016,186,6,backtest,1992-10-30,23.0,17.8,39.32,28.3,35.1,52.7,,,,,6.39,0.0,0.0,,,,,,,,,,,,,,,68.0,8.0,2.0,,,1268.0,90.0,10.0,14.09,,,,25.4,22.0,,,620.0,,17.0,2.05,8.0,4.0,12.9,22.9,,,,,,80.9,79.2,,2.74,2.74,,87.3,,7.23,7.23,0.0,0.0,0.0,0.0,52.0,0.0,0.0,,,8.0
Kolby Listenbee,WR,TCU,TCU,2016,192,6,backtest,1994-01-25,22.0,18.6,39.93,24.7,40.0,60.0,,,,,7.91,0.0,0.0,72.0,197.0,,,,26.72,4.39,,35.5,129.0,15.0,,,,11.0,1.0,0.0,,,597.0,30.0,5.0,19.9,,,,13.0,21.0,,,517.0,,8.0,1.42,44.0,,19.4,,,,,,,67.5,68.9,,1.94,1.94,,0.0,,,,0.0,0.0,,,0.0,1.0,86.1,"Josh Doctson (Rd1 #22, 2016)",,8.0
Cody Core,WR,Mississippi,Mississippi,2016,199,6,backtest,1994-04-17,22.0,16.3,38.95,23.3,40.0,60.0,,,,,7.38,0.0,0.0,75.0,205.0,,,,25.62,4.47,,31.5,119.0,14.0,,,,1.0,1.0,0.0,,,644.0,37.0,4.0,17.41,,,,13.1,21.0,,,489.0,,9.0,1.32,15.5,,15.6,,,,,,,69.8,69.9,,2.08,2.08,,37.0,,3.7,3.7,0.0,0.0,0.0,0.0,19.0,2.0,171.3,"Laquon Treadwell (Rd1 #23, 2016); Evan Engram (Rd1 #23, 2017)",,8.0
Mike Thomas,WR,Southern Miss,Southern Miss,2016,206,6,backtest,1994-08-16,21.0,17.2,39.24,19.8,44.2,66.3,,,,,7.66,0.0,0.0,,,,,,,,,,,,,,,0.0,0.0,0.0,,,1391.0,71.0,14.0,19.59,,,,32.6,21.0,,,531.0,,28.0,2.62,,1.0,14.4,20.1,,,,,,84.8,85.4,,2.99,2.99,,30.3,,3.03,,0.0,0.0,,0.0,34.0,0.0,0.0,,,8.0
Aaron Burbridge,WR,Michigan St.,Michigan St.,2016,213,6,backtest,1993-12-23,22.0,17.5,39.29,16.5,47.5,71.3,,,,,2.78,0.0,0.0,72.0,206.0,,,,27.94,4.56,,30.5,115.0,20.0,7.22,4.31,,44.0,9.0,0.0,,,1258.0,85.0,7.0,14.8,,,,32.6,21.0,,,440.0,,16.0,2.86,3.3,4.0,13.2,21.7,,,,,,85.4,85.7,,2.85,2.85,,15.8,,1.98,1.98,0.0,0.0,0.0,0.0,8.0,2.0,90.8,"Tony Lippett (Rd5 #156, 2015); Keith Mumphery (Rd5 #175, 2015)",,8.0
Devin Lucien,WR,Arizona St.,Arizona St.,2016,225,7,backtest,1993-06-26,22.0,7.1,33.13,12.7,32.4,48.6,,,,,6.68,0.0,0.0,,,,,,,,,,,,,,,0.0,0.0,0.0,,,1074.0,66.0,8.0,16.27,,,,27.1,22.0,,,534.0,,12.0,2.02,23.3,5.0,14.7,22.2,,,,,,82.3,83.9,,2.65,2.65,,0.0,,,,0.0,0.0,,,0.0,1.0,69.0,"Jaelen Strong (Rd3 #70, 2015)",,8.0
Demarcus Ayers,WR,Houston,Houston,2016,229,7,backtest,1994-07-07,21.0,26.2,42.0,11.1,63.7,70.6,,,,,0.89,0.0,100.0,69.0,182.0,,,,26.87,4.72,,33.0,123.0,,,,,147.0,25.0,1.0,,,1222.0,98.0,6.0,12.47,,,,31.2,21.0,,,432.0,,16.0,2.83,11.6,3.0,12.0,21.2,,,,,,88.5,88.9,,2.8,2.8,,16.1,,,,0.0,0.0,,0.0,2.0,0.0,0.0,,,8.0
Daniel Braverman,WR,Western Michigan,Western Michigan,2016,230,7,backtest,1993-09-28,22.0,8.2,33.73,10.5,36.6,54.9,,,,,2.56,0.0,0.0,,,,,,,,,,,,,,,13.0,2.0,0.0,,,1367.0,108.0,13.0,12.66,,,,39.9,22.0,,,404.0,,23.0,3.38,-13.8,3.0,11.8,19.9,,,,,,91.2,91.4,,3.14,3.14,,0.0,,,,0.0,0.0,,0.0,2.0,1.0,95.9,"Corey Davis (Rd1 #5, 2017)",,8.0
Devin Fuller,WR,UCLA,UCLA,2016,238,7,backtest,1994-01-29,22.0,7.9,33.7,7.8,40.0,60.0,,,,,8.34,0.0,0.0,,,,,,,,,,,,,,,0.0,0.0,0.0,,,,24.0,,,,,,17.6,21.0,,,,,10.0,1.2,-18.8,,9.1,,,,,,,68.8,67.9,,1.55,1.55,,0.0,,,,0.0,0.0,,,0.0,2.0,80.2,"Jordan Payton (Rd5 #154, 2016); Thomas Duarte (Rd7 #231, 2016)",,8.0
Charone Peake,WR,Clemson,Clemson,2016,241,7,backtest,1992-10-16,23.0,3.9,30.31,6.3,30.0,45.0,,,,,5.76,0.0,0.0,74.0,209.0,,,,26.83,4.45,,35.5,122.0,12.0,6.96,4.46,,0.0,0.0,0.0,,,716.0,50.0,5.0,14.32,,,,15.3,22.0,,,528.0,,6.0,1.36,-7.3,,11.8,,,,,,,72.1,70.4,,1.95,1.95,,37.6,,3.42,3.42,0.0,0.0,0.0,0.0,15.0,2.0,143.2,"Mike Williams (Rd1 #7, 2017); Jordan Leggett (Rd5 #150, 2017)",,8.0
Kenny Lawler,WR,California,California,2016,243,7,backtest,1994-06-25,21.0,15.2,38.59,5.6,58.4,62.7,,,,,2.09,0.0,100.0,74.0,203.0,,,,26.06,4.64,,31.0,111.0,,7.13,4.2,,5.0,1.0,0.0,,,658.0,52.0,13.0,12.65,,,,25.3,21.0,,,550.0,,16.0,1.31,-3.8,,11.9,,,,,,,71.7,71.9,,1.67,1.67,,0.0,,,,0.0,0.0,,,0.0,2.0,96.7,"Trevor Davis (Rd5 #163, 2016); Chad Hansen (Rd4 #141, 2017)",,8.0
Corey Davis,WR,Western Michigan,Western Michigan,2017,5,1,backtest,1995-01-11,22.0,89.2,81.1,98.0,46.6,69.9,,,,,,0.0,0.0,75.0,209.0,,,,26.12,,,,,,,,,0.0,1.0,0.0,,,1500.0,97.0,19.0,15.46,,,,50.0,21.0,,,378.0,,42.0,3.97,20.6,1.0,15.9,18.7,,,,,,90.7,90.3,,3.57,3.57,,191.4,,13.67,11.48,0.0,0.0,1.0,3.0,78.0,1.0,32.5,"Daniel Braverman (Rd7 #230, 2016)",,7.0
Mike Williams,WR,Clemson,Clemson,2017,7,1,backtest,1994-10-04,22.0,85.4,78.65,96.8,41.9,47.9,,,,,7.24,60.0,0.0,76.0,218.0,,,,26.53,,,32.5,121.0,15.0,,,,0.0,0.0,0.0,,,1361.0,98.0,11.0,13.89,,,,25.8,22.0,,,629.0,,16.0,2.28,27.3,2.0,15.4,19.9,,,,,,91.3,91.2,,3.34,3.34,,246.6,,15.41,11.26,1.0,0.0,2.0,5.0,99.0,4.0,161.5,"Charone Peake (Rd7 #241, 2016); Jordan Leggett (Rd5 #150, 2017); Deon Cain (Rd6 #185, 2018); Ray-Ray McCloud (Rd6 #187, 2018)",,7.0
John Ross,WR,Washington,Washington,2017,9,1,backtest,1995-11-27,21.0,94.7,87.52,95.7,74.7,87.0,,,,,9.5,0.0,100.0,71.0,188.0,,,,26.22,4.22,,37.0,133.0,,,,,102.0,8.0,1.0,,,1150.0,81.0,17.0,14.2,,,,34.0,20.0,,,408.0,,18.0,2.82,20.6,4.0,15.2,18.8,,,,,,86.8,85.8,,3.05,3.05,,95.0,,11.88,11.88,0.0,0.0,1.0,1.0,36.0,2.0,133.0,"Dante Pettis (Rd2 #44, 2018); Will Dissly (Rd4 #120, 2018)",,7.0
Zay Jones,WR,East Carolina,East Carolina,2017,37,2,backtest,1995-03-30,22.0,75.6,70.62,82.2,49.0,73.5,,,,,9.71,0.0,0.0,74.0,201.0,,,,25.8,4.45,,36.5,133.0,15.0,6.79,4.01,,24.0,4.0,0.0,,,1731.0,156.0,8.0,11.1,,,,37.0,21.0,,,554.0,,26.0,3.15,-3.9,3.0,10.7,20.4,,,,,,90.9,90.7,,2.96,2.96,,198.1,,12.38,10.32,0.0,0.0,1.0,2.0,107.0,0.0,0.0,,,7.0
Curtis Samuel,WR,Ohio St.,Ohio St.,2017,40,2,backtest,1996-08-11,20.0,86.9,80.04,80.6,83.0,84.5,,,,,7.45,60.0,100.0,71.0,196.0,,,,27.33,4.31,,37.0,119.0,18.0,7.09,4.33,,771.0,97.0,8.0,,,865.0,74.0,7.0,11.69,,,,29.0,20.0,,,409.0,,15.0,2.11,2.3,3.0,11.7,20.1,,,,,,82.4,81.8,,2.76,2.76,,212.1,,14.14,11.57,1.0,0.0,2.0,4.0,108.0,4.0,234.1,"Michael Thomas (Rd2 #47, 2016); Braxton Miller (Rd3 #85, 2016); Nick Vannett (Rd3 #94, 2016); Noah Brown (Rd7 #239, 2017)",,7.0
JuJu Smith-Schuster,WR,USC,USC,2017,62,2,backtest,1996-11-22,20.0,79.9,74.76,70.8,82.6,98.9,,,,,,0.0,100.0,73.0,215.0,,,,28.36,4.54,,32.5,120.0,15.0,,,,27.0,5.0,0.0,,,914.0,70.0,10.0,13.06,,,,27.9,19.0,,,463.0,,27.0,3.14,20.4,2.0,14.5,18.8,,,,,,71.6,73.0,,2.14,2.14,,296.9,,18.56,18.56,1.0,1.0,2.0,4.0,116.0,0.0,0.0,,,7.0
Cooper Kupp,WR,Eastern Washington,Eastern Washington,2017,69,3,backtest,1993-06-15,23.0,55.1,57.46,68.5,29.9,44.9,,,,,5.0,0.0,0.0,74.0,204.0,,,,26.19,4.62,,31.0,116.0,,6.75,4.08,,29.0,2.0,,,,,,,,,,,40.4,23.0,,,,,31.0,3.55,,1.0,15.2,20.2,,,,,,,,,,,,439.5,,25.85,16.91,1.0,1.0,3.0,8.0,120.0,0.0,0.0,,,7.0
Taywan Taylor,WR,Western Kentucky,Western Kentucky,2017,72,3,backtest,1995-03-02,22.0,63.4,62.72,66.9,49.5,74.3,,,,,8.7,0.0,0.0,71.0,203.0,,,,28.31,4.5,,33.5,132.0,13.0,6.57,4.21,,36.0,6.0,0.0,,,1730.0,98.0,17.0,17.65,,,,38.6,21.0,,,471.0,,22.0,3.67,26.0,3.0,16.7,20.5,,,,,,90.1,90.3,,3.91,3.91,,87.6,,6.74,6.74,0.0,0.0,0.0,0.0,31.0,1.0,58.2,"Tyler Higbee (Rd4 #110, 2016)",,7.0
ArDarius Stewart,WR,Alabama,Alabama,2017,79,3,backtest,1993-12-08,23.0,58.8,60.36,64.7,46.4,54.5,,,,,,60.0,0.0,71.0,204.0,,,,28.45,4.49,,34.0,124.0,,,,,68.0,8.0,0.0,,,864.0,54.0,8.0,16.0,,,,29.1,22.0,,,417.0,,17.0,2.07,14.9,3.0,13.3,22.7,,,,,,76.3,73.3,,2.6,2.6,,16.900000000000002,,1.88,1.88,0.0,0.0,0.0,0.0,9.0,2.0,171.8,"O.J. Howard (Rd1 #19, 2017); Calvin Ridley (Rd1 #26, 2018)",,7.0
Carlos Henderson,WR,Louisiana Tech,Louisiana Tech,2017,82,3,backtest,1995-10-28,21.0,72.1,68.58,63.0,75.7,88.6,,,,,5.75,0.0,100.0,71.0,199.0,,,,27.75,4.46,,36.0,131.0,13.0,7.18,4.35,,133.0,14.0,2.0,,,1535.0,82.0,19.0,18.72,,,,37.2,20.0,,,543.0,,22.0,2.83,41.9,4.0,19.6,20.7,,,,,,90.7,90.4,,3.55,3.55,,0.0,,,,0.0,0.0,,,0.0,1.0,43.0,"Trent Taylor (Rd5 #177, 2017)",,7.0
Chris Godwin,WR,Penn St.,Penn St.,2017,84,3,backtest,1996-02-27,21.0,69.2,66.72,62.4,70.8,81.2,,,,,9.66,0.0,100.0,73.0,209.0,,,,27.57,4.42,,36.0,126.0,19.0,7.01,4.0,,13.0,1.0,0.0,,,982.0,59.0,11.0,16.64,,,,32.4,20.0,,,391.0,,26.0,2.73,19.2,2.0,15.7,19.5,,,,,,78.7,76.6,,2.31,2.31,,276.1,,19.72,19.72,1.0,1.0,2.0,6.0,119.0,2.0,135.5,"Mike Gesicki (Rd2 #42, 2018); DaeSean Hamilton (Rd4 #113, 2018)",,7.0
Kenny Golladay,WR,Northern Illinois,Northern Illinois,2017,96,3,backtest,1993-11-03,23.0,50.7,55.19,58.2,39.9,59.9,,,,,8.94,0.0,0.0,76.0,218.0,,,,26.53,4.5,,35.5,120.0,18.0,7.0,4.15,,192.0,20.0,2.0,,,1164.0,88.0,8.0,13.23,,,,41.6,22.0,,,400.0,,41.0,2.89,20.4,4.0,14.3,19.8,,,,,,87.2,85.2,,2.93,2.93,,248.0,,15.5,15.5,1.0,1.0,2.0,2.0,67.0,0.0,0.0,,,7.0
Chad Williams,WR,Grambling St.,Grambling St.,2017,98,3,backtest,1994-10-19,22.0,53.6,56.56,57.9,45.7,68.6,,,,,9.01,0.0,0.0,,,,,,,,,,,,,,,0.0,0.0,,,,,,,,,,,37.1,21.0,,,,,,3.51,,3.0,14.1,20.9,,,,,,,,,,,,41.0,,4.1,4.1,0.0,0.0,0.0,0.0,16.0,0.0,0.0,,,7.0
Amara Darboh,WR,Michigan,Michigan,2017,106,3,backtest,1994-02-01,23.0,45.2,51.72,54.8,34.4,51.6,,,,,9.6,0.0,0.0,74.0,214.0,,,,27.47,4.45,,36.0,124.0,17.0,,,,0.0,0.0,0.0,,,862.0,57.0,7.0,15.12,,,,33.1,22.0,,,370.0,,26.0,2.33,17.4,3.0,13.7,20.6,,,,,,81.0,78.9,,2.45,2.45,,15.1,,1.89,1.89,0.0,0.0,0.0,0.0,8.0,2.0,101.1,"Jehu Chesson (Rd4 #139, 2017); Jake Butt (Rd5 #145, 2017)",,7.0
Dede Westbrook,WR,Oklahoma,Oklahoma,2017,110,4,backtest,1993-11-21,23.0,47.3,52.52,53.5,39.4,59.1,,,,,4.84,0.0,0.0,72.0,178.0,,,,24.14,,,,,,,,,101.0,10.0,0.0,,,1524.0,80.0,17.0,19.05,,,,38.2,22.0,,,384.0,,27.0,3.97,24.5,4.0,18.0,22.8,,,,,,91.2,91.3,,4.07,4.07,,181.5,,11.34,11.34,0.0,0.0,2.0,2.0,47.0,2.0,143.2,"Sterling Shepard (Rd2 #40, 2016); Mark Andrews (Rd3 #86, 2018)",,7.0
Josh Reynolds,WR,Texas A&M,Texas A&M,2017,117,4,backtest,1995-02-16,22.0,48.4,53.47,51.4,46.6,69.8,,,,,9.1,0.0,0.0,75.0,194.0,,,,24.25,4.52,,37.0,124.0,,6.83,4.13,,0.0,0.0,0.0,,,1039.0,61.0,12.0,17.03,,,,39.7,21.0,,,469.0,,28.0,2.22,37.2,2.0,17.0,19.6,,,,,,82.2,83.4,,2.33,2.33,,128.8,,9.09,9.09,0.0,0.0,0.0,0.0,102.0,2.0,119.7,"Christian Kirk (Rd2 #47, 2018); Damion Ratley (Rd6 #175, 2018)",,7.0
Mack Hollins,WR,North Carolina,North Carolina,2017,118,4,backtest,1993-09-16,23.0,33.4,45.33,51.0,20.0,30.0,,,,,,0.0,0.0,76.0,221.0,,,,26.9,4.53,,,,,,,,0.0,0.0,0.0,,,309.0,16.0,4.0,19.31,,,,10.7,23.0,,,458.0,,17.0,1.83,65.4,4.0,20.6,21.0,,,,,,65.2,65.7,,2.13,2.13,,154.2,,9.07,4.05,0.0,0.0,0.0,0.0,97.0,2.0,80.5,"Ryan Switzer (Rd4 #133, 2017); Austin Proehl (Rd7 #255, 2018)",,7.0
Josh Malone,WR,Tennessee,Tennessee,2017,128,4,backtest,1996-03-21,21.0,58.2,59.19,48.8,71.8,82.7,,,,,7.03,0.0,100.0,75.0,208.0,,,,26.0,4.4,,30.5,121.0,10.0,7.05,4.19,,0.0,0.0,0.0,,,972.0,50.0,11.0,19.44,,,,35.3,20.0,,,379.0,,18.0,2.56,33.1,3.0,15.5,20.5,,,,,,75.0,75.7,,2.44,2.44,,18.5,,2.06,2.06,0.0,0.0,0.0,0.0,13.0,0.0,0.0,,,7.0
Ryan Switzer,WR,North Carolina,North Carolina,2017,133,4,backtest,1994-11-04,22.0,40.3,49.3,46.4,41.5,62.3,,,,,4.83,0.0,0.0,68.0,181.0,,,,27.52,4.51,,32.0,116.0,11.0,6.77,4.0,,14.0,3.0,0.0,,,1112.0,96.0,6.0,11.58,,,,24.6,21.0,,,458.0,,19.0,2.42,-5.0,4.0,11.9,21.8,,,,,,79.8,81.1,,2.76,2.76,,69.4,,4.34,4.34,0.0,0.0,0.0,0.0,26.0,2.0,84.1,"Mack Hollins (Rd4 #118, 2017); Austin Proehl (Rd7 #255, 2018)",,7.0
Jehu Chesson,WR,Michigan,Michigan,2017,139,4,backtest,1993-12-20,23.0,34.2,45.87,44.8,33.3,50.0,,,,,7.94,0.0,0.0,75.0,204.0,,,,25.5,4.47,,35.5,132.0,10.0,6.7,4.09,,63.0,12.0,1.0,,,500.0,35.0,2.0,14.29,,,,14.1,22.0,,,370.0,,14.0,1.84,19.4,4.0,14.4,21.7,,,,,,65.0,65.2,,1.77,1.77,,3.8,,,,0.0,0.0,,0.0,5.0,2.0,109.0,"Amara Darboh (Rd3 #106, 2017); Jake Butt (Rd5 #145, 2017)",,7.0
Chad Hansen,WR,California,California,2017,141,4,backtest,1995-01-18,22.0,38.6,48.76,43.9,44.0,66.1,,,,,7.39,0.0,0.0,74.0,202.0,,,,25.93,4.53,,35.0,119.0,11.0,6.74,4.13,,0.0,0.0,0.0,,,1249.0,92.0,11.0,13.58,,,,32.1,21.0,,,621.0,,17.0,2.01,8.4,4.0,13.5,21.6,,,,,,85.8,85.5,,3.13,3.13,,46.6,,,,0.0,0.0,,0.0,11.0,2.0,76.0,"Trevor Davis (Rd5 #163, 2016); Kenny Lawler (Rd7 #243, 2016)",,7.0
Shelton Gibson,WR,West Virginia,West Virginia,2017,166,5,backtest,1995-03-20,22.0,34.0,45.67,36.4,46.5,69.8,,,,,3.98,0.0,0.0,71.0,191.0,,,,26.64,4.5,,32.0,118.0,8.0,6.83,4.2,,29.0,2.0,0.0,,,951.0,43.0,8.0,22.12,,,,29.6,21.0,,,409.0,,20.0,2.33,64.4,3.0,22.6,21.5,,,,,,70.6,73.2,,2.58,2.58,,5.800000000000001,,,,0.0,0.0,,0.0,3.0,0.0,0.0,,,7.0
Rodney Adams,WR,South Florida,South Florida,2017,170,5,backtest,1994-09-15,22.0,24.4,41.4,35.5,34.3,51.4,,,,,6.02,0.0,0.0,73.0,189.0,,,,24.93,4.44,,29.5,125.0,8.0,6.98,4.28,,231.0,23.0,5.0,,,822.0,67.0,5.0,12.27,,,,22.9,22.0,,,358.0,,19.0,2.73,7.5,3.0,14.5,21.0,,,,,,76.2,72.7,,2.56,2.56,,0.0,,,,0.0,0.0,,0.0,1.0,1.0,43.6,"Marquez Valdes-Scantling (Rd5 #174, 2018)",,7.0
Isaiah McKenzie,WR,Georgia,Georgia,2017,172,5,backtest,1995-04-09,22.0,33.1,45.26,34.4,48.2,72.2,,,,,,0.0,0.0,67.0,173.0,,,,27.09,4.42,,36.0,123.0,11.0,6.64,4.15,,134.0,19.0,2.0,,,633.0,44.0,7.0,14.39,,,,34.5,21.0,,,386.0,,12.0,1.64,15.4,3.0,13.7,21.4,,,,,,79.5,80.2,,2.89,2.89,,119.8,,7.99,5.28,0.0,0.0,0.0,0.0,75.0,2.0,91.3,"Malcolm Mitchell (Rd4 #112, 2016); Javon Wims (Rd7 #224, 2018)",,7.0
DeAngelo Yancey,WR,Purdue,Purdue,2017,175,5,backtest,1994-11-18,22.0,31.4,44.72,32.8,47.8,71.7,,,,,9.08,0.0,0.0,,,,,,,,,,,,,,,26.0,7.0,0.0,,,951.0,49.0,10.0,19.41,,,,33.4,21.0,,,557.0,,21.0,,54.9,3.0,16.6,20.8,,,,,,64.1,64.5,,1.74,1.74,,0.0,,,,0.0,0.0,,,0.0,0.0,0.0,,,7.0
Trent Taylor,WR,Louisiana Tech,Louisiana Tech,2017,177,5,backtest,1994-04-30,23.0,20.1,40.25,31.8,33.9,50.8,,,,,4.0,0.0,0.0,68.0,181.0,,,,27.52,4.63,,33.0,117.0,13.0,6.74,4.01,,0.0,0.0,0.0,,,1803.0,136.0,12.0,13.26,,,,31.7,22.0,,,543.0,,26.0,3.32,-0.3,2.0,12.8,20.4,,,,,,87.1,87.5,,3.27,3.27,,98.0,,6.53,6.53,0.0,0.0,0.0,0.0,46.0,1.0,65.5,"Carlos Henderson (Rd3 #82, 2017)",,7.0
Robert Davis,WR,Georgia St.,Georgia St.,2017,209,6,backtest,1995-04-02,22.0,15.5,38.68,17.9,43.7,65.5,,,,,9.79,0.0,0.0,75.0,219.0,,,,27.37,4.44,,41.0,136.0,19.0,6.82,4.28,,0.0,0.0,0.0,,,968.0,67.0,5.0,14.45,,,,31.1,21.0,,,419.0,,24.0,2.73,14.2,1.0,15.3,18.4,,,,,,74.5,73.1,,2.39,2.39,,3.7,,,,0.0,0.0,,0.0,3.0,0.0,0.0,,,7.0
Stacy Coley,WR,Miami (FL),Miami (FL),2017,219,7,backtest,1994-05-13,22.0,12.3,36.94,14.9,42.4,48.6,,,,,4.46,60.0,0.0,73.0,195.0,,,,25.72,4.45,,34.0,122.0,10.0,,,,0.0,0.0,0.0,,,754.0,63.0,9.0,11.97,,,,27.2,22.0,,,426.0,,17.0,1.77,-4.9,4.0,13.4,21.3,,,,,,69.9,72.6,,1.96,1.96,,0.0,,,,0.0,0.0,,0.0,2.0,3.0,178.3,"David Njoku (Rd1 #29, 2017); Chris Herndon (Rd4 #107, 2018); Braxton Berrios (Rd6 #210, 2018)",,7.0
David Moore,WR,East Central (OK),East Central (OK),2017,226,7,backtest,1995-01-15,22.0,12.0,36.85,12.3,45.2,67.9,,,,,8.99,0.0,0.0,,,,,,,,,,,,,,,74.0,,,,,,,,,,,,25.7,21.0,,,,,,2.56,,2.0,18.5,19.6,,,,,,,,,,,,118.8,,7.42,7.21,0.0,0.0,0.0,0.0,66.0,0.0,0.0,,,7.0
Isaiah Ford,WR,Virginia Tech,Virginia Tech,2017,237,7,backtest,1996-02-09,21.0,30.2,43.45,8.4,72.1,83.1,,,,,5.05,0.0,100.0,73.0,194.0,,,,25.59,4.61,,35.5,127.0,14.0,6.94,4.34,,33.0,6.0,0.0,,,1094.0,79.0,7.0,13.85,,,,26.2,20.0,,,449.0,,32.0,2.95,15.9,1.0,14.1,18.6,,,,,,79.5,80.5,,2.25,2.25,,55.6,,6.18,6.06,0.0,0.0,0.0,0.0,28.0,1.0,38.1,"Bucky Hodges (Rd6 #201, 2017)",,7.0
Noah Brown,WR,Ohio St.,Ohio St.,2017,239,7,backtest,1996-01-06,21.0,30.8,43.64,7.2,73.6,75.3,,,,,6.88,40.0,100.0,74.0,222.0,,,,28.5,,,,,19.0,7.07,4.33,,0.0,0.0,0.0,,,402.0,32.0,7.0,12.56,,,,20.7,20.0,,,409.0,,9.0,0.98,14.9,,12.5,,,,,,,76.3,74.1,,1.66,1.66,,114.5,,10.16,,0.0,0.0,,1.0,70.0,4.0,282.0,"Michael Thomas (Rd2 #47, 2016); Braxton Miller (Rd3 #85, 2016); Nick Vannett (Rd3 #94, 2016); Curtis Samuel (Rd2 #40, 2017)",,7.0
Malachi Dupre,WR,LSU,LSU,2017,247,7,backtest,1995-10-12,21.0,13.7,38.09,4.6,58.5,62.7,,,,,7.2,0.0,100.0,74.0,196.0,,,,25.16,4.52,,39.5,135.0,11.0,7.19,4.26,,0.0,0.0,0.0,,,593.0,41.0,3.0,14.46,,,,25.5,21.0,,,298.0,,26.0,,15.3,2.0,16.4,18.9,,,,,,79.2,80.1,,2.56,2.56,,0.0,,,,0.0,0.0,,,0.0,2.0,111.2,"DJ Chark (Rd2 #61, 2018); Russell Gage (Rd6 #194, 2018)",,7.0
D.J. Moore,WR,Maryland,Maryland,2018,24,1,backtest,1997-04-14,21.0,90.3,82.61,88.0,76.6,89.9,,,,,9.65,0.0,100.0,72.0,210.0,,,,28.48,4.42,,39.5,132.0,15.0,6.95,4.07,,61.0,5.0,1.0,,,1033.0,80.0,8.0,12.91,,,,53.3,20.0,,,318.0,,34.0,3.25,21.6,2.0,13.9,19.4,,,,,,83.2,81.4,,2.83,2.83,,286.5,,16.85,15.37,1.0,1.0,2.0,6.0,131.0,0.0,0.0,,,6.0
Calvin Ridley,WR,Alabama,Alabama,2018,26,1,backtest,1994-12-20,23.0,76.7,71.69,87.0,42.3,48.4,,,,,5.12,60.0,0.0,72.0,189.0,,,,25.63,4.43,,31.0,110.0,15.0,6.88,4.41,,17.0,2.0,0.0,,,967.0,63.0,5.0,15.35,,,,26.8,22.0,,,332.0,,29.0,2.9,3.3,1.0,12.4,20.7,,,,,,77.9,79.2,,2.78,2.78,,281.5,,18.77,18.77,1.0,1.0,3.0,5.0,90.0,3.0,229.1,"O.J. Howard (Rd1 #19, 2017); ArDarius Stewart (Rd3 #79, 2017); Irv Smith Jr. (Rd2 #50, 2019)",,6.0
Courtland Sutton,WR,SMU,SMU,2018,40,2,backtest,1995-10-10,22.0,67.5,65.27,80.6,33.8,50.7,,,,,9.81,0.0,0.0,75.0,218.0,,,,27.25,4.54,,35.5,124.0,18.0,6.57,4.11,,2.0,1.0,1.0,,,1085.0,68.0,12.0,15.96,,,,31.3,22.0,,,487.0,,27.0,2.73,37.5,2.0,16.5,19.9,,,,,,78.0,77.9,,2.21,2.21,,240.3,,15.02,13.9,1.0,0.0,1.0,5.0,114.0,1.0,27.7,"Trey Quinn (Rd7 #256, 2018)",,6.0
Dante Pettis,WR,Washington,Washington,2018,44,2,backtest,1995-10-23,22.0,77.0,72.29,78.9,60.5,70.8,,,,,,80.0,0.0,72.0,186.0,,,,25.22,,,,,,,,,50.0,3.0,0.0,,,761.0,63.0,7.0,12.08,,,,31.6,21.0,,,348.0,,18.0,2.19,10.4,3.0,13.8,20.9,,,,,,81.4,80.5,,2.57,2.57,,103.5,,11.5,11.5,0.0,0.0,1.0,1.0,49.0,3.0,223.3,"John Ross (Rd1 #9, 2017); Will Dissly (Rd4 #120, 2018); Drew Sample (Rd2 #52, 2019)",,6.0
Christian Kirk,WR,Texas A&M,Texas A&M,2018,47,2,backtest,1996-11-18,21.0,88.9,81.08,78.0,92.3,88.4,,,,,6.23,100.0,100.0,70.0,201.0,,,,28.84,4.47,,35.5,115.0,20.0,7.09,4.45,,31.0,4.0,0.0,,,919.0,71.0,10.0,12.94,,,,36.8,20.0,,,449.0,,30.0,2.09,-4.7,1.0,12.2,18.8,,,,,,78.1,79.2,,2.3,2.3,,243.9,,14.35,12.85,1.0,1.0,3.0,6.0,104.0,3.0,167.3,"Josh Reynolds (Rd4 #117, 2017); Damion Ratley (Rd6 #175, 2018); Jace Sternberger (Rd3 #75, 2019)",,6.0
Anthony Miller,WR,Memphis,Memphis,2018,51,2,backtest,1994-10-09,23.0,61.4,61.43,76.3,29.9,44.9,,,,,9.27,0.0,0.0,71.0,201.0,,,,28.03,,,,,22.0,,,,25.0,10.0,0.0,,,1462.0,96.0,18.0,15.23,,,,39.9,23.0,,,488.0,,30.0,3.01,12.9,4.0,15.1,21.9,,,,,,86.2,88.6,,3.47,3.47,,127.5,,8.59,8.59,0.0,0.0,0.0,0.0,50.0,0.0,0.0,,,6.0
James Washington,WR,Oklahoma St.,Oklahoma St.,2018,60,2,backtest,1996-04-02,22.0,65.2,63.7,71.5,44.3,66.4,,,,,5.55,0.0,0.0,71.0,213.0,,,,29.7,4.54,,34.5,120.0,14.0,7.11,4.32,,12.0,3.0,1.0,,,1549.0,74.0,13.0,20.93,,,,32.9,21.0,,,503.0,,27.0,3.08,31.1,2.0,19.8,18.4,,,,,,85.7,86.7,,3.48,3.48,,133.5,,8.9,8.9,0.0,0.0,0.0,0.0,59.0,1.0,32.9,"Marcell Ateman (Rd7 #228, 2018)",,6.0
DJ Chark,WR,LSU,LSU,2018,61,2,backtest,1996-09-23,21.0,65.5,63.73,71.2,45.1,67.7,,,,,,0.0,0.0,75.0,199.0,,,,24.87,4.34,,40.0,129.0,16.0,,,,63.0,12.0,1.0,,,874.0,40.0,3.0,21.85,,,,25.3,21.0,,,300.0,,17.0,2.91,45.4,3.0,20.5,20.0,,,,,,76.8,80.1,,2.92,2.92,,225.8,,15.05,15.05,1.0,0.0,2.0,2.0,70.0,3.0,120.5,"Malachi Dupre (Rd7 #247, 2017); Russell Gage (Rd6 #194, 2018); Foster Moreau (Rd4 #137, 2019)",,6.0
Michael Gallup,WR,Colorado St.,Colorado St.,2018,81,3,backtest,1996-03-04,22.0,57.9,59.13,63.6,43.6,65.3,,,,,5.87,0.0,0.0,73.0,205.0,,,,27.04,4.51,,36.0,122.0,10.0,6.95,4.37,,0.0,0.0,0.0,,,1413.0,100.0,7.0,14.13,,,,30.7,21.0,,,459.0,,38.0,3.53,9.7,3.0,15.3,20.5,,,,,,91.3,91.5,,3.18,3.18,,212.7,,15.19,15.19,1.0,0.0,2.0,3.0,84.0,1.0,29.3,"Olabisi Johnson (Rd7 #247, 2019)",,6.0
Tre'Quan Smith,WR,Central Florida,Central Florida,2018,91,3,backtest,1996-01-07,22.0,57.4,58.21,60.1,46.9,70.3,,,,,6.85,0.0,0.0,,,,,,,,,,,,,,,23.0,5.0,1.0,,,1171.0,59.0,13.0,19.85,,,,30.7,21.0,,,424.0,,31.0,2.76,31.6,2.0,16.4,19.2,,,,,,83.7,81.0,,2.81,2.81,,103.1,,8.77,7.93,0.0,0.0,0.0,0.0,55.0,1.0,61.2,"Jordan Akins (Rd3 #98, 2018)",,6.0
Keke Coutee,WR,Texas Tech,Texas Tech,2018,103,4,backtest,1997-01-14,21.0,63.7,63.02,56.2,70.3,80.4,,,,,5.64,0.0,100.0,70.0,181.0,,,,25.97,4.43,,34.5,113.0,14.0,6.93,4.15,,15.0,5.0,0.0,,,1429.0,93.0,10.0,15.37,,,,30.8,20.0,,,541.0,,17.0,2.64,19.0,3.0,15.2,20.6,,,,,,83.3,85.8,,3.09,3.09,,89.0,,11.12,11.12,0.0,0.0,1.0,1.0,24.0,1.0,40.1,"Dylan Cantrell (Rd6 #191, 2018)",,6.0
Antonio Callaway,WR,Florida,Florida,2018,105,4,backtest,1997-01-09,21.0,62.0,61.71,55.3,67.1,75.6,,,,,6.2,0.0,100.0,71.0,200.0,,,,27.89,4.41,,34.0,121.0,,,,,0.0,0.0,0.0,,,721.0,54.0,3.0,13.35,,,,21.2,20.0,,,312.0,,23.0,1.76,29.3,1.0,15.7,18.7,,,,,,71.2,71.5,,2.17,2.17,,132.3,,8.27,8.27,0.0,0.0,0.0,0.0,23.0,0.0,0.0,,,6.0
DaeSean Hamilton,WR,Penn St.,Penn St.,2018,113,4,backtest,1995-03-10,23.0,40.9,49.73,52.3,31.8,47.7,,,,,8.09,0.0,0.0,73.0,203.0,,,,26.78,,,34.5,118.0,,6.84,4.15,,2.0,1.0,0.0,,,857.0,53.0,9.0,16.17,,,,25.4,22.0,,,458.0,,21.0,1.87,-1.4,2.0,13.3,19.5,,,,,,80.8,78.8,,2.02,2.02,,66.3,,8.29,8.29,0.0,0.0,0.0,0.0,32.0,2.0,143.0,"Chris Godwin (Rd3 #84, 2017); Mike Gesicki (Rd2 #42, 2018)",,6.0
Jaleel Scott,WR,New Mexico St.,New Mexico St.,2018,132,4,backtest,1995-02-23,23.0,36.3,46.76,47.3,32.5,48.8,,,,,7.6,0.0,0.0,77.0,218.0,,,,25.85,4.56,,34.5,124.0,16.0,7.2,4.4,,0.0,0.0,0.0,,,1079.0,76.0,9.0,14.2,,,,27.6,22.0,,,641.0,,19.0,1.69,21.7,4.0,13.8,22.5,,,,,,75.9,75.4,,1.86,1.86,,2.6,,,,0.0,0.0,,0.0,2.0,0.0,0.0,,,6.0
J'Mon Moore,WR,Missouri,Missouri,2018,133,4,backtest,1995-05-23,22.0,35.1,46.32,46.4,31.6,47.4,,,,,8.43,0.0,0.0,,,,,,,,,,,,,,,0.0,0.0,0.0,,,1082.0,65.0,10.0,16.65,,,,24.8,22.0,,,430.0,,19.0,2.52,16.5,3.0,15.7,20.3,,,,,,77.2,79.5,,2.85,2.85,,3.5,,,,0.0,0.0,,0.0,2.0,0.0,0.0,,,6.0
Justin Watson,WR,Pennsylvania,Pennsylvania,2018,144,5,backtest,1996-04-04,22.0,37.7,48.08,42.9,43.3,65.0,,,,,9.61,0.0,0.0,,,,,,,,,,,,,,,52.0,11.0,,,,,,,,,,,11.7,21.0,,,,,,4.03,,1.0,13.4,19.4,,,,,,,,,,,,89.0,,5.93,,0.0,0.0,,0.0,61.0,0.0,0.0,,,6.0
Daurice Fountain,WR,Northern Iowa,Northern Iowa,2018,159,5,backtest,1995-12-22,22.0,31.6,44.76,39.4,40.0,60.0,,,,,7.98,0.0,0.0,,,,,,,,,,,,,,,0.0,0.0,,,,,,,,,,,20.0,21.0,,,,,,2.31,,2.0,14.3,19.7,,,,,,,,,,,,4.3,,,,0.0,0.0,,0.0,2.0,0.0,0.0,,,6.0
Jordan Lasley,WR,UCLA,UCLA,2018,162,5,backtest,1996-11-13,21.0,47.8,53.18,38.3,69.6,79.4,,,,,4.47,0.0,100.0,73.0,203.0,,,,26.78,4.5,,34.5,112.0,8.0,,4.19,,-6.0,4.0,0.0,,,1264.0,69.0,9.0,18.32,,,,28.8,20.0,,,535.0,,16.0,2.36,30.0,4.0,16.8,21.8,,,,,,82.1,83.4,,3.15,3.15,,0.0,,,,0.0,0.0,,,0.0,1.0,28.1,"Caleb Wilson (Rd7 #254, 2019)",,6.0
Marquez Valdes-Scantling,WR,South Florida,South Florida,2018,174,5,backtest,1994-10-10,23.0,14.0,38.19,33.5,25.6,38.4,,,,,9.26,0.0,0.0,76.0,206.0,,,,25.07,4.37,,30.5,124.0,15.0,,,,108.0,8.0,1.0,,,879.0,53.0,6.0,16.58,,,,26.7,23.0,,,367.0,,15.0,2.4,19.9,5.0,15.4,22.9,,,,,,71.1,69.7,,2.31,2.31,,137.3,,9.81,9.81,0.0,0.0,0.0,0.0,110.0,1.0,44.4,"Rodney Adams (Rd5 #170, 2017)",,6.0
Damion Ratley,WR,Texas A&M,Texas A&M,2018,175,6,backtest,1995-04-16,23.0,25.6,41.8,32.8,38.1,47.1,,,,,9.02,40.0,0.0,,,,,,,,,,,,,,,0.0,0.0,0.0,,,694.0,30.0,6.0,23.13,,,,24.3,22.0,,,449.0,,10.0,1.55,54.0,5.0,19.6,22.4,,,,,,68.0,67.3,,1.91,1.91,,38.0,,4.22,4.22,0.0,0.0,0.0,0.0,19.0,3.0,200.2,"Josh Reynolds (Rd4 #117, 2017); Christian Kirk (Rd2 #47, 2018); Jace Sternberger (Rd3 #75, 2019)",,6.0
Deon Cain,WR,Clemson,Clemson,2018,185,6,backtest,1996-08-09,21.0,41.2,49.81,29.0,69.6,64.4,,,,,6.47,60.0,100.0,74.0,202.0,,,,25.93,4.43,,33.5,115.0,11.0,6.71,4.37,,0.0,0.0,0.0,,,734.0,58.0,6.0,12.66,,,,28.8,21.0,,,470.0,,18.0,1.57,34.8,3.0,15.7,21.1,,,,,,73.1,74.7,,2.07,2.07,,21.4,,1.95,1.95,0.0,0.0,0.0,0.0,11.0,4.0,233.1,"Mike Williams (Rd1 #7, 2017); Jordan Leggett (Rd5 #150, 2017); Ray-Ray McCloud (Rd6 #187, 2018); Hunter Renfrow (Rd5 #149, 2019)",,6.0
Ray-Ray McCloud,WR,Clemson,Clemson,2018,187,6,backtest,1996-10-15,21.0,40.6,49.64,27.0,70.0,80.0,,,,,3.71,0.0,100.0,69.0,190.0,,,,28.06,4.53,,34.5,113.0,13.0,,,,30.0,6.0,0.0,,,503.0,49.0,1.0,10.27,,,,10.6,20.0,,,470.0,,9.0,,-16.7,,9.7,,,,,,,62.1,62.2,,1.44,1.44,,142.5,,8.38,3.11,0.0,0.0,0.0,0.0,75.0,4.0,233.5,"Mike Williams (Rd1 #7, 2017); Jordan Leggett (Rd5 #150, 2017); Deon Cain (Rd6 #185, 2018); Hunter Renfrow (Rd5 #149, 2019)",,6.0
Dylan Cantrell,WR,Texas Tech,Texas Tech,2018,191,6,backtest,1994-06-29,23.0,8.5,34.07,25.4,20.0,30.0,,,,,9.86,0.0,0.0,75.0,226.0,,,,28.24,4.59,,38.5,130.0,18.0,6.56,4.03,,3.0,1.0,1.0,,,816.0,71.0,7.0,11.49,,,,19.4,23.0,,,541.0,,10.0,,-3.1,,11.9,,,,,,,71.1,72.2,,1.49,1.49,,0.0,,,,0.0,0.0,,,0.0,1.0,59.9,"Keke Coutee (Rd4 #103, 2018)",,6.0
Russell Gage,WR,LSU,LSU,2018,194,6,backtest,1996-01-22,22.0,21.8,40.65,24.4,43.3,65.0,,,,,8.0,0.0,0.0,,,,,,,,,,,,,,,232.0,28.0,1.0,,,285.0,21.0,3.0,13.57,,,,14.2,21.0,,,300.0,,8.0,0.95,-4.4,,13.3,,,,,,,67.9,68.6,,1.47,1.47,,181.1,,12.54,11.32,0.0,0.0,1.0,2.0,61.0,3.0,152.7,"Malachi Dupre (Rd7 #247, 2017); DJ Chark (Rd2 #61, 2018); Foster Moreau (Rd4 #137, 2019)",,6.0
Tremon Smith,WR,Central Arkansas,Central Arkansas,2018,196,6,backtest,,22.0,35.4,46.37,23.8,63.3,95.0,,,,,,0.0,0.0,,,,,,,,,,,,,,,0.0,0.0,,,,,,,,,,,30.0,19.0,,,,,,,,,,,,,,,,,,,,,,0.0,,,,0.0,0.0,,0.0,2.0,0.0,0.0,,,6.0
Equanimeous St. Brown,WR,Notre Dame,Notre Dame,2018,207,6,backtest,1996-09-30,21.0,27.9,42.95,19.1,57.0,60.5,,,,,9.85,0.0,100.0,77.0,214.0,,,,25.37,4.48,,,,20.0,,,,0.0,0.0,0.0,,,515.0,33.0,4.0,15.61,,,,21.1,21.0,,,351.0,,18.0,2.48,21.6,2.0,16.1,19.9,,,,,,71.1,69.6,,1.7,1.7,,62.7,,4.94,4.94,0.0,0.0,0.0,0.0,49.0,3.0,149.8,"Durham Smythe (Rd4 #123, 2018); Miles Boykin (Rd3 #93, 2019); Alizé Mack (Rd7 #231, 2019)",,6.0
Cedrick Wilson Jr.,WR,Boise St.,Boise St.,2018,208,6,backtest,1995-11-20,22.0,16.9,39.11,18.5,44.7,67.0,,,,,,0.0,0.0,74.0,197.0,,,,25.29,4.55,,37.0,121.0,9.0,6.89,4.23,,13.0,9.0,0.0,,,1511.0,83.0,7.0,18.2,,,,34.0,21.0,,,449.0,,35.0,3.37,34.2,3.0,19.0,20.8,,,,,,88.9,89.3,,3.45,3.45,,147.8,,10.56,5.16,0.0,0.0,0.0,1.0,63.0,0.0,0.0,,,6.0
Braxton Berrios,WR,Miami (FL),Miami (FL),2018,210,6,backtest,1995-10-06,22.0,14.3,38.23,17.3,42.7,49.0,,,,,5.68,60.0,0.0,69.0,184.0,,,,27.17,,,,,11.0,,,,9.0,1.0,0.0,,,670.0,54.0,9.0,12.41,,,,28.0,22.0,,,425.0,,10.0,1.57,-14.3,4.0,11.8,21.9,,,,,,71.8,71.2,,1.69,1.69,,121.1,,8.07,7.48,0.0,0.0,0.0,0.0,67.0,3.0,176.5,"David Njoku (Rd1 #29, 2017); Stacy Coley (Rd7 #219, 2017); Chris Herndon (Rd4 #107, 2018)",,6.0
Javon Wims,WR,Georgia,Georgia,2018,224,7,backtest,1994-09-11,23.0,7.4,33.37,13.1,32.7,34.1,,,,,5.44,60.0,0.0,75.0,215.0,,,,26.87,4.53,,33.5,113.0,,7.0,,,0.0,0.0,0.0,,,724.0,46.0,7.0,15.74,,,,28.2,23.0,,,305.0,,17.0,2.36,13.9,4.0,14.7,23.0,,,,,,79.9,78.2,,2.57,2.57,,42.6,,3.87,3.87,0.0,0.0,0.0,0.0,22.0,5.0,236.4,"Isaiah McKenzie (Rd5 #172, 2017); Mecole Hardman (Rd2 #56, 2019); Riley Ridley (Rd4 #126, 2019); Isaac Nauta (Rd7 #224, 2019); Terry Godwin (Rd7 #237, 2019)",,6.0
Marcell Ateman,WR,Oklahoma St.,Oklahoma St.,2018,228,7,backtest,1994-09-16,23.0,3.3,29.24,11.8,20.7,31.1,,,,,5.18,0.0,0.0,76.0,216.0,,,,26.29,4.62,,34.0,121.0,13.0,7.07,4.25,,0.0,0.0,0.0,,,1156.0,59.0,8.0,19.59,,,,22.2,23.0,,,503.0,,13.0,2.3,28.9,5.0,16.9,23.0,,,,,,89.3,87.9,,3.52,3.52,,36.4,,,,0.0,0.0,,0.0,10.0,1.0,72.0,"James Washington (Rd2 #60, 2018)",,6.0
Richie James,WR,Middle Tenn. St.,Middle Tenn. St.,2018,240,7,backtest,1995-09-05,22.0,5.6,31.44,6.8,33.3,50.0,,,,,5.99,0.0,0.0,70.0,183.0,,,,26.25,4.48,,35.5,122.0,6.0,6.87,4.16,,57.0,10.0,0.0,,,290.0,31.0,3.0,9.35,,,,11.0,22.0,,,473.0,,26.0,2.92,11.9,2.0,13.4,20.0,,,,,,66.7,66.6,,1.93,1.93,,138.5,,9.89,,0.0,0.0,,0.0,43.0,0.0,0.0,,,6.0
Auden Tate,WR,Florida St.,Florida St.,2018,253,7,backtest,1997-02-03,21.0,23.8,41.23,3.3,71.5,82.3,,,,,1.82,0.0,100.0,77.0,228.0,,,,27.03,4.68,,31.0,112.0,,,,,0.0,0.0,0.0,,,548.0,40.0,10.0,13.7,,,,34.6,20.0,,,345.0,,21.0,1.59,9.5,3.0,14.7,20.6,,,,,,75.7,75.2,,1.79,1.79,,101.5,,8.46,8.46,0.0,0.0,0.0,0.0,28.0,1.0,28.8,"Ryan Izzo (Rd7 #250, 2018)",,6.0
Austin Proehl,WR,North Carolina,North Carolina,2018,255,7,backtest,1995-10-11,22.0,2.7,28.52,2.6,30.0,45.0,,,,,3.62,0.0,0.0,,,,,,,,,,,,,,,0.0,0.0,0.0,,,337.0,21.0,1.0,16.05,,,,8.7,22.0,,,407.0,,8.0,1.3,12.0,,13.9,,,,,,,71.4,73.4,,2.32,2.32,,0.0,,,,0.0,0.0,,,0.0,2.0,108.8,"Mack Hollins (Rd4 #118, 2017); Ryan Switzer (Rd4 #133, 2017)",,6.0
Trey Quinn,WR,SMU,SMU,2018,256,7,backtest,1995-12-07,22.0,6.8,32.86,2.0,44.9,67.4,,,,,7.01,0.0,0.0,71.0,203.0,,,,28.31,4.55,,33.5,116.0,17.0,6.91,4.19,,0.0,1.0,0.0,,,1236.0,114.0,13.0,10.84,,,,34.7,21.0,,,487.0,,15.0,2.54,-22.0,4.0,11.1,21.8,,,,,,89.8,89.8,,2.62,2.62,,51.8,,4.32,4.32,0.0,0.0,0.0,0.0,14.0,1.0,78.8,"Courtland Sutton (Rd2 #40, 2018)",,6.0
Marquise Brown,WR,Oklahoma,Oklahoma,2019,25,1,backtest,1997-06-04,21.0,93.8,85.94,87.6,88.7,93.1,,,,,,60.0,100.0,69.0,166.0,,,,24.51,,,,,,,,,0.0,2.0,0.0,,,1318.0,75.0,10.0,17.57,,,,26.2,19.0,,,400.0,,24.0,3.29,11.5,2.0,18.3,21.3,,,,,,85.0,87.0,,3.56,3.56,,226.3,,14.14,14.14,1.0,0.0,3.0,5.0,89.0,2.0,152.9,"Mark Andrews (Rd3 #86, 2018); CeeDee Lamb (Rd1 #17, 2020)",,5.0
N'Keal Harry,WR,Arizona St.,Arizona St.,2019,32,1,backtest,1997-12-17,21.0,81.1,76.26,85.3,63.3,69.9,,,,,8.44,0.0,100.0,74.0,228.0,,,,29.27,4.53,,38.5,122.0,27.0,,,,10.0,7.0,1.0,,,1088.0,73.0,9.0,14.9,,,,40.5,21.0,,,395.0,,32.0,2.75,10.4,1.0,13.6,18.7,,,,,,86.0,87.3,,2.71,2.71,,30.4,,5.84,5.84,0.0,0.0,0.0,0.0,35.0,1.0,84.7,"Brandon Aiyuk (Rd1 #25, 2020)",,5.0
Deebo Samuel,WR,South Carolina,South Carolina,2019,36,2,backtest,1996-01-15,23.0,86.0,79.14,82.8,76.5,99.8,,,,,7.91,60.0,0.0,71.0,214.0,,,,29.84,4.48,,39.0,122.0,15.0,7.03,4.14,,26.0,8.0,0.0,,,882.0,62.0,11.0,14.23,,,,29.6,19.0,,,443.0,,17.0,1.99,15.1,3.0,14.0,20.6,,,,,,83.3,82.3,,2.46,2.46,,339.0,,21.18,21.18,1.0,1.0,2.0,6.0,96.0,2.0,150.5,"Hayden Hurst (Rd1 #25, 2018); Bryan Edwards (Rd3 #81, 2020)",,5.0
A.J. Brown,WR,Mississippi,Mississippi,2019,51,2,backtest,1997-06-30,21.0,81.7,76.43,76.3,79.9,94.9,,,,,8.59,0.0,100.0,72.0,226.0,,,,30.65,4.49,,36.5,120.0,19.0,,,,0.0,0.0,0.0,,,1355.0,85.0,6.0,15.94,,,,29.8,19.0,,,440.0,,25.0,2.99,14.8,2.0,15.8,20.2,,,,,,79.3,80.4,,3.01,3.01,,299.6,,17.68,17.68,1.0,1.0,3.0,7.0,105.0,2.0,132.5,"D.K. Metcalf (Rd2 #64, 2019); Dawson Knox (Rd3 #96, 2019)",,5.0
Mecole Hardman,WR,Georgia,Georgia,2019,56,2,backtest,1998-03-12,21.0,68.9,66.3,73.7,50.0,50.0,,,,,8.3,0.0,100.0,70.0,187.0,,,,26.83,4.33,,36.5,119.0,17.0,,,,36.0,5.0,0.0,,,532.0,34.0,7.0,15.65,,,,18.7,22.0,,,356.0,,11.0,1.51,17.7,,16.0,,,,,,,70.4,72.2,,2.41,2.41,,140.9,,11.72,8.29,0.0,0.0,0.0,1.0,71.0,5.0,193.0,"Javon Wims (Rd7 #224, 2018); Riley Ridley (Rd4 #126, 2019); Isaac Nauta (Rd7 #224, 2019); Terry Godwin (Rd7 #237, 2019); Charlie Woerner (Rd6 #190, 2020)",,5.0
JJ Arcega-Whiteside,WR,Stanford,Stanford,2019,57,2,backtest,1996-12-31,22.0,66.9,64.95,73.0,46.3,69.4,,,,,,0.0,0.0,74.0,225.0,,,,28.89,,,,,,,,,0.0,0.0,0.0,,,1040.0,62.0,14.0,16.77,,,,38.8,21.0,,,423.0,,29.0,2.29,31.4,2.0,16.4,19.7,,,,,,90.3,89.8,,3.03,3.03,,32.9,,4.11,4.11,0.0,0.0,0.0,0.0,16.0,3.0,147.5,"Dalton Schultz (Rd4 #137, 2018); Kaden Smith (Rd6 #176, 2019); Colby Parkinson (Rd4 #133, 2020)",,5.0
Parris Campbell,WR,Ohio St.,Ohio St.,2019,59,2,backtest,1997-07-16,21.0,74.4,69.71,72.1,63.6,95.4,,,,,9.76,0.0,0.0,72.0,205.0,,,,27.8,4.31,,40.0,135.0,11.0,,4.03,,102.0,10.0,1.0,,,983.0,88.0,11.0,11.17,,,,20.8,19.0,,,559.0,,13.0,1.77,1.4,5.0,12.4,21.1,,,,,,86.0,87.6,,3.47,3.47,,149.1,,8.77,,0.0,0.0,,0.0,44.0,2.0,101.6,"Terry McLaurin (Rd3 #76, 2019); K.J. Hill (Rd7 #220, 2020)",,5.0
Andy Isabella,WR,Massachusetts,Massachusetts,2019,62,2,backtest,1996-11-18,22.0,66.6,64.95,70.8,49.9,74.9,,,,,7.26,0.0,0.0,69.0,188.0,,,,27.76,4.31,,36.5,121.0,15.0,6.95,4.15,,79.0,11.0,1.0,,,1697.0,101.0,13.0,16.8,,,,47.8,21.0,,,411.0,,26.0,4.13,17.8,2.0,15.3,19.8,,,,,,93.2,93.8,,4.15,4.15,,54.8,,4.98,4.98,0.0,0.0,0.0,0.0,24.0,0.0,0.0,,,5.0
D.K. Metcalf,WR,Mississippi,Mississippi,2019,64,2,backtest,1997-12-14,21.0,64.6,63.54,70.1,46.7,45.0,,,,,,0.0,100.0,75.0,228.0,,,,28.49,4.33,,40.5,134.0,27.0,7.38,4.5,,0.0,0.0,0.0,,,569.0,26.0,5.0,21.88,,,,18.1,22.0,,,440.0,,12.0,1.49,27.2,,18.3,,,,,,,71.9,73.8,,2.83,2.83,,273.3,,17.08,17.08,1.0,1.0,3.0,7.0,112.0,2.0,136.7,"A.J. Brown (Rd2 #51, 2019); Dawson Knox (Rd3 #96, 2019)",,5.0
Diontae Johnson,WR,Toledo,Toledo,2019,66,3,backtest,1996-07-05,22.0,69.5,67.64,69.5,61.8,92.6,,,,,4.18,0.0,0.0,70.0,183.0,,,,26.25,4.53,,33.5,123.0,15.0,7.09,4.45,,17.0,2.0,0.0,,,761.0,49.0,8.0,15.53,,,,25.3,19.0,,,394.0,,23.0,3.02,17.9,3.0,16.6,20.8,,,,,,72.4,71.8,,2.3,2.3,,274.4,,17.15,17.15,1.0,1.0,3.0,5.0,88.0,0.0,0.0,,,5.0
Jalen Hurd,WR,Baylor,Baylor,2019,67,3,backtest,1996-01-23,23.0,71.2,68.06,69.2,63.9,95.8,,,,,8.21,0.0,0.0,77.0,226.0,,,,26.8,,,,,23.0,,,,209.0,48.0,3.0,,,946.0,69.0,4.0,13.71,,,,21.6,19.0,,,486.0,,11.0,2.31,7.7,5.0,13.7,22.6,,,,,,76.8,76.9,,2.1,2.1,,0.0,,,,0.0,0.0,,,0.0,1.0,72.3,"Denzel Mims (Rd2 #59, 2020)",,5.0
Terry McLaurin,WR,Ohio St.,Ohio St.,2019,76,3,backtest,1995-09-15,23.0,52.2,56.05,65.6,30.0,45.0,,,,,9.56,0.0,0.0,72.0,208.0,,,,28.21,4.35,,37.5,125.0,18.0,7.01,4.15,,0.0,0.0,0.0,,,701.0,35.0,11.0,20.03,,,,18.0,22.0,,,559.0,,11.0,1.19,36.5,,16.7,,,,,,,73.7,72.3,,2.19,2.19,,267.8,,15.75,14.92,1.0,1.0,3.0,7.0,107.0,2.0,106.7,"Parris Campbell (Rd2 #59, 2019); K.J. Hill (Rd7 #220, 2020)",,5.0
Miles Boykin,WR,Notre Dame,Notre Dame,2019,93,3,backtest,1996-10-12,22.0,55.6,57.81,59.1,46.8,50.2,,,,,9.94,80.0,0.0,76.0,220.0,,,,26.78,4.42,,43.5,140.0,12.0,6.77,4.07,,0.0,0.0,0.0,,,872.0,59.0,8.0,14.78,,,,30.5,22.0,,,418.0,,14.0,2.09,21.1,4.0,15.7,21.9,,,,,,79.0,77.7,,1.99,1.99,,69.6,,5.35,5.35,0.0,0.0,0.0,0.0,33.0,5.0,277.5,"Durham Smythe (Rd4 #123, 2018); Equanimeous St. Brown (Rd6 #207, 2018); Alizé Mack (Rd7 #231, 2019); Cole Kmet (Rd2 #43, 2020); Chase Claypool (Rd2 #49, 2020)",,5.0
Hakeem Butler,WR,Iowa St.,Iowa St.,2019,103,4,backtest,1997-02-04,22.0,47.5,52.92,56.2,36.6,54.9,,,,,9.47,0.0,0.0,77.0,227.0,,,,26.92,4.48,,36.0,128.0,18.0,,,,0.0,0.0,0.0,,,1318.0,60.0,9.0,21.97,,,,43.6,22.0,,,363.0,,23.0,3.65,53.7,3.0,19.5,21.3,,,,,,82.4,82.9,,3.27,3.27,,0.0,,,,0.0,0.0,,0.0,1.0,0.0,0.0,,,5.0
Gary Jennings Jr,WR,West Virginia,West Virginia,2019,120,4,backtest,1997-03-07,22.0,55.3,57.78,50.7,62.6,93.9,,,,,,0.0,0.0,73.0,214.0,,,,28.23,4.42,,37.0,127.0,20.0,7.32,4.15,,0.0,0.0,0.0,,,917.0,54.0,13.0,16.98,,,,27.9,19.0,,,445.0,,14.0,2.28,-1.7,3.0,13.7,20.5,,,,,,81.4,83.4,,2.69,2.69,,0.0,,,,0.0,0.0,,,0.0,1.0,55.5,"Trevon Wesco (Rd4 #121, 2019)",,5.0
Riley Ridley,WR,Georgia,Georgia,2019,126,4,backtest,1996-07-21,22.0,57.1,58.21,49.4,67.4,91.1,,,,,4.53,40.0,0.0,73.0,199.0,,,,26.25,4.58,,30.5,124.0,13.0,7.22,4.28,,0.0,0.0,0.0,,,570.0,44.0,9.0,12.95,,,,22.2,19.0,,,356.0,,13.0,1.39,13.0,,14.7,,,,,,,75.5,76.3,,1.81,1.81,,12.9,,,,0.0,0.0,,0.0,5.0,5.0,212.1,"Javon Wims (Rd7 #224, 2018); Mecole Hardman (Rd2 #56, 2019); Isaac Nauta (Rd7 #224, 2019); Terry Godwin (Rd7 #237, 2019); Charlie Woerner (Rd6 #190, 2020)",,5.0
Hunter Renfrow,WR,Clemson,Clemson,2019,149,5,backtest,1995-12-21,23.0,46.4,52.3,42.1,60.0,90.0,,,,,2.91,0.0,0.0,70.0,184.0,,,,26.4,4.59,,35.0,116.0,7.0,6.8,4.19,,0.0,0.0,0.0,,,544.0,49.0,1.0,11.1,,,,7.9,19.0,,,508.0,,13.0,1.28,-3.4,,11.5,,,,,,,71.9,72.7,,1.71,1.71,,259.1,,15.24,15.24,1.0,1.0,2.0,2.0,75.0,3.0,163.7,"Deon Cain (Rd6 #185, 2018); Ray-Ray McCloud (Rd6 #187, 2018); Tee Higgins (Rd2 #33, 2020)",,5.0
Darius Slayton,WR,Auburn,Auburn,2019,171,5,backtest,1997-01-12,22.0,20.7,40.3,35.0,31.1,46.7,,,,,8.91,0.0,0.0,73.0,190.0,,,,25.06,4.39,,40.5,135.0,11.0,7.0,4.15,,0.0,0.0,0.0,,,670.0,35.0,5.0,19.14,,,,23.3,22.0,,,382.0,,19.0,1.76,61.7,3.0,20.3,20.7,,,,,,64.4,64.2,,1.82,1.82,,170.0,,12.14,12.14,0.0,0.0,1.0,1.0,103.0,0.0,0.0,,,5.0
KeeSean Johnson,WR,Fresno St.,Fresno St.,2019,174,6,backtest,1996-10-09,22.0,41.5,49.83,33.5,64.4,96.6,,,,,3.18,0.0,0.0,73.0,201.0,,,,26.52,4.6,,30.0,117.0,14.0,7.28,4.23,,14.0,4.0,0.0,,,1340.0,95.0,8.0,14.11,,,,33.1,19.0,,,440.0,,29.0,3.05,5.8,3.0,12.7,19.9,,,,,,83.8,84.9,,3.06,3.06,,46.0,,4.6,4.6,0.0,0.0,0.0,0.0,18.0,0.0,0.0,,,5.0
Travis Fulgham,WR,Old Dominion,Old Dominion,2019,184,6,backtest,1995-09-13,23.0,38.0,48.73,29.9,65.5,98.3,,,,,8.01,0.0,0.0,74.0,215.0,,,,27.6,4.58,,36.5,126.0,15.0,,,,0.0,0.0,0.0,,,1083.0,63.0,9.0,17.19,,,,36.6,19.0,,,479.0,,18.0,2.26,34.1,5.0,16.0,21.0,,,,,,80.1,79.3,,2.2,2.2,,115.9,,9.66,9.66,0.0,0.0,0.0,0.0,14.0,0.0,0.0,,,5.0
Juwann Winfree,WR,Colorado,Colorado,2019,187,6,backtest,1996-09-04,22.0,13.1,37.64,27.0,30.0,45.0,,,,,7.14,0.0,0.0,,,,,,,,,,,,,,,0.0,0.0,0.0,,,324.0,28.0,2.0,11.57,,,,10.7,22.0,,,419.0,,9.0,0.79,11.7,,13.5,,,,,,,67.7,65.9,,1.22,1.22,,11.8,,,,0.0,0.0,,0.0,9.0,1.0,78.0,"Laviska Shenault Jr. (Rd2 #42, 2020)",,5.0
Marcus Green,WR,La-Monroe,La-Monroe,2019,203,6,backtest,1996-08-13,22.0,33.7,45.6,21.7,64.0,96.0,,,,,7.22,0.0,0.0,,,,,,,,,,,,,,,189.0,19.0,1.0,,,,50.0,,,,,,22.1,19.0,,,,,25.0,,9.6,2.0,13.4,19.1,,,,,,71.4,71.9,,2.84,2.84,,0.0,,,,0.0,0.0,,,0.0,0.0,0.0,,,5.0
Kelvin Harmon,WR,North Carolina St.,North Carolina St.,2019,206,6,backtest,1996-12-15,22.0,16.0,38.87,19.8,43.0,64.4,,,,,4.88,0.0,0.0,74.0,221.0,,,,28.37,4.6,,32.5,117.0,18.0,7.15,4.32,,0.0,0.0,0.0,,,1086.0,74.0,6.0,14.68,,,,28.9,21.0,,,453.0,,24.0,2.39,24.7,2.0,15.1,20.7,,,,,,83.5,84.4,,2.83,2.83,,66.9,,5.15,5.15,0.0,0.0,0.0,0.0,13.0,1.0,45.5,"Jaylen Samuels (Rd5 #165, 2018)",,5.0
Scott Miller,WR,Bowling Green,Bowling Green,2019,208,6,backtest,1997-07-31,21.0,32.8,45.22,18.5,65.1,97.6,,,,,7.76,0.0,0.0,,,,,,,,,,,,,,,16.0,4.0,0.0,,,1106.0,70.0,9.0,15.8,,,,35.2,19.0,,,405.0,,25.0,2.84,10.1,2.0,13.3,19.1,,,,,,82.7,83.9,,3.06,3.06,,102.5,,7.32,7.32,0.0,0.0,0.0,0.0,57.0,0.0,0.0,,,5.0
John Ursua,WR,Hawaii,Hawaii,2019,236,7,backtest,1994-01-17,25.0,6.5,32.37,8.8,34.7,52.0,,,,,6.44,0.0,0.0,,,,,,,,,,,,,,,4.0,2.0,1.0,,,1343.0,89.0,16.0,15.09,,,,34.1,22.0,,,545.0,,25.0,,15.0,6.0,14.1,23.6,,,,,,71.5,71.7,,2.33,2.33,,2.1,,,,0.0,0.0,,0.0,1.0,0.0,0.0,,,5.0
Terry Godwin,WR,Georgia,Georgia,2019,237,7,backtest,1996-10-23,22.0,18.1,39.83,8.4,60.0,90.0,,,,,5.26,0.0,0.0,71.0,184.0,,,,25.66,4.55,,36.5,117.0,,6.96,,,0.0,0.0,0.0,,,373.0,22.0,3.0,16.95,,,,10.3,19.0,,,356.0,,16.0,2.1,5.0,3.0,13.4,20.9,,,,,,73.8,72.0,,2.26,2.26,,6.5,,,,0.0,0.0,,0.0,2.0,5.0,235.1,"Javon Wims (Rd7 #224, 2018); Mecole Hardman (Rd2 #56, 2019); Riley Ridley (Rd4 #126, 2019); Isaac Nauta (Rd7 #224, 2019); Charlie Woerner (Rd6 #190, 2020)",,5.0
Dillon Mitchell,WR,Oregon,Oregon,2019,239,7,backtest,1997-05-16,21.0,34.5,46.12,7.2,81.8,97.7,,,,,7.96,0.0,100.0,73.0,197.0,,,,25.99,4.46,,36.5,122.0,12.0,,4.29,,5.0,1.0,0.0,,,1184.0,75.0,10.0,15.79,,,,35.5,19.0,,,418.0,,19.0,2.67,13.5,2.0,14.4,20.3,,,,,,80.8,82.5,,2.9,2.9,,0.0,,,,0.0,0.0,,,0.0,0.0,0.0,,,5.0
Olabisi Johnson,WR,Colorado St.,Colorado St.,2019,247,7,backtest,1996-12-27,22.0,14.9,38.54,4.6,60.0,90.0,,,,,,0.0,0.0,72.0,204.0,,,,27.66,4.51,,38.0,124.0,14.0,6.88,4.16,,0.0,0.0,0.0,,,796.0,54.0,4.0,14.74,,,,18.5,19.0,,,502.0,,13.0,1.7,22.8,4.0,16.2,21.5,,,,,,74.8,75.8,,1.99,1.99,,79.0,,6.08,6.08,0.0,0.0,0.0,0.0,21.0,1.0,65.8,"Michael Gallup (Rd3 #81, 2018)",,5.0
Henry Ruggs III,WR,Alabama,Alabama,2020,12,1,backtest,1999-01-24,21.0,81.9,76.48,94.2,42.1,38.2,,,,,9.54,0.0,100.0,71.0,188.0,,,,26.22,4.27,,42.0,131.0,,,,,75.0,2.0,1.0,,,746.0,40.0,,18.65,,,,18.2,,,,406.0,,15.0,1.84,15.7,,17.5,,,,,,,75.0,75.1,,2.45,2.45,,84.5,,6.47,6.47,0.0,0.0,0.0,0.0,20.0,4.0,352.3,"Irv Smith Jr. (Rd2 #50, 2019); Jerry Jeudy (Rd1 #15, 2020); Jaylen Waddle (Rd1 #6, 2021); DeVonta Smith (Rd1 #10, 2021)",,4.0
Jerry Jeudy,WR,Alabama,Alabama,2020,15,1,backtest,1999-04-24,21.0,96.4,90.37,93.4,92.3,93.5,,,,,6.76,80.0,100.0,73.0,193.0,,,,25.46,4.45,,35.0,120.0,,,4.53,,1.0,1.0,0.0,,,1163.0,77.0,,15.1,,,,27.0,19.0,,,406.0,,20.0,3.0,13.7,2.0,17.2,19.4,,,,,,85.6,86.8,,3.3,3.3,,240.9,,14.17,13.61,1.0,1.0,1.0,2.0,91.0,4.0,354.0,"Irv Smith Jr. (Rd2 #50, 2019); Henry Ruggs III (Rd1 #12, 2020); Jaylen Waddle (Rd1 #6, 2021); DeVonta Smith (Rd1 #10, 2021)",,4.0
CeeDee Lamb,WR,Oklahoma,Oklahoma,2020,17,1,backtest,1999-04-08,21.0,94.4,86.93,92.6,83.3,99.9,,,,,7.44,0.0,100.0,74.0,198.0,,,,25.42,4.5,,34.5,124.0,11.0,,,,20.0,9.0,1.0,,,1327.0,62.0,,21.4,,,,38.1,19.0,,,381.0,,25.0,3.48,16.8,2.0,19.0,19.4,,,,,,90.0,90.3,,3.99,3.99,,405.2,,23.84,17.74,1.0,1.0,3.0,6.0,94.0,1.0,84.7,"Marquise Brown (Rd1 #25, 2019)",,4.0
Jalen Reagor,WR,TCU,TCU,2020,21,1,backtest,1999-01-02,21.0,93.1,85.57,90.6,83.3,99.9,,,,,6.03,0.0,100.0,71.0,206.0,,,,28.73,4.47,,42.0,138.0,17.0,7.31,4.46,,89.0,14.0,0.0,,,611.0,43.0,,14.21,,,,44.2,18.0,,,394.0,,29.0,2.6,29.7,2.0,15.2,19.7,,,,,,69.2,67.1,,1.49,1.49,,87.2,,7.93,7.93,0.0,0.0,0.0,0.0,54.0,0.0,0.0,,,4.0
Justin Jefferson,WR,LSU,LSU,2020,22,1,backtest,1999-06-16,20.0,95.5,88.5,89.7,94.1,96.2,,,,,9.69,80.0,100.0,73.0,202.0,,,,26.65,4.43,,37.5,126.0,,,,,0.0,0.0,0.0,,,1540.0,111.0,,13.87,,,,32.4,19.0,,,567.0,,19.0,2.72,5.7,2.0,14.6,19.6,,,,,,85.4,86.7,,2.64,2.64,,368.7,,21.69,21.69,1.0,1.0,3.0,6.0,94.0,5.0,285.8,"Foster Moreau (Rd4 #137, 2019); Stephen Sullivan (Rd7 #251, 2020); Ja'Marr Chase (Rd1 #5, 2021); Terrace Marshall Jr. (Rd2 #59, 2021); Racey McMath (Rd6 #205, 2021)",,4.0
Brandon Aiyuk,WR,Arizona St.,Arizona St.,2020,25,1,backtest,1998-03-17,22.0,78.8,73.3,87.6,46.6,69.9,,,,,8.47,0.0,0.0,72.0,205.0,,,,27.8,4.5,,40.0,128.0,11.0,,,,6.0,1.0,0.0,,,1192.0,65.0,,18.34,,,,40.6,21.0,,,383.0,,26.0,3.11,30.3,4.0,17.0,21.5,,,,,,77.8,79.2,,3.04,3.04,,249.2,,15.58,15.38,1.0,0.0,3.0,4.0,68.0,2.0,122.7,"N'Keal Harry (Rd1 #32, 2019); Frank Darby (Rd6 #187, 2021)",,4.0
Tee Higgins,WR,Clemson,Clemson,2020,33,2,backtest,1999-01-18,21.0,92.4,84.97,84.7,93.2,99.9,,,,,4.12,60.0,100.0,76.0,216.0,,,,26.29,,,,,,,,,36.0,1.0,1.0,,,1167.0,59.0,,19.78,,,,29.7,19.0,,,509.0,,21.0,2.29,47.9,2.0,18.1,18.6,,,,,,90.5,89.8,,3.67,3.67,,222.1,,18.51,15.78,1.0,0.0,3.0,6.0,82.0,3.0,155.8,"Hunter Renfrow (Rd5 #149, 2019); Amari Rodgers (Rd3 #85, 2021); Cornell Powell (Rd5 #181, 2021)",,4.0
Michael Pittman Jr.,WR,USC,USC,2020,34,2,backtest,1997-10-05,22.0,78.5,72.76,83.7,53.4,80.2,,,,,8.27,0.0,0.0,76.0,223.0,,,,27.14,4.52,,36.5,121.0,13.0,6.96,4.14,,0.0,0.0,0.0,,,1275.0,101.0,,12.62,,,,30.3,20.0,,,514.0,,17.0,2.48,17.4,3.0,14.7,20.9,,,,,,81.2,80.4,,2.32,2.32,,252.2,,15.76,14.04,1.0,0.0,2.0,5.0,95.0,1.0,57.7,"Amon-Ra St. Brown (Rd4 #112, 2021)",,4.0
Laviska Shenault Jr.,WR,Colorado,Colorado,2020,42,2,backtest,1998-10-05,21.0,86.6,79.61,79.6,83.3,99.9,,,,,6.97,0.0,100.0,73.0,227.0,,,,29.95,4.58,,,,17.0,,,,161.0,23.0,2.0,,,764.0,56.0,,13.64,,,,32.7,19.0,,,411.0,,21.0,2.41,11.7,2.0,13.0,19.9,,,,,,86.3,84.6,,2.98,2.98,,157.1,,11.22,11.22,0.0,0.0,1.0,1.0,57.0,1.0,40.9,"Juwann Winfree (Rd6 #187, 2019)",,4.0
KJ Hamler,WR,Penn St.,Penn St.,2020,46,2,backtest,1999-07-08,20.0,85.1,78.62,78.5,83.3,99.9,,,,,,0.0,100.0,69.0,178.0,,,,26.28,,,,,15.0,,,,43.0,13.0,0.0,,,904.0,56.0,,16.14,,,,31.7,19.0,,,369.0,,29.0,2.45,25.0,2.0,16.9,19.2,,,,,,72.5,71.6,,2.48,2.48,,90.1,,7.51,7.51,0.0,0.0,0.0,0.0,21.0,1.0,73.6,"Pat Freiermuth (Rd2 #55, 2021)",,4.0
Chase Claypool,WR,Notre Dame,Notre Dame,2020,49,2,backtest,1998-07-07,21.0,80.2,75.26,77.5,74.5,66.7,,,,,9.98,80.0,100.0,76.0,238.0,,,,28.97,4.42,,40.5,126.0,19.0,,,,0.0,0.0,0.0,,,1037.0,66.0,,15.71,,,,33.4,21.0,,,416.0,,17.0,2.49,13.1,4.0,14.4,21.2,,,,,,83.3,82.3,,2.48,2.48,,214.9,,13.43,13.43,1.0,0.0,2.0,2.0,53.0,5.0,266.7,"Miles Boykin (Rd3 #93, 2019); Alizé Mack (Rd7 #231, 2019); Cole Kmet (Rd2 #43, 2020); Tommy Tremble (Rd3 #83, 2021); Ben Skowronek (Rd7 #249, 2021)",,4.0
Van Jefferson,WR,Florida,Florida,2020,57,2,backtest,1996-07-26,23.0,56.5,58.04,73.0,23.2,34.8,,,,,,0.0,0.0,73.0,200.0,,,,26.38,,,,,,,,,7.0,1.0,0.0,,,657.0,49.0,,13.41,,,,19.8,,,,467.0,,15.0,1.41,-5.9,,12.3,,,,,,,70.4,71.1,,2.0,2.0,,168.2,,9.89,9.89,0.0,0.0,0.0,0.0,83.0,4.0,247.7,"Freddie Swain (Rd6 #214, 2020); Tyrie Cleveland (Rd7 #252, 2020); Kyle Pitts (Rd1 #4, 2021); Kadarius Toney (Rd1 #20, 2021)",,4.0
Denzel Mims,WR,Baylor,Baylor,2020,59,2,backtest,1997-10-10,22.0,75.3,70.56,72.1,66.4,99.6,,,,,9.77,0.0,0.0,75.0,207.0,,,,25.87,4.38,,38.5,131.0,16.0,6.66,4.43,,0.0,0.0,0.0,,,1020.0,66.0,,15.45,,,,39.3,19.0,,,444.0,,22.0,2.35,22.5,2.0,15.7,19.9,,,,,,81.9,82.8,,2.36,2.36,,60.7,,6.74,6.74,0.0,0.0,0.0,0.0,28.0,1.0,69.9,"Jalen Hurd (Rd3 #67, 2019)",,4.0
Lynn Bowden Jr.,WR,Kentucky,Kentucky,2020,80,3,backtest,1997-10-14,22.0,66.0,63.96,64.2,59.0,88.5,,,,,,0.0,0.0,71.0,204.0,,,,28.45,,,,,13.0,,,,1468.0,185.0,13.0,,,348.0,30.0,,11.6,,,,37.0,20.0,,,257.0,,21.0,2.52,-2.1,2.0,11.4,20.9,,,,,,73.0,63.7,,1.99,1.99,,53.6,,5.95,5.95,0.0,0.0,0.0,0.0,17.0,0.0,0.0,,,4.0
Bryan Edwards,WR,South Carolina,South Carolina,2020,81,3,backtest,1998-11-13,21.0,75.9,71.04,63.6,83.3,99.9,,,,,,0.0,100.0,75.0,212.0,,,,26.5,,,,,,,,,22.0,2.0,0.0,,,816.0,71.0,,11.49,,,,48.4,18.0,,,,,27.0,2.0,14.2,1.0,13.0,17.8,,,,,,77.9,79.1,,2.58,2.58,,109.1,,6.82,6.82,0.0,0.0,0.0,0.0,29.0,2.0,117.8,"Deebo Samuel (Rd2 #36, 2019); Shi Smith (Rd6 #204, 2021)",,4.0
Devin Duvernay,WR,Texas,Texas,2020,92,3,backtest,1997-09-12,22.0,56.8,58.2,59.5,47.5,71.2,,,,,7.86,0.0,0.0,70.0,200.0,,,,28.69,4.39,,35.5,123.0,,7.13,4.2,,24.0,10.0,1.0,,,1386.0,105.0,,13.2,,,,32.5,21.0,,,470.0,,17.0,2.95,17.2,4.0,14.0,22.0,,,,,,89.4,89.5,,3.0,3.0,,116.1,,8.29,8.29,0.0,0.0,0.0,0.0,62.0,1.0,45.5,"Collin Johnson (Rd5 #165, 2020)",,4.0
Gabriel Davis,WR,Central Florida,Central Florida,2020,128,4,backtest,1999-04-01,21.0,62.3,62.09,48.8,81.4,97.2,,,,,6.85,0.0,100.0,74.0,216.0,,,,27.73,4.54,,35.0,124.0,14.0,7.08,4.59,,0.0,0.0,0.0,,,1241.0,72.0,,17.24,,,,34.3,19.0,,,457.0,,21.0,2.72,6.8,2.0,16.1,20.4,,,,,,79.4,80.1,,2.95,2.95,,171.6,,11.44,11.44,0.0,0.0,1.0,2.0,77.0,2.0,81.1,"Jacob Harris (Rd4 #141, 2021); Tre Nixon (Rd7 #242, 2021)",,4.0
Antonio Gandy-Golden,WR,Liberty,Liberty,2020,142,4,backtest,1998-04-11,22.0,47.0,52.37,43.4,56.6,84.9,,,,,6.13,0.0,0.0,76.0,223.0,,,,27.14,4.6,,36.0,127.0,22.0,7.33,4.55,,0.0,0.0,,,,1396.0,,,,,,,40.3,20.0,,,452.0,,36.0,3.09,18.3,3.0,16.2,19.4,,,,,,,,,,,,3.5,,,,0.0,0.0,,0.0,4.0,0.0,0.0,,,4.0
Joe Reed,WR,Virginia,Virginia,2020,151,5,backtest,1998-01-04,22.0,42.9,50.61,41.5,55.4,83.1,,,,,9.35,0.0,0.0,72.0,224.0,,,,30.38,4.47,,38.0,123.0,21.0,,,,42.0,8.0,0.0,,,679.0,78.0,,8.71,,,,26.2,20.0,,,520.0,,12.0,1.31,1.2,4.0,11.4,20.7,,,,,,71.4,72.0,,1.54,1.54,,8.9,,,,0.0,0.0,,0.0,3.0,0.0,0.0,,,4.0
Tyler Johnson,WR,Minnesota,Minnesota,2020,161,5,backtest,1998-08-25,21.0,54.8,57.44,38.9,83.3,99.9,,,,,,0.0,100.0,73.0,206.0,,,,27.18,,,,,,,,,-1.0,1.0,0.0,,,1318.0,87.0,,15.15,,,,61.3,19.0,,,323.0,,36.0,4.08,9.9,2.0,15.5,19.0,,,,,,91.5,92.2,,3.64,3.64,,72.0,,5.55,4.8,0.0,0.0,0.0,0.0,46.0,1.0,83.9,"Rashod Bateman (Rd1 #27, 2021)",,4.0
Collin Johnson,WR,Texas,Texas,2020,165,5,backtest,1997-09-23,22.0,37.1,47.48,37.0,52.1,78.1,,,,,,0.0,0.0,78.0,222.0,,,,25.65,,,,,17.0,,,,15.0,4.0,0.0,,,559.0,38.0,,14.71,,,,26.2,20.0,,,470.0,,18.0,2.07,17.2,2.0,14.0,20.0,,,,,,78.1,76.4,,2.06,2.06,,59.2,,5.92,5.92,0.0,0.0,0.0,0.0,20.0,1.0,62.8,"Devin Duvernay (Rd3 #92, 2020)",,4.0
Quintez Cephus,WR,Wisconsin,Wisconsin,2020,166,5,backtest,1998-04-01,22.0,44.9,51.26,36.4,65.2,97.8,,,,,4.5,0.0,0.0,73.0,202.0,,,,26.65,4.73,,38.5,124.0,23.0,7.2,4.33,,0.0,0.0,0.0,,,901.0,59.0,,15.27,,,,35.5,19.0,,,351.0,,19.0,2.57,32.2,4.0,16.1,22.4,,,,,,82.5,84.1,,3.1,3.1,,66.9,,6.08,6.08,0.0,0.0,0.0,0.0,17.0,0.0,0.0,,,4.0
John Hightower,WR,Boise St.,Boise St.,2020,168,5,backtest,1996-05-31,23.0,16.6,38.99,36.0,25.3,37.9,,,,,8.02,0.0,0.0,73.0,189.0,,,,24.93,4.43,,38.5,122.0,,7.07,4.21,,139.0,15.0,0.0,,,943.0,51.0,,18.49,,,,25.8,23.0,,,,,20.0,2.03,40.8,5.0,17.6,22.3,,,,,,73.4,73.2,,2.48,2.48,,28.8,,2.88,2.88,0.0,0.0,0.0,0.0,10.0,1.0,54.7,"John Bates (Rd4 #124, 2021)",,4.0
Isaiah Coulter,WR,Rhode Island,Rhode Island,2020,171,5,backtest,1998-09-18,21.0,25.9,41.8,35.0,36.1,29.2,,,,,6.68,0.0,100.0,74.0,198.0,,,,25.42,4.45,,36.0,121.0,,7.28,4.62,,0.0,0.0,,,,205.0,,,,,,,14.2,,,,,,,2.06,,3.0,14.4,20.8,,,,,,,,,,,,0.0,,,,0.0,0.0,,0.0,1.0,0.0,0.0,,,4.0
Darnell Mooney,WR,Tulane,Tulane,2020,173,5,backtest,1997-10-29,22.0,43.2,50.65,34.0,66.6,99.9,,,,,7.04,0.0,0.0,70.0,176.0,,,,25.25,4.38,,37.0,124.0,9.0,,,,0.0,0.0,0.0,,,713.0,47.0,,15.17,,,,47.5,19.0,,,336.0,,30.0,3.31,19.2,2.0,16.7,18.9,,,,,,72.5,70.8,,1.98,1.98,,219.7,,12.92,12.92,1.0,0.0,1.0,2.0,89.0,0.0,0.0,,,4.0
K.J. Osborn,WR,Miami (FL),Miami (FL),2020,176,5,backtest,1997-06-10,22.0,11.7,36.77,32.2,21.8,32.7,,,,,8.0,0.0,0.0,71.0,203.0,,,,28.31,4.48,,37.5,123.0,18.0,7.0,4.35,,15.0,5.0,0.0,,,547.0,50.0,,10.94,,,,17.7,,,,437.0,,16.0,2.13,1.5,4.0,14.0,21.2,,,,,,64.5,64.4,,1.31,1.31,,158.5,,9.32,9.32,0.0,0.0,0.0,0.0,55.0,1.0,49.4,"Brevin Jordan (Rd5 #147, 2021)",,4.0
Donovan Peoples-Jones,WR,Michigan,Michigan,2020,187,6,backtest,1999-02-19,21.0,46.7,52.36,27.0,79.1,93.6,,,,,9.63,0.0,100.0,74.0,212.0,,,,27.22,4.48,,44.5,139.0,,,,,-7.0,2.0,0.0,,,438.0,33.0,,13.27,,,,27.2,19.0,,,410.0,,16.0,1.76,-1.1,2.0,12.9,19.5,,,,,,70.0,70.2,,1.73,1.73,,167.1,,9.83,9.83,0.0,0.0,0.0,0.0,49.0,2.0,114.4,"Zach Gentry (Rd5 #141, 2019); Nico Collins (Rd3 #89, 2021)",,4.0
Quez Watkins,WR,Southern Miss,Southern Miss,2020,200,6,backtest,1998-06-09,21.0,39.2,48.78,23.0,73.2,84.8,,,,,7.4,0.0,100.0,72.0,185.0,,,,25.09,4.35,,36.5,125.0,,7.28,4.36,,0.0,0.0,0.0,,,1178.0,63.0,,18.7,,,,39.7,20.0,,,438.0,,25.0,2.69,26.6,3.0,15.1,21.2,,,,,,75.7,76.1,,3.03,3.03,,116.0,,6.82,6.82,0.0,0.0,0.0,0.0,42.0,0.0,0.0,,,4.0
James Proche,WR,SMU,SMU,2020,201,6,backtest,1996-09-20,23.0,22.1,40.65,22.5,46.6,69.9,,,,,4.04,0.0,0.0,71.0,201.0,,,,28.03,,,34.5,,20.0,7.27,4.4,,18.0,4.0,0.0,,,1225.0,110.0,,11.14,,,,39.9,21.0,,,503.0,,29.0,2.56,2.3,2.0,13.1,20.0,,,,,,86.3,87.6,,2.54,2.54,,36.2,,,,0.0,0.0,,0.0,27.0,1.0,54.0,"Kylen Granson (Rd4 #127, 2021)",,4.0
Isaiah Hodgins,WR,Oregon St.,Oregon St.,2020,207,6,backtest,1998-10-21,21.0,43.8,50.82,19.1,83.3,99.9,,,,,7.56,0.0,100.0,76.0,210.0,,,,25.56,4.61,,36.5,124.0,9.0,7.01,4.12,,0.0,0.0,0.0,,,1171.0,86.0,,13.62,,,,40.8,19.0,,,420.0,,27.0,2.79,15.2,2.0,13.2,19.9,,,,,,90.1,89.8,,2.67,2.67,,100.2,,11.13,11.13,0.0,0.0,1.0,1.0,31.0,0.0,0.0,,,4.0
Dezmon Patmon,WR,Washington St.,Washington St.,2020,212,6,backtest,1998-08-06,21.0,10.5,36.1,16.9,36.5,29.7,,,,,8.46,0.0,100.0,76.0,225.0,,,,27.38,4.48,,36.0,132.0,15.0,7.28,4.38,,0.0,0.0,0.0,,,762.0,59.0,,12.92,,,,14.7,,,,710.0,,9.0,1.21,22.0,,12.7,,,,,,,72.7,72.6,,2.18,2.18,,10.1,,,,0.0,0.0,,0.0,5.0,0.0,0.0,,,4.0
Freddie Swain,WR,Florida,Florida,2020,214,6,backtest,1998-08-04,21.0,12.9,37.61,16.0,42.4,38.6,,,,,8.29,0.0,100.0,72.0,197.0,,,,26.72,4.46,,36.5,124.0,16.0,7.05,4.26,,27.0,4.0,0.0,,,517.0,38.0,,13.61,,,,18.6,,,,467.0,,9.0,1.11,16.7,,14.6,,,,,,,76.8,76.3,,2.33,2.33,,86.5,,5.41,5.41,0.0,0.0,0.0,0.0,31.0,4.0,285.1,"Van Jefferson (Rd2 #57, 2020); Tyrie Cleveland (Rd7 #252, 2020); Kyle Pitts (Rd1 #4, 2021); Kadarius Toney (Rd1 #20, 2021)",,4.0
Jauan Jennings,WR,Tennessee,Tennessee,2020,217,7,backtest,1997-07-10,22.0,11.1,36.27,15.5,39.3,58.9,,,,,2.7,0.0,0.0,75.0,215.0,,,,26.87,4.72,,29.0,119.0,,,,,51.0,13.0,1.0,,,969.0,59.0,,16.42,,,,37.9,22.0,,,360.0,,16.0,2.69,12.3,5.0,14.7,21.2,,,,,,88.9,89.4,,3.09,3.09,,210.5,,14.03,6.32,1.0,0.0,0.0,2.0,71.0,1.0,66.9,"Josh Palmer (Rd3 #77, 2021)",,4.0
K.J. Hill,WR,Ohio St.,Ohio St.,2020,220,7,backtest,1997-09-15,22.0,5.0,30.89,14.2,22.7,34.0,,,,,3.89,0.0,0.0,72.0,196.0,,,,26.58,4.6,,32.5,114.0,17.0,,,,1.0,1.0,0.0,,,636.0,57.0,,11.16,,,,19.0,,,,406.0,,14.0,1.58,-7.4,,11.6,,,,,,,72.0,72.6,,1.77,1.77,,14.3,,,,0.0,0.0,,0.0,6.0,3.0,189.4,"Parris Campbell (Rd2 #59, 2019); Terry McLaurin (Rd3 #76, 2019); Luke Farrell (Rd5 #145, 2021)",,4.0
Tyrie Cleveland,WR,Florida,Florida,2020,252,7,backtest,1997-09-20,22.0,18.9,39.94,3.9,66.8,90.2,,,,,9.65,40.0,0.0,74.0,209.0,,,,26.83,4.46,,39.5,126.0,13.0,,,,0.0,0.0,0.0,,,351.0,25.0,,14.04,,,,20.4,19.0,,,467.0,,,,,,,,,,,,,64.3,64.4,,1.83,1.83,,12.3,,,,0.0,0.0,,0.0,9.0,4.0,292.3,"Van Jefferson (Rd2 #57, 2020); Freddie Swain (Rd6 #214, 2020); Kyle Pitts (Rd1 #4, 2021); Kadarius Toney (Rd1 #20, 2021)",,4.0
Ja'Marr Chase,WR,LSU,LSU,2021,5,1,backtest,2000-03-01,21.0,98.7,95.24,98.0,93.7,95.6,,,,,9.82,80.0,100.0,72.0,201.0,,,,27.26,4.34,,41.0,132.0,,6.96,3.99,,0.0,0.0,0.0,,,1780.0,84.0,,21.19,,,,31.2,19.0,,,567.0,,21.0,3.14,41.8,2.0,19.6,19.5,,,,,,91.1,91.3,,3.52,3.52,,403.0,,23.71,20.2,1.0,1.0,3.0,5.0,78.0,4.0,224.3,"Justin Jefferson (Rd1 #22, 2020); Stephen Sullivan (Rd7 #251, 2020); Terrace Marshall Jr. (Rd2 #59, 2021); Racey McMath (Rd6 #205, 2021)",,3.0
Jaylen Waddle,WR,Alabama,Alabama,2021,6,1,backtest,1998-11-25,22.0,91.5,83.47,97.4,56.3,64.4,,,,,,80.0,0.0,,,,,,,,,,,,,,,12.0,3.0,0.0,,,591.0,28.0,,21.11,,,,28.9,21.0,,,425.0,,14.0,1.94,23.8,3.0,18.9,21.8,,,,,,82.6,84.7,,4.38,4.38,,259.2,,15.49,15.49,1.0,1.0,3.0,4.0,78.0,5.0,441.7,"Henry Ruggs III (Rd1 #12, 2020); Jerry Jeudy (Rd1 #15, 2020); DeVonta Smith (Rd1 #10, 2021); Jameson Williams (Rd1 #12, 2022); John Metchie (Rd2 #44, 2022)",,3.0
DeVonta Smith,WR,Alabama,Alabama,2021,10,1,backtest,1998-11-14,22.0,94.1,86.66,95.1,73.3,84.9,,,,,,100.0,0.0,,,,,,,,,,,,,,,6.0,4.0,1.0,,,1856.0,117.0,,15.86,,,,47.3,20.0,,,425.0,,23.0,4.37,10.7,3.0,16.9,20.8,,,,,,94.9,95.6,,4.39,4.39,,254.6,,15.34,14.98,1.0,1.0,3.0,5.0,80.0,5.0,444.4,"Henry Ruggs III (Rd1 #12, 2020); Jerry Jeudy (Rd1 #15, 2020); Jaylen Waddle (Rd1 #6, 2021); Jameson Williams (Rd1 #12, 2022); John Metchie (Rd2 #44, 2022)",,3.0
Kadarius Toney,WR,Florida,Florida,2021,20,1,backtest,1999-01-27,22.0,81.4,76.29,91.5,51.2,66.8,,,,,8.99,40.0,0.0,71.0,193.0,,,,26.92,4.39,,39.5,136.0,9.0,6.88,4.25,,161.0,19.0,1.0,,,984.0,70.0,,14.06,,,,23.7,21.0,,,473.0,,10.0,2.08,3.8,4.0,13.3,21.6,,,,,,84.2,84.8,,2.62,2.62,,82.4,,9.15,9.15,0.0,0.0,0.0,0.0,33.0,4.0,233.7,"Van Jefferson (Rd2 #57, 2020); Freddie Swain (Rd6 #214, 2020); Tyrie Cleveland (Rd7 #252, 2020); Kyle Pitts (Rd1 #4, 2021)",,3.0
Rashod Bateman,WR,Minnesota,Minnesota,2021,27,1,backtest,1999-11-29,21.0,91.8,83.7,86.6,83.3,99.9,,,,,8.04,0.0,100.0,72.0,190.0,,,,25.77,4.39,,36.0,123.0,,,,,0.0,0.0,0.0,,,472.0,36.0,,13.11,,,,43.7,18.0,,,184.0,,32.0,3.77,13.9,1.0,16.3,18.8,,,,,,81.1,81.9,,3.45,3.45,,174.6,,10.91,8.62,0.0,0.0,0.0,1.0,62.0,2.0,81.2,"Tyler Johnson (Rd5 #161, 2020); Ko Kieft (Rd6 #218, 2022)",,3.0
Elijah Moore,WR,Mississippi,Mississippi,2021,34,2,backtest,2000-03-27,21.0,89.7,81.7,83.7,83.3,99.9,,,,,8.69,0.0,100.0,,,,,,,4.35,,36.0,121.0,17.0,6.63,4.07,,64.0,14.0,0.0,,,1193.0,86.0,,13.87,,,,45.5,19.0,,,335.0,,28.0,3.56,-8.5,2.0,12.9,19.4,,,,,,91.2,92.4,,3.85,3.85,,138.2,,12.56,12.56,0.0,0.0,1.0,1.0,67.0,0.0,0.0,,,3.0
Rondale Moore,WR,Purdue,Purdue,2021,49,2,backtest,2000-06-09,20.0,84.0,77.9,77.5,83.3,99.9,,,,,9.33,0.0,100.0,67.0,180.0,,,,28.19,4.28,,42.5,,,6.65,4.06,,32.0,6.0,1.0,,,270.0,35.0,,7.71,,,,37.2,18.0,,,,,18.0,2.47,-4.9,1.0,10.8,18.2,,,,,,80.9,79.7,,2.25,2.25,,111.1,,10.99,10.99,0.0,0.0,1.0,1.0,39.0,2.0,112.9,"Brycen Hopkins (Rd4 #136, 2020); David Bell (Rd3 #99, 2022)",,3.0
D'Wayne Eskridge,WR,Western Michigan,Western Michigan,2021,56,2,backtest,1997-03-19,24.0,73.0,69.28,73.7,59.9,89.9,,,,,6.71,0.0,0.0,68.0,190.0,,,,28.89,4.38,,35.0,124.0,,6.93,4.22,,43.0,2.0,0.0,,,768.0,34.0,,22.59,,,,44.8,20.0,,,155.0,,19.0,4.92,34.3,2.0,18.5,20.5,,,,,,86.9,85.9,,4.94,4.94,,28.3,,3.54,3.54,0.0,0.0,0.0,0.0,27.0,1.0,73.9,"Skyy Moore (Rd2 #54, 2022)",,3.0
Tutu Atwell,WR,Louisville,Louisville,2021,57,2,backtest,1999-10-07,21.0,80.8,76.05,73.0,83.2,99.8,,,,,6.25,0.0,100.0,68.0,155.0,,,,23.57,4.42,,33.0,117.0,,6.89,4.14,,-2.0,2.0,1.0,,,625.0,46.0,,13.59,,,,39.7,19.0,,,315.0,,,,,,,,,,,,,77.1,76.6,,2.44,2.44,,112.4,,8.03,8.03,0.0,0.0,0.0,0.0,49.0,1.0,58.4,"Dez Fitzpatrick (Rd4 #109, 2021)",,3.0
Terrace Marshall Jr.,WR,LSU,LSU,2021,59,2,backtest,2000-06-09,20.0,83.4,77.61,72.1,89.9,84.9,,,,,,100.0,100.0,,,,,,,,,,,,,,,0.0,0.0,0.0,,,731.0,48.0,,15.23,,,,46.4,20.0,,,421.0,,15.0,1.74,11.9,3.0,15.0,20.2,,,,,,78.9,81.1,,2.91,2.91,,83.0,,6.38,6.38,0.0,0.0,0.0,0.0,38.0,4.0,247.9,"Justin Jefferson (Rd1 #22, 2020); Stephen Sullivan (Rd7 #251, 2020); Ja'Marr Chase (Rd1 #5, 2021); Racey McMath (Rd6 #205, 2021)",,3.0
Josh Palmer,WR,Tennessee,Tennessee,2021,77,3,backtest,1999-09-22,21.0,62.6,62.44,65.2,52.0,77.9,,,,,7.59,0.0,0.0,,,,,,,,,,,,,,,0.0,0.0,0.0,,,475.0,32.0,,14.84,,,,25.9,20.0,,,285.0,,15.0,1.67,21.1,4.0,15.3,21.0,,,,,,70.7,71.9,,1.77,1.77,,169.3,,10.67,10.67,0.0,0.0,2.0,2.0,68.0,2.0,103.6,"Jauan Jennings (Rd7 #217, 2020); Velus Jones Jr. (Rd3 #71, 2022)",,3.0
Dyami Brown,WR,North Carolina,North Carolina,2021,82,3,backtest,1999-11-01,21.0,74.7,69.9,63.0,80.1,95.2,,,,,8.38,0.0,100.0,72.0,189.0,,,,25.63,4.46,,35.0,128.0,18.0,6.87,4.35,,0.0,0.0,0.0,,,1084.0,55.0,,19.71,,,,30.4,19.0,,,357.0,,21.0,3.08,40.6,2.0,18.7,19.8,,,,,,82.8,82.9,,3.11,3.11,,67.4,,4.7,3.12,0.0,0.0,0.0,0.0,55.0,1.0,34.2,"Dazz Newsome (Rd6 #221, 2021)",,3.0
Amari Rodgers,WR,Clemson,Clemson,2021,85,3,backtest,1999-09-23,21.0,59.4,60.63,61.9,51.2,76.7,,,,,5.35,0.0,0.0,69.0,212.0,,,,31.3,4.52,,33.0,121.0,19.0,7.07,4.31,,0.0,0.0,0.0,,,1020.0,77.0,,13.25,,,,23.5,20.0,,,490.0,,13.0,2.08,-4.9,4.0,11.8,21.0,,,,,,79.1,80.0,,2.61,2.61,,43.1,,4.79,4.79,0.0,0.0,0.0,0.0,14.0,2.0,123.6,"Tee Higgins (Rd2 #33, 2020); Cornell Powell (Rd5 #181, 2021)",,3.0
Nico Collins,WR,Michigan,Michigan,2021,89,3,backtest,1999-03-19,22.0,64.0,63.04,60.6,61.7,92.6,,,,,9.57,0.0,0.0,76.0,215.0,,,,26.17,4.43,,37.5,125.0,14.0,6.78,4.29,,0.0,0.0,0.0,,,729.0,37.0,,19.7,,,,25.2,19.0,,,410.0,,16.0,1.82,32.4,2.0,17.8,19.5,,,,,,70.9,71.1,,2.31,2.31,,260.4,,17.55,17.36,1.0,1.0,1.0,3.0,66.0,1.0,40.9,"Donovan Peoples-Jones (Rd6 #187, 2020)",,3.0
Anthony Schwartz,WR,Auburn,Auburn,2021,91,3,backtest,2000-09-05,20.0,70.7,68.0,60.1,79.5,94.3,,,,,6.89,0.0,100.0,72.0,186.0,,,,25.22,4.27,,32.0,123.0,,7.13,4.25,,-6.0,4.0,0.0,,,652.0,54.0,,12.07,,,,28.6,19.0,,,362.0,,18.0,1.76,3.3,3.0,12.2,20.0,,,,,,70.9,71.6,,2.31,2.31,,33.4,,2.78,2.78,0.0,0.0,0.0,0.0,18.0,1.0,34.6,"Seth Williams (Rd6 #219, 2021)",,3.0
Dez Fitzpatrick,WR,Louisville,Louisville,2021,109,4,backtest,1997-12-17,23.0,58.5,59.33,53.9,61.5,92.2,,,,,,0.0,0.0,73.0,208.0,,,,27.44,4.43,,35.0,,,7.09,4.26,,0.0,0.0,0.0,,,833.0,43.0,,19.37,,,,24.5,19.0,,,315.0,,22.0,2.65,20.2,2.0,16.8,19.7,,,,,,74.7,76.0,,2.49,2.49,,15.9,,,,0.0,0.0,,0.0,3.0,1.0,73.0,"Tutu Atwell (Rd2 #57, 2021)",,3.0
Amon-Ra St. Brown,WR,USC,USC,2021,112,4,backtest,1999-10-24,21.0,73.3,69.34,52.9,96.6,99.9,,,,,7.13,80.0,100.0,71.0,197.0,,,,27.47,4.51,,38.5,127.0,20.0,6.88,4.17,,0.0,0.0,0.0,,,478.0,41.0,,11.66,,,,33.1,18.0,,,263.0,,25.0,2.56,10.7,1.0,12.8,18.9,,,,,,71.7,73.0,,1.85,1.85,,330.9,,20.68,20.68,1.0,1.0,3.0,5.0,82.0,2.0,174.7,"Michael Pittman Jr. (Rd2 #34, 2020); Drake London (Rd1 #8, 2022)",,3.0
Jaelon Darden,WR,North Texas,North Texas,2021,129,4,backtest,1999-01-14,22.0,50.1,54.47,48.4,56.6,84.9,,,,,7.14,0.0,0.0,67.0,174.0,,,,27.25,4.47,,35.5,122.0,,6.66,3.98,,-3.0,1.0,0.0,,,1190.0,74.0,,16.08,,,,61.1,20.0,,,336.0,,23.0,3.54,-6.3,3.0,12.1,20.6,,,,,,89.8,89.9,,4.31,4.31,,11.4,,,,0.0,0.0,,0.0,11.0,0.0,0.0,,,3.0
Tylan Wallace,WR,Oklahoma St.,Oklahoma St.,2021,131,4,backtest,1999-05-13,21.0,49.0,54.14,48.0,56.6,84.9,,,,,4.71,0.0,0.0,71.0,194.0,,,,27.05,4.48,,33.0,112.0,11.0,6.97,4.25,,7.0,1.0,0.0,,,917.0,59.0,,15.54,,,,41.7,20.0,,,340.0,,26.0,3.03,27.8,2.0,16.7,19.3,,,,,,86.1,86.2,,3.26,3.26,,36.3,,4.54,,0.0,0.0,,0.0,25.0,0.0,0.0,,,3.0
Jacob Harris,WR,Central Florida,Central Florida,2021,141,4,backtest,1997-04-16,24.0,25.3,41.57,43.9,20.1,30.1,,,,,9.88,0.0,0.0,,,,,,,,,,,,,,,0.0,0.0,0.0,,,539.0,30.0,,17.97,,,,20.2,23.0,,,408.0,,,,,,,,,,,,,60.7,59.5,,1.52,1.52,,1.6,,,,0.0,0.0,,0.0,1.0,2.0,84.1,"Gabriel Davis (Rd4 #128, 2020); Tre Nixon (Rd7 #242, 2021)",,3.0
Ihmir Smith-Marsette,WR,Iowa,Iowa,2021,157,5,backtest,1999-08-29,21.0,44.1,50.84,40.0,59.3,88.9,,,,,6.81,0.0,0.0,72.0,181.0,,,,24.55,4.43,,37.0,124.0,,7.0,4.2,,54.0,7.0,1.0,,,345.0,25.0,,13.8,,,,37.8,20.0,,,248.0,,18.0,1.76,22.4,3.0,14.7,20.0,,,,,,61.0,63.4,,1.84,1.84,,32.5,,,,0.0,0.0,,0.0,14.0,0.0,0.0,,,3.0
Simi Fehoko,WR,Stanford,Stanford,2021,179,5,backtest,1997-11-05,23.0,30.5,43.63,31.4,46.1,69.2,,,,,9.18,0.0,0.0,75.0,222.0,,,,27.75,4.44,,34.5,120.0,16.0,6.78,4.26,,-1.0,1.0,0.0,,,584.0,37.0,,15.78,,,,38.3,21.0,,,220.0,,19.0,2.64,59.2,4.0,18.6,19.7,,,,,,75.8,75.6,,2.73,2.73,,16.6,,,,0.0,0.0,,0.0,8.0,1.0,52.6,"Colby Parkinson (Rd4 #133, 2020)",,3.0
Cornell Powell,WR,Clemson,Clemson,2021,181,5,backtest,1997-10-30,23.0,15.7,38.69,30.8,30.6,45.9,,,,,7.57,0.0,0.0,72.0,204.0,,,,27.66,4.53,,36.5,128.0,16.0,7.03,4.21,,0.0,0.0,0.0,,,882.0,53.0,,16.64,,,,21.8,22.0,,,490.0,,6.0,1.8,5.8,5.0,13.0,22.9,,,,,,75.1,74.1,,2.22,2.22,,0.0,,,,0.0,0.0,,,0.0,2.0,146.1,"Tee Higgins (Rd2 #33, 2020); Amari Rodgers (Rd3 #85, 2021)",,3.0
Frank Darby,WR,Arizona St.,Arizona St.,2021,187,6,backtest,1997-09-08,23.0,25.0,41.5,27.0,42.9,64.3,,,,,5.89,0.0,0.0,72.0,201.0,,,,27.26,4.56,,34.5,117.0,19.0,7.05,4.25,,0.0,0.0,0.0,,,46.0,6.0,,7.67,,,,28.6,21.0,,,87.0,,13.0,,48.0,4.0,19.7,22.0,,,,,,56.3,57.3,,0.84,0.84,,2.5,,,,0.0,0.0,,0.0,3.0,1.0,84.7,"Brandon Aiyuk (Rd1 #25, 2020)",,3.0
Marquez Stevenson,WR,Houston,Houston,2021,203,6,backtest,1998-03-26,23.0,29.6,43.37,21.7,56.6,84.9,,,,,5.37,0.0,0.0,70.0,180.0,,,,25.82,4.48,,33.0,122.0,,6.76,4.14,,16.0,3.0,0.0,,,307.0,20.0,,15.35,,,,42.3,20.0,,,297.0,,21.0,2.91,17.6,3.0,15.4,20.4,,,,,,69.9,70.0,,2.41,2.41,,0.0,,,,0.0,0.0,,,0.0,0.0,0.0,,,3.0
Shi Smith,WR,South Carolina,South Carolina,2021,204,6,backtest,1998-10-26,22.0,19.8,40.24,21.1,46.6,69.9,,,,,6.78,0.0,0.0,,,,,,,,,,,,,,,6.0,6.0,0.0,,,621.0,57.0,,10.89,,,,46.2,21.0,,,295.0,,22.0,2.15,12.5,4.0,12.7,20.9,,,,,,78.0,80.8,,2.59,2.59,,61.6,,4.11,4.11,0.0,0.0,0.0,0.0,20.0,2.0,98.9,"Bryan Edwards (Rd3 #81, 2020); Nick Muse (Rd7 #227, 2022)",,3.0
Racey McMath,WR,LSU,LSU,2021,205,6,backtest,1999-06-14,21.0,10.3,35.86,20.5,32.5,23.7,,,,,7.43,0.0,100.0,74.0,217.0,,,,27.86,4.36,,34.0,124.0,,7.38,4.38,,0.0,0.0,0.0,,,195.0,14.0,,13.93,,,,8.7,,,,421.0,,4.0,0.5,17.5,,15.8,,,,,,,61.2,59.4,,1.28,1.28,,6.4,,,,0.0,0.0,,0.0,9.0,4.0,282.9,"Justin Jefferson (Rd1 #22, 2020); Stephen Sullivan (Rd7 #251, 2020); Ja'Marr Chase (Rd1 #5, 2021); Terrace Marshall Jr. (Rd2 #59, 2021)",,3.0
Jalen Camp,WR,Georgia Tech,Georgia Tech,2021,209,6,backtest,1998-07-10,22.0,9.1,34.98,17.9,31.4,47.0,,,,,9.75,0.0,0.0,,,,,,,,,,,,,,,0.0,0.0,0.0,,,392.0,29.0,,13.52,,,,24.1,22.0,,,283.0,,11.0,1.48,22.2,5.0,17.1,22.2,,,,,,65.0,64.0,,1.57,1.57,,1.7,,,,0.0,0.0,,0.0,1.0,1.0,37.1,"Tyler Davis (Rd6 #206, 2020)",,3.0
Seth Williams,WR,Auburn,Auburn,2021,219,6,backtest,2000-04-10,21.0,39.7,49.19,14.9,83.3,99.9,,,,,6.86,0.0,100.0,75.0,211.0,,,,26.37,4.49,,37.0,124.0,12.0,7.2,4.43,,199.0,38.0,3.0,,,744.0,47.0,,15.83,,,,35.5,18.0,,,362.0,,28.0,2.1,36.4,2.0,16.1,19.4,,,,,,69.8,69.6,,2.05,2.05,,4.4,,,,0.0,0.0,,0.0,1.0,1.0,63.1,"Anthony Schwartz (Rd3 #91, 2021)",,3.0
Dazz Newsome,WR,North Carolina,North Carolina,2021,221,6,backtest,1999-05-15,21.0,21.5,40.6,13.6,55.5,83.2,,,,,2.13,0.0,0.0,70.0,190.0,,,,27.26,4.59,,34.0,121.0,12.0,7.38,4.38,,21.0,2.0,1.0,,,684.0,54.0,,12.67,,,,26.5,20.0,,,357.0,,18.0,2.36,-0.5,3.0,13.0,20.3,,,,,,73.2,73.2,,1.86,1.86,,4.3,,,,0.0,0.0,,0.0,3.0,1.0,65.5,"Dyami Brown (Rd3 #82, 2021)",,3.0
Mike Strachan,WR,Charleston (WV),Charleston (WV),2021,229,7,backtest,1997-08-13,23.0,3.0,28.72,11.1,19.5,29.2,,,,,,0.0,0.0,,,,,,,,,,,,,,,0.0,0.0,0.0,,,,,,,,,,14.2,,,,,,,,,,18.4,21.1,,,,,,,,,,,,8.9,,,,0.0,0.0,,0.0,9.0,0.0,0.0,,,3.0
Tre Nixon,WR,Central Florida,Central Florida,2021,242,7,backtest,1998-01-26,23.0,2.4,28.14,5.9,23.2,34.8,,,,,8.97,0.0,0.0,72.0,187.0,,,,25.36,4.44,,35.5,125.0,18.0,6.81,4.27,,0.0,0.0,0.0,,,258.0,19.0,,13.58,,,,19.8,,,,408.0,,11.0,1.82,3.27,4.0,15.3,21.6,,,,,,63.9,64.1,,1.78,1.78,,0.0,,,,0.0,0.0,,,0.0,2.0,104.6,"Gabriel Davis (Rd4 #128, 2020); Jacob Harris (Rd4 #141, 2021)",,3.0
Ben Skowronek,WR,Notre Dame,Notre Dame,2021,249,7,backtest,1997-06-27,23.0,3.6,30.21,4.2,33.1,34.6,,,,,,60.0,0.0,,,,,,,,,,,,,,,17.0,2.0,1.0,,,439.0,29.0,,15.14,,,,29.3,23.0,,,362.0,,14.0,1.4,19.4,2.0,13.4,20.2,,,,,,65.2,62.2,,1.46,1.46,,84.3,,6.02,6.02,0.0,0.0,0.0,0.0,40.0,3.0,218.5,"Cole Kmet (Rd2 #43, 2020); Chase Claypool (Rd2 #49, 2020); Tommy Tremble (Rd3 #83, 2021)",,3.0
Kawaan Baker,WR,South Alabama,South Alabama,2021,255,7,backtest,1998-08-24,22.0,12.6,37.29,2.6,59.2,88.8,,,,,9.08,0.0,0.0,,,,,,,,,,,,,,,42.0,13.0,0.0,,,656.0,51.0,,12.86,,,,37.7,20.0,,,350.0,,20.0,2.04,16.58,2.0,14.5,20.0,,,,,,75.0,74.6,,1.92,1.92,,0.0,,,,0.0,0.0,,,0.0,1.0,63.9,"Jalen Tolbert (Rd3 #88, 2022)",,3.0
Dax Milne,WR,BYU,BYU,2021,258,7,backtest,1999-06-23,21.0,13.4,38.09,1.4,63.2,69.8,,,,,4.56,0.0,100.0,,,,,,,4.54,,31.0,114.0,14.0,,4.19,,67.0,11.0,,,,1189.0,,,,,,,29.5,21.0,,,375.0,,13.0,,13.1,3.0,15.3,21.0,,,,,,,,,,,,15.7,,1.71,1.71,0.0,0.0,0.0,0.0,16.0,0.0,0.0,,,3.0
Drake London,WR,USC,USC,2022,8,1,backtest,2001-07-24,20.0,96.8,90.56,96.3,83.3,99.9,,,,,,0.0,100.0,76.0,219.0,,,,26.65,,,,,,,,,2.0,1.0,0.0,,,1084.0,88.0,,12.32,,,,47.7,19.0,,,500.0,,23.0,2.68,19.4,2.0,13.5,19.1,,,,,,91.3,91.8,,3.52,3.52,,280.8,,16.82,16.52,1.0,1.0,3.0,4.0,62.0,2.0,143.3,"Amon-Ra St. Brown (Rd4 #112, 2021); Jordan Addison (Rd1 #23, 2023)",,2.0
Garrett Wilson,WR,Ohio St.,Ohio St.,2022,10,1,backtest,2000-07-22,21.0,97.3,90.77,95.1,87.0,85.4,,,,,7.77,80.0,100.0,72.0,183.0,,,,24.82,4.38,,36.0,123.0,,,4.36,,76.0,4.0,1.0,,,1058.0,70.0,,15.11,,,,30.9,20.0,,,494.0,,22.0,3.21,12.9,2.0,15.5,20.1,,,,,,84.1,84.5,,3.0,3.0,,251.9,,14.82,14.82,1.0,1.0,3.0,3.0,58.0,4.0,289.1,"Luke Farrell (Rd5 #145, 2021); Chris Olave (Rd1 #11, 2022); Jeremy Ruckert (Rd3 #101, 2022); Jaxon Smith-Njigba (Rd1 #20, 2023)",,2.0
Chris Olave,WR,Ohio St.,Ohio St.,2022,11,1,backtest,2000-06-27,21.0,95.0,87.58,94.7,77.8,96.6,,,,,8.64,80.0,0.0,72.0,187.0,,,,25.36,4.39,,32.0,124.0,,,,,0.0,0.0,0.0,,,936.0,65.0,,14.4,,,,33.3,19.0,,,494.0,,21.0,3.24,12.1,2.0,15.4,19.2,,,,,,79.3,79.9,,2.29,2.29,,270.0,,16.88,14.46,1.0,1.0,2.0,3.0,55.0,4.0,289.7,"Luke Farrell (Rd5 #145, 2021); Garrett Wilson (Rd1 #10, 2022); Jeremy Ruckert (Rd3 #101, 2022); Jaxon Smith-Njigba (Rd1 #20, 2023)",,2.0
Jameson Williams,WR,Alabama,Alabama,2022,12,1,backtest,2001-03-26,21.0,97.6,90.95,94.2,90.4,85.6,,,,,,100.0,100.0,74.0,179.0,,,,22.98,,,,,,,,,23.0,3.0,0.0,,,1572.0,78.0,,20.15,,,,31.1,20.0,,,571.0,,14.0,2.75,49.5,3.0,19.9,20.4,,,,,,81.6,85.1,,3.12,3.12,,219.1,,14.15,14.15,1.0,1.0,1.0,2.0,50.0,4.0,325.3,"Jaylen Waddle (Rd1 #6, 2021); DeVonta Smith (Rd1 #10, 2021); John Metchie (Rd2 #44, 2022); Cameron Latu (Rd3 #101, 2023)",,2.0
Jahan Dotson,WR,Penn St.,Penn St.,2022,16,1,backtest,2000-03-22,22.0,92.1,84.29,92.9,73.3,84.9,,,,,6.33,100.0,0.0,71.0,178.0,,,,24.82,4.43,,36.0,121.0,,7.28,,,18.0,6.0,1.0,,,1182.0,91.0,,12.99,,,,44.3,20.0,,,486.0,,25.0,2.88,20.9,3.0,15.1,20.5,,,,,,87.5,87.2,,2.56,2.56,,130.6,,10.88,10.88,0.0,0.0,1.0,1.0,57.0,3.0,186.6,"Pat Freiermuth (Rd2 #55, 2021); Brenton Strange (Rd2 #61, 2023); Parker Washington (Rd6 #185, 2023)",,2.0
Treylon Burks,WR,Arkansas,Arkansas,2022,18,1,backtest,2000-03-23,22.0,86.3,79.58,92.4,59.9,89.9,,,,,5.79,0.0,0.0,74.0,225.0,,,,28.89,4.55,,33.0,122.0,,7.28,,,112.0,14.0,1.0,,,1104.0,65.0,,16.98,,,,48.5,20.0,,,314.0,,31.0,3.52,29.0,2.0,16.4,20.5,,,,,,85.8,91.0,,3.57,3.57,,88.1,,8.01,8.01,0.0,0.0,0.0,0.0,33.0,0.0,0.0,,,2.0
Christian Watson,WR,North Dakota St.,North Dakota St.,2022,34,2,backtest,1999-05-12,22.0,82.5,76.7,83.7,66.6,99.9,,,,,9.96,0.0,0.0,76.0,208.0,,,,25.32,4.36,,38.5,136.0,,,,,114.0,15.0,,,,801.0,,,,,,,80.0,19.0,,,255.0,,24.0,3.12,42.8,2.0,20.6,20.3,,,,,,,,,,,,164.1,,13.24,11.72,0.0,0.0,2.0,3.0,47.0,0.0,0.0,,,2.0
Wan'Dale Robinson,WR,Kentucky,Kentucky,2022,43,2,backtest,2001-01-05,21.0,83.1,77.11,79.3,75.8,88.7,,,,,7.36,0.0,100.0,68.0,178.0,,,,27.06,4.44,,34.5,118.0,,,,,111.0,7.0,0.0,,,1334.0,104.0,,12.83,,,,37.3,20.0,,,366.0,,29.0,3.64,3.6,2.0,11.5,18.7,,,,,,91.3,90.9,,3.56,3.56,,217.9,,13.62,10.75,1.0,0.0,1.0,2.0,54.0,0.0,0.0,,,2.0
John Metchie,WR,Alabama,Alabama,2022,44,2,backtest,2000-07-18,21.0,79.3,74.39,78.9,67.5,61.3,,,,,,60.0,100.0,71.0,187.0,,,,26.08,,,,,,,,,8.0,1.0,0.0,,,1142.0,96.0,,11.9,,,,22.6,21.0,,,571.0,,13.0,2.16,-3.2,3.0,13.4,21.1,,,,,,78.2,79.5,,2.41,2.41,,71.9,,5.99,5.54,0.0,0.0,0.0,0.0,36.0,4.0,339.1,"Jaylen Waddle (Rd1 #6, 2021); DeVonta Smith (Rd1 #10, 2021); Jameson Williams (Rd1 #12, 2022); Cameron Latu (Rd3 #101, 2023)",,2.0
Tyquan Thornton,WR,Baylor,Baylor,2022,50,2,backtest,2000-08-07,21.0,77.3,72.43,76.9,65.8,98.8,,,,,8.54,0.0,0.0,74.0,181.0,,,,23.24,4.28,,36.5,130.0,,,,,-11.0,1.0,0.0,,,948.0,62.0,,15.29,,,,37.5,19.0,,,365.0,,19.0,2.6,33.5,2.0,15.7,20.1,,,,,,82.9,82.4,,2.5,2.5,,80.8,,7.35,5.52,0.0,0.0,0.0,0.0,36.0,0.0,0.0,,,2.0
George Pickens,WR,Georgia,Georgia,2022,52,2,backtest,2001-03-04,21.0,87.1,80.2,75.7,93.3,99.9,,,,,9.35,60.0,100.0,75.0,195.0,,,,24.37,4.47,,33.0,125.0,,,,,0.0,0.0,0.0,,,107.0,5.0,,21.4,,,,27.0,18.0,,,407.0,,17.0,1.75,14.2,1.0,15.0,18.5,,,,,,73.5,72.9,,3.34,3.34,,289.9,,17.05,12.28,1.0,1.0,2.0,3.0,65.0,3.0,159.7,"Tre' McKitty (Rd3 #97, 2021); John FitzPatrick (Rd6 #213, 2022); Darnell Washington (Rd3 #93, 2023)",,2.0
Alec Pierce,WR,Cincinnati,Cincinnati,2022,53,2,backtest,2000-05-02,21.0,77.6,72.51,75.3,68.4,62.6,,,,,9.83,60.0,100.0,75.0,211.0,,,,26.37,4.41,,40.5,129.0,,7.13,4.28,,0.0,0.0,0.0,,,884.0,52.0,,17.0,,,,25.2,21.0,,,400.0,,15.0,2.21,40.0,2.0,17.5,19.3,,,,,,76.5,76.0,,2.38,2.38,,183.3,,12.22,10.09,0.0,0.0,1.0,2.0,64.0,3.0,162.8,"Tre Tucker (Rd3 #100, 2023); Tyler Scott (Rd4 #133, 2023); Josh Whyle (Rd5 #147, 2023)",,2.0
Skyy Moore,WR,Western Michigan,Western Michigan,2022,54,2,backtest,2000-09-10,21.0,82.8,76.74,75.0,83.3,99.9,,,,,7.58,0.0,100.0,70.0,195.0,,,,27.98,4.41,,34.5,125.0,,7.13,4.32,,10.0,1.0,0.0,,,1292.0,94.0,,13.74,,,,44.7,18.0,,,368.0,,28.0,3.48,-0.7,1.0,14.5,19.0,,,,,,91.8,91.8,,3.4,3.4,,53.7,,4.13,4.13,0.0,0.0,0.0,0.0,38.0,1.0,73.3,"D'Wayne Eskridge (Rd2 #56, 2021)",,2.0
Velus Jones Jr.,WR,Tennessee,Tennessee,2022,71,3,backtest,1998-05-11,23.0,52.7,56.34,67.2,27.6,31.3,,,,,7.1,40.0,0.0,72.0,204.0,,,,27.66,4.31,,33.0,121.0,,,,,15.0,1.0,0.0,,,807.0,62.0,,13.02,,,,22.7,23.0,,,375.0,,10.0,0.98,-5.5,6.0,12.0,24.3,,,,,,76.2,75.4,,2.67,2.67,,38.0,,4.22,4.22,0.0,0.0,0.0,0.0,22.0,3.0,202.8,"Josh Palmer (Rd3 #77, 2021); Jalin Hyatt (Rd3 #73, 2023); Cedric Tillman (Rd3 #74, 2023)",,2.0
Jalen Tolbert,WR,South Alabama,South Alabama,2022,88,3,backtest,1999-02-27,23.0,61.7,61.69,60.8,56.6,84.9,,,,,8.62,0.0,0.0,73.0,194.0,,,,25.59,4.49,,36.0,123.0,,7.08,,,0.0,0.0,0.0,,,1474.0,82.0,,17.98,,,,42.2,20.0,,,407.0,,30.0,3.63,46.4,3.0,17.6,20.5,,,,,,82.3,85.1,,3.16,3.16,,152.0,,8.94,8.94,0.0,0.0,0.0,0.0,43.0,1.0,27.9,"Kawaan Baker (Rd7 #255, 2021)",,2.0
David Bell,WR,Purdue,Purdue,2022,99,3,backtest,2000-12-14,21.0,78.2,72.65,57.7,99.9,99.9,,,,,3.98,100.0,100.0,73.0,212.0,,,,27.97,4.65,,33.0,118.0,,7.14,4.57,,39.0,3.0,0.0,,,1286.0,93.0,,13.83,,,,43.5,18.0,,,576.0,,30.0,2.39,13.8,1.0,12.7,18.7,,,,,,87.5,87.4,,2.7,2.7,,48.7,,5.41,5.41,0.0,0.0,0.0,0.0,24.0,3.0,172.9,"Rondale Moore (Rd2 #49, 2021); Charlie Jones (Rd4 #131, 2023); Payne Durham (Rd5 #171, 2023)",,2.0
Danny Gray,WR,SMU,SMU,2022,105,3,backtest,1999-04-01,23.0,51.6,55.29,55.3,45.7,53.5,,,,,6.76,60.0,0.0,72.0,186.0,,,,25.22,4.33,,34.0,126.0,,,,,40.0,3.0,0.0,,,803.0,49.0,,16.39,,,,27.0,22.0,,,468.0,,18.0,1.72,24.6,4.0,15.3,22.4,,,,,,77.9,77.6,,2.69,2.69,,2.9,,,,0.0,0.0,,0.0,5.0,3.0,166.3,"Kylen Granson (Rd4 #127, 2021); Grant Calcaterra (Rd6 #198, 2022); Rashee Rice (Rd2 #55, 2023)",,2.0
Erik Ezukanma,WR,Texas Tech,Texas Tech,2022,125,4,backtest,2000-01-25,22.0,51.0,55.21,50.0,56.9,85.3,,,,,7.03,0.0,0.0,74.0,209.0,,,,26.83,,,36.5,126.0,,,4.38,,138.0,10.0,2.0,,,705.0,47.0,,15.0,,,,30.6,20.0,,,388.0,,17.0,1.88,35.4,3.0,15.7,20.6,,,,,,76.5,74.0,,2.31,2.31,,2.2,,,,0.0,0.0,,0.0,4.0,0.0,0.0,,,2.0
Romeo Doubs,WR,Nevada,Nevada,2022,132,4,backtest,2000-04-13,22.0,52.5,56.26,47.3,64.2,96.3,,,,,,0.0,0.0,74.0,201.0,,,,25.8,,,,,,,,,4.0,1.0,0.0,,,1109.0,80.0,,13.86,,,,32.6,19.0,,,572.0,,24.0,2.79,29.8,2.0,14.8,19.4,,,,,,81.7,83.3,,2.3,2.3,,174.4,,10.26,10.26,0.0,0.0,2.0,3.0,59.0,1.0,49.0,"Cole Turner (Rd5 #149, 2022)",,2.0
Calvin Austin III,WR,Memphis,Memphis,2022,138,4,backtest,1999-03-24,23.0,42.1,50.36,45.2,47.8,71.6,,,,,9.05,0.0,0.0,68.0,170.0,,,,25.85,4.32,,39.0,135.0,,6.65,4.07,,69.0,1.0,1.0,,,1149.0,74.0,,15.53,,,,33.3,21.0,,,445.0,,18.0,2.58,18.1,4.0,16.3,21.5,,,,,,84.7,85.2,,2.99,2.99,,120.8,,7.11,7.11,0.0,0.0,0.0,0.0,45.0,0.0,0.0,,,2.0
Khalil Shakir,WR,Boise St.,Boise St.,2022,148,5,backtest,2000-02-03,22.0,49.9,54.43,42.3,66.6,99.9,,,,,8.31,0.0,0.0,72.0,196.0,,,,26.58,4.43,,34.5,124.0,,7.28,4.21,,130.0,21.0,0.0,,,1117.0,77.0,,14.51,,,,46.2,19.0,,,410.0,,27.0,3.24,11.2,2.0,13.8,19.6,,,,,,86.7,89.3,,2.83,2.83,,182.5,,12.17,12.17,0.0,0.0,1.0,2.0,57.0,1.0,54.7,"John Bates (Rd4 #124, 2021)",,2.0
Montrell Washington,WR,Samford,Samford,2022,162,5,backtest,1999-03-14,23.0,14.6,38.5,38.3,20.7,31.0,,,,,4.32,0.0,0.0,,,,,,,,,,,,,,,19.0,3.0,,,,124.0,,,,,,,16.0,,,,,,,,50.9,4.0,14.2,,,,,,,,,,,,,7.2,,0.8,0.8,0.0,0.0,0.0,0.0,9.0,0.0,0.0,,,2.0
Kyle Philips,WR,UCLA,UCLA,2022,163,5,backtest,1999-06-17,22.0,39.4,49.02,37.6,56.2,84.3,,,,,8.31,0.0,0.0,71.0,189.0,,,,26.36,4.58,,33.5,124.0,,,,,0.0,0.0,0.0,,,739.0,59.0,,12.53,,,,38.6,20.0,,,335.0,,19.0,2.21,-8.6,2.0,11.2,20.2,,,,,,77.6,76.6,,2.11,2.11,,33.1,,4.14,4.14,0.0,0.0,0.0,0.0,12.0,1.0,66.1,"Greg Dulcich (Rd3 #80, 2022)",,2.0
Jalen Nailor,WR,Michigan St.,Michigan St.,2022,191,6,backtest,1999-03-02,23.0,24.7,41.43,25.4,44.5,66.8,,,,,8.09,0.0,0.0,71.0,186.0,,,,25.94,4.5,,38.0,128.0,,7.03,4.28,,-3.0,1.0,0.0,,,695.0,38.0,,18.29,,,,33.6,21.0,,,400.0,,16.0,2.13,29.0,3.0,16.9,21.5,,,,,,77.0,75.2,,2.7,2.7,,105.0,,7.0,7.0,0.0,0.0,0.0,0.0,39.0,2.0,112.0,"Connor Heyward (Rd6 #208, 2022); Jayden Reed (Rd2 #50, 2023)",,2.0
Michael Woods II,WR,Oklahoma,Oklahoma,2022,202,6,backtest,1999-08-03,22.0,5.9,31.65,22.1,17.1,25.6,,,,,,0.0,0.0,,,,,,,,,,,,,,,2.0,1.0,0.0,,,400.0,36.0,,11.11,,,,10.6,,,,403.0,,16.0,2.18,17.0,2.0,14.4,19.5,,,,,,70.4,70.2,,1.77,1.77,,13.5,,,,0.0,0.0,,0.0,11.0,2.0,100.4,"Marvin Mims (Rd2 #63, 2023); Brayden Willis (Rd7 #247, 2023)",,2.0
Bo Melton,WR,Rutgers,Rutgers,2022,229,7,backtest,1999-11-10,22.0,27.6,42.86,11.1,66.6,99.9,,,,,9.23,0.0,0.0,71.0,189.0,,,,26.36,4.34,,38.0,121.0,,6.98,,,51.0,9.0,0.0,,,618.0,56.0,,11.04,,,,39.3,19.0,,,394.0,,22.0,2.02,28.1,3.0,12.3,20.3,,,,,,76.8,75.0,,2.28,2.28,,45.9,,3.02,2.05,0.0,0.0,0.0,0.0,23.0,0.0,0.0,,,2.0
Dareke Young,WR,Lenoir-Rhyne,Lenoir-Rhyne,2022,233,7,backtest,1999-06-04,22.0,20.9,40.35,10.1,60.0,90.0,,,,,9.93,0.0,0.0,,,,,,,,,,,,,,,5.0,1.0,,,,303.0,,,,,,,10.2,19.0,,,,,,,,,,,,,,,,,,,,,,6.8,,,,0.0,0.0,,0.0,5.0,0.0,0.0,,,2.0
Samori Toure,WR,Nebraska,Nebraska,2022,258,7,backtest,1998-03-24,24.0,2.2,27.33,1.4,27.3,41.0,,,,,6.14,0.0,0.0,,,,,,,,,,,,,,,63.0,8.0,1.0,,,898.0,46.0,,19.52,,,,31.9,23.0,,,342.0,,30.0,2.75,,2.0,16.8,21.5,,,,,,80.9,83.1,,2.72,2.72,,19.2,,2.22,2.22,0.0,0.0,0.0,0.0,13.0,1.0,40.1,"Trey Palmer (Rd6 #191, 2023)",,2.0
Jaxon Smith-Njigba,WR,Ohio St.,Ohio St.,2023,20,1,backtest,2002-02-14,21.0,95.8,88.52,91.5,92.0,93.0,,,,,8.34,80.0,100.0,73.0,196.0,,,,25.86,,,35.0,125.0,,6.57,3.93,,0.0,0.0,0.0,,,43.0,4.0,,10.75,,,,26.0,19.0,,,410.0,,11.0,3.25,8.4,2.0,15.4,19.6,,,,,,55.1,55.3,,0.98,0.98,,361.9,,21.29,21.29,1.0,1.0,2.0,2.0,51.0,5.0,396.3,"Garrett Wilson (Rd1 #10, 2022); Chris Olave (Rd1 #11, 2022); Jeremy Ruckert (Rd3 #101, 2022); Marvin Harrison Jr. (Rd1 #4, 2024); Cade Stover (Rd4 #123, 2024)",,1.0
Quentin Johnston,WR,TCU,TCU,2023,21,1,backtest,2001-09-06,21.0,93.1,85.57,90.6,83.3,99.9,,,,,8.68,0.0,100.0,75.0,208.0,,,,26.0,,,40.5,134.0,,,,,-7.0,3.0,0.0,,,1069.0,60.0,,17.82,,,,26.6,18.0,,,454.0,,24.0,2.35,43.4,1.0,19.0,19.0,,,,,,76.2,77.0,,3.05,3.05,,174.7,,13.32,13.32,0.0,0.0,2.0,2.0,45.0,2.0,107.6,"Derius Davis (Rd4 #125, 2023); Jared Wiley (Rd4 #131, 2024)",,1.0
Zay Flowers,WR,Boston Col.,Boston Col.,2023,22,1,backtest,2000-09-11,22.0,87.4,80.24,89.7,66.6,99.9,,,,,8.29,0.0,0.0,69.0,182.0,,,,26.87,4.42,,35.5,127.0,,,,,41.0,12.0,0.0,,,1077.0,78.0,,13.81,,,,46.7,19.0,,,440.0,,30.0,2.45,20.6,2.0,15.3,20.0,,,,,,76.0,76.6,,2.22,2.22,,249.3,,14.66,14.66,1.0,1.0,3.0,3.0,50.0,0.0,0.0,,,1.0
Jordan Addison,WR,USC,USC,2023,23,1,backtest,2002-01-27,21.0,90.9,83.31,88.7,77.9,81.8,,,,,5.94,40.0,100.0,71.0,173.0,,,,24.13,4.49,,34.0,122.0,,,,,33.0,4.0,0.0,,,875.0,59.0,,14.83,,,,23.7,20.0,,,514.0,,26.0,2.93,12.1,1.0,14.3,18.6,,,,,,81.5,82.4,,2.78,2.78,,221.3,,14.17,14.17,1.0,0.0,2.0,2.0,46.0,3.0,157.6,"Drake London (Rd1 #8, 2022); Brenden Rice (Rd7 #225, 2024); Tahj Washington (Rd7 #241, 2024)",,1.0
Jonathan Mingo,WR,Mississippi,Mississippi,2023,39,2,backtest,2001-04-20,22.0,70.4,67.91,81.5,41.7,62.6,,,,,9.87,0.0,0.0,74.0,220.0,,,,28.24,4.46,,39.5,129.0,22.0,,,,-7.0,4.0,1.0,,,862.0,51.0,,16.9,,,,25.2,21.0,,,386.0,,14.0,2.22,17.3,4.0,15.7,20.4,,,,,,76.9,78.6,,2.14,2.14,,84.8,,5.65,5.65,0.0,0.0,0.0,0.0,34.0,0.0,0.0,,,1.0
Jayden Reed,WR,Michigan St.,Michigan St.,2023,50,2,backtest,2000-04-28,23.0,72.4,69.09,76.9,54.7,82.0,,,,,6.74,0.0,0.0,71.0,187.0,,,,26.08,4.45,,33.5,121.0,,,4.29,,11.0,4.0,0.0,,,636.0,55.0,,11.56,,,,34.1,20.0,,,412.0,,27.0,2.57,12.9,1.0,14.1,18.4,,,,,,70.4,71.2,,1.83,1.83,,217.2,,13.58,13.58,0.0,0.0,2.0,2.0,38.0,2.0,76.8,"Jalen Nailor (Rd6 #191, 2022); Connor Heyward (Rd6 #208, 2022)",,1.0
Rashee Rice,WR,SMU,SMU,2023,55,2,backtest,2000-04-22,23.0,69.8,67.81,74.4,54.3,81.4,,,,,9.53,0.0,0.0,73.0,204.0,,,,26.91,4.51,,41.0,128.0,,,,,0.0,0.0,0.0,,,1355.0,96.0,,14.11,,,,32.8,20.0,,,513.0,,20.0,2.64,7.8,2.0,13.4,20.4,,,,,,85.9,85.6,,3.05,3.05,,212.5,,18.51,18.51,0.0,0.0,2.0,2.0,27.0,2.0,98.1,"Danny Gray (Rd3 #105, 2022); Grant Calcaterra (Rd6 #198, 2022)",,1.0
Marvin Mims,WR,Oklahoma,Oklahoma,2023,63,2,backtest,2002-03-19,21.0,79.6,74.74,70.4,83.3,99.9,,,,,,0.0,100.0,71.0,183.0,,,,25.52,4.38,,39.5,129.0,,6.9,,,3.0,2.0,0.0,,,1083.0,54.0,,20.06,,,,27.5,18.0,,,407.0,,23.0,2.66,48.4,1.0,19.5,18.5,,,,,,75.5,77.1,,2.75,2.75,,129.5,,8.09,8.09,0.0,0.0,0.0,0.0,46.0,2.0,67.2,"Michael Woods II (Rd6 #202, 2022); Brayden Willis (Rd7 #247, 2023)",,1.0
Tank Dell,WR,Houston,Houston,2023,69,3,backtest,1999-10-29,23.0,68.1,65.32,68.5,56.1,84.2,,,,,,0.0,0.0,,,,,,,,,,,,,,,9.0,4.0,0.0,,,1398.0,108.0,,12.94,,,,38.4,20.0,,,501.0,,,,,,,,,,,,,83.5,84.4,,2.54,2.54,,165.0,,16.5,16.5,0.0,0.0,2.0,2.0,24.0,0.0,0.0,,,1.0
Jalin Hyatt,WR,Tennessee,Tennessee,2023,73,3,backtest,2001-09-25,21.0,74.1,69.42,66.6,72.5,83.8,,,,,8.76,0.0,100.0,72.0,176.0,,,,23.87,4.4,,40.0,135.0,,,,,0.0,1.0,0.0,,,1267.0,67.0,,18.91,,,,37.6,20.0,,,422.0,,17.0,3.0,22.6,3.0,16.4,20.9,,,,,,77.4,78.2,,3.27,3.27,,60.3,,4.64,4.64,0.0,0.0,0.0,0.0,28.0,2.0,136.5,"Velus Jones Jr. (Rd3 #71, 2022); Cedric Tillman (Rd3 #74, 2023)",,1.0
Cedric Tillman,WR,Tennessee,Tennessee,2023,74,3,backtest,2000-04-19,23.0,60.6,60.9,66.2,44.8,67.2,,,,,8.67,0.0,0.0,75.0,213.0,,,,26.62,4.54,,37.0,128.0,,,,,0.0,0.0,0.0,,,417.0,37.0,,11.27,,,,34.4,21.0,,,422.0,,10.0,2.89,4.7,4.0,14.9,21.4,,,,,,70.3,69.1,,2.01,2.01,,80.4,,8.93,8.93,0.0,0.0,0.0,0.0,32.0,2.0,136.8,"Velus Jones Jr. (Rd3 #71, 2022); Jalin Hyatt (Rd3 #73, 2023)",,1.0
Josh Downs,WR,North Carolina,North Carolina,2023,79,3,backtest,2001-08-12,21.0,71.0,68.0,64.7,71.8,82.8,,,,,8.99,0.0,100.0,69.0,171.0,,,,25.25,4.48,,38.5,131.0,,,,,0.0,0.0,0.0,,,1029.0,94.0,,10.95,,,,35.5,20.0,,,525.0,,23.0,3.52,-6.8,2.0,12.3,19.1,,,,,,82.9,86.6,,2.18,2.18,,182.2,,13.01,13.01,0.0,0.0,1.0,1.0,47.0,2.0,92.0,"Antoine Green (Rd7 #219, 2023); Devontez Walker (Rd4 #113, 2024)",,1.0
Michael Wilson,WR,Stanford,Stanford,2023,94,3,backtest,2000-02-23,23.0,64.9,63.56,58.7,66.6,99.9,,,,,9.55,0.0,0.0,74.0,213.0,,,,27.34,4.58,,37.5,125.0,23.0,,4.27,,47.0,4.0,0.0,,,418.0,27.0,,15.48,,,,40.4,19.0,,,448.0,,12.0,1.51,9.5,2.0,12.4,19.5,,,,,,74.5,72.0,,2.3,2.3,,220.6,,12.98,12.98,1.0,1.0,1.0,1.0,46.0,1.0,38.9,"Elijah Higgins (Rd6 #197, 2023)",,1.0
Tre Tucker,WR,Cincinnati,Cincinnati,2023,100,3,backtest,2001-03-08,22.0,40.0,49.28,57.2,22.7,34.0,,,,,7.16,0.0,0.0,69.0,182.0,,,,26.87,4.4,,37.5,124.0,,,,,8.0,1.0,0.0,,,672.0,53.0,,12.68,,,,19.0,,,,417.0,,11.0,1.62,1.3,,12.8,,,,,,,70.3,69.5,,2.24,2.24,,161.7,,9.51,9.51,0.0,0.0,0.0,0.0,47.0,3.0,176.3,"Alec Pierce (Rd2 #53, 2022); Tyler Scott (Rd4 #133, 2023); Josh Whyle (Rd5 #147, 2023)",,1.0
Derius Davis,WR,TCU,TCU,2023,125,4,backtest,2000-09-11,22.0,32.5,45.21,50.0,23.5,35.3,,,,,4.29,0.0,0.0,68.0,165.0,,,,25.09,4.36,,,,,,4.38,,30.0,3.0,1.0,,,531.0,42.0,,12.64,,,,15.3,,,,454.0,,10.0,1.67,-2.5,,13.5,,,,,,,61.8,66.4,,2.0,2.0,,40.1,,3.65,3.65,0.0,0.0,0.0,0.0,30.0,2.0,139.6,"Quentin Johnston (Rd1 #21, 2023); Jared Wiley (Rd4 #131, 2024)",,1.0
Charlie Jones,WR,Purdue,Purdue,2023,131,4,backtest,1998-10-29,24.0,32.2,45.14,48.0,26.6,39.9,,,,,,0.0,0.0,71.0,175.0,,,,24.4,4.43,,36.5,124.0,13.0,,,,3.0,2.0,0.0,,,1361.0,110.0,,12.37,,,,43.6,23.0,,,581.0,,16.0,2.33,17.4,6.0,12.4,23.9,,,,,,81.6,83.8,,2.7,2.7,,20.7,,,,0.0,0.0,,0.0,8.0,2.0,105.2,"David Bell (Rd3 #99, 2022); Payne Durham (Rd5 #171, 2023)",,1.0
Tyler Scott,WR,Cincinnati,Cincinnati,2023,133,4,backtest,2001-10-12,21.0,65.8,63.82,46.4,89.9,84.9,,,,,8.61,100.0,100.0,70.0,177.0,,,,25.39,4.44,,39.5,133.0,,,,,0.0,0.0,0.0,,,899.0,55.0,,16.35,,,,41.0,20.0,,,417.0,,16.0,2.17,27.9,3.0,16.5,20.9,,,,,,72.1,73.2,,2.5,2.5,,35.9,,2.76,2.76,0.0,0.0,0.0,0.0,14.0,3.0,184.4,"Alec Pierce (Rd2 #53, 2022); Tre Tucker (Rd3 #100, 2023); Josh Whyle (Rd5 #147, 2023)",,1.0
Justin Shorter,WR,Florida,Florida,2023,150,5,backtest,1999-09-09,23.0,29.9,43.38,41.8,30.8,46.2,,,,,7.94,0.0,0.0,76.0,229.0,,,,27.87,4.55,,35.5,126.0,18.0,,,,0.0,0.0,0.0,,,577.0,29.0,,19.9,,,,22.4,22.0,,,366.0,,9.0,1.58,2.9,,14.1,,,,,,,74.0,75.2,,2.42,2.42,,0.0,,,,0.0,0.0,,,0.0,1.0,82.2,"Ricky Pearsall (Rd1 #31, 2024)",,1.0
Dontayvion Wicks,WR,Virginia,Virginia,2023,159,5,backtest,2001-06-16,21.0,38.3,48.76,39.4,53.3,80.0,,,,,9.17,0.0,0.0,73.0,206.0,,,,27.18,4.62,,39.0,130.0,,,,,0.0,0.0,0.0,,,430.0,30.0,,14.33,,,,30.0,20.0,,,342.0,,17.0,2.17,46.1,3.0,18.8,20.2,,,,,,59.0,58.8,,1.45,1.45,,119.8,,7.98,7.98,0.0,0.0,0.0,0.0,45.0,2.0,109.6,"Jelani Woods (Rd3 #73, 2022); Malik Washington (Rd6 #184, 2024)",,1.0
Puka Nacua,WR,BYU,BYU,2023,177,5,backtest,2001-05-29,21.0,36.6,46.91,31.8,56.1,84.2,,,,,5.18,0.0,0.0,74.0,201.0,,,,25.8,,,,,,,,,209.0,25.0,,,,625.0,,,,,,,28.3,20.0,,,392.0,,17.0,2.06,20.4,3.0,15.7,19.3,,,,,,,,,,,,377.0,,23.56,23.56,1.0,1.0,3.0,3.0,44.0,0.0,0.0,,,1.0
Parker Washington,WR,Penn St.,Penn St.,2023,185,6,backtest,2002-03-21,21.0,54.2,56.91,29.0,93.3,99.9,,,,,,60.0,100.0,70.0,204.0,,,,29.27,,,,,16.0,,,,8.0,2.0,0.0,,,611.0,46.0,,13.28,,,,28.3,18.0,,,422.0,,21.0,1.69,8.4,1.0,13.2,18.5,,,,,,76.4,76.7,,2.18,2.18,,172.7,,11.51,11.51,0.0,0.0,1.0,1.0,34.0,3.0,219.6,"Jahan Dotson (Rd1 #16, 2022); Brenton Strange (Rd2 #61, 2023); Theo Johnson (Rd4 #107, 2024)",,1.0
Kayshon Boutte,WR,LSU,LSU,2023,187,6,backtest,2002-05-07,20.0,51.9,55.62,27.0,89.9,99.9,,,,,4.99,40.0,100.0,71.0,195.0,,,,27.19,4.5,,29.0,118.0,,,4.25,,41.0,1.0,0.0,,,538.0,48.0,,11.21,,,,21.8,18.0,,,480.0,,18.0,1.75,10.4,1.0,13.6,18.3,,,,,,64.8,64.9,,1.49,1.49,,124.1,,8.86,8.86,0.0,0.0,0.0,0.0,32.0,2.0,180.7,"Malik Nabers (Rd1 #6, 2024); Brian Thomas (Rd1 #23, 2024)",,1.0
Trey Palmer,WR,Nebraska,Nebraska,2023,191,6,backtest,2001-04-02,22.0,28.5,43.05,25.4,49.9,74.9,,,,,6.18,0.0,0.0,72.0,192.0,,,,26.04,4.33,,,,,,,,75.0,5.0,0.0,,,1043.0,71.0,,14.69,,,,46.1,21.0,,,340.0,,14.0,3.07,5.2,4.0,13.4,21.4,,,,,,83.7,83.6,,3.26,3.26,,95.7,,5.63,5.63,0.0,0.0,0.0,0.0,27.0,1.0,27.3,"Samori Toure (Rd7 #258, 2022)",,1.0
A.T. Perry,WR,Wake Forest,Wake Forest,2023,195,6,backtest,1999-10-26,23.0,22.7,40.94,24.1,44.8,67.2,,,,,9.62,0.0,0.0,76.0,198.0,,,,24.1,4.47,,35.0,133.0,,,,,0.0,0.0,0.0,,,1096.0,81.0,,13.53,,,,34.3,21.0,,,474.0,,17.0,2.49,12.8,4.0,15.6,21.9,,,,,,83.4,83.5,,2.57,2.57,,60.6,,7.58,7.58,0.0,0.0,0.0,0.0,8.0,0.0,0.0,,,1.0
Elijah Higgins,WR,Stanford,Stanford,2023,197,6,backtest,2000-06-07,22.0,21.2,40.45,23.5,44.1,66.1,,,,,8.94,0.0,0.0,75.0,235.0,,,,29.37,4.54,,35.0,126.0,,7.01,,,48.0,4.0,0.0,,,704.0,59.0,,11.93,,,,22.2,21.0,,,448.0,,12.0,1.57,5.7,3.0,11.6,20.9,,,,,,65.4,64.8,,1.83,1.83,,0.0,,4.03,4.03,0.0,0.0,0.0,0.0,38.0,1.0,62.3,"Michael Wilson (Rd3 #94, 2023)",,1.0
Xavier Hutchinson,WR,Iowa St.,Iowa St.,2023,205,6,backtest,2000-06-01,22.0,27.3,42.56,20.5,54.8,82.2,,,,,7.27,0.0,0.0,74.0,203.0,,,,26.06,4.53,,36.0,116.0,,6.91,4.35,,0.0,0.0,0.0,,,1171.0,107.0,,10.94,,,,34.4,20.0,,,479.0,,30.0,2.44,6.4,1.0,11.5,18.3,,,,,,89.7,89.4,,2.72,2.72,,98.0,,6.12,6.12,0.0,0.0,0.0,0.0,41.0,1.0,53.8,"Charlie Kolar (Rd4 #128, 2022)",,1.0
Andrei Iosivas,WR,Princeton,Princeton,2023,206,6,backtest,1999-10-15,23.0,11.4,36.42,19.8,34.8,52.2,,,,,9.96,0.0,0.0,,,,,,,,,,,,,,,10.0,4.0,,,,943.0,,,,,,,34.4,22.0,,,352.0,,25.0,2.68,28.2,3.0,15.3,21.9,,,,,,,,,,,,119.9,,7.05,7.05,0.0,0.0,0.0,0.0,41.0,0.0,0.0,,,1.0
DeMario Douglas,WR,Liberty,Liberty,2023,210,6,backtest,2000-12-08,22.0,18.3,39.89,17.3,48.2,72.3,,,,,,0.0,0.0,,,,,,,,,,,,,,,105.0,5.0,,,,993.0,,,,,,,34.6,21.0,,,395.0,,18.0,2.51,-4.8,3.0,12.8,20.7,,,,,,,,,,,,147.7,,9.23,9.23,0.0,0.0,0.0,0.0,46.0,0.0,0.0,,,1.0
Antoine Green,WR,North Carolina,North Carolina,2023,219,7,backtest,1999-11-15,23.0,9.4,35.07,14.9,36.2,54.3,,,,,8.68,0.0,0.0,74.0,199.0,,,,25.55,4.47,,33.5,123.0,,6.99,4.27,,558.0,131.0,8.0,,,798.0,43.0,,18.56,,,,28.6,22.0,,,525.0,,9.0,1.61,43.9,,19.0,,,,,,,74.8,75.1,,2.34,2.34,,1.2,,,,0.0,0.0,,0.0,2.0,2.0,123.8,"Josh Downs (Rd3 #79, 2023); Devontez Walker (Rd4 #113, 2024)",,1.0
Colton Dowell,WR,UT Martin,UT Martin,2023,228,7,backtest,1999-04-19,24.0,7.6,33.43,11.8,34.7,52.1,,,,,9.78,0.0,0.0,,,,,,,,,,,,,,,6.0,1.0,,,,1032.0,,,,,,,34.2,22.0,,,389.0,,,,22.8,,15.5,,,,,,,,,,,,,1.3,,,,0.0,0.0,,0.0,2.0,0.0,0.0,,,1.0
Jalen Brooks,WR,South Carolina,South Carolina,2023,244,7,backtest,2000-05-07,22.0,1.6,27.0,5.3,20.3,30.4,,,,,5.6,0.0,0.0,73.0,201.0,,,,26.52,4.69,,35.0,130.0,,7.15,4.31,,51.0,4.0,1.0,,,504.0,33.0,,15.27,,,,10.4,,,,419.0,,8.0,1.2,27.1,,15.3,,,,,,,63.7,62.4,,1.76,1.76,,35.7,,2.98,2.98,0.0,0.0,0.0,0.0,17.0,2.0,114.9,"Nick Muse (Rd7 #227, 2022); Xavier Legette (Rd1 #32, 2024)",,1.0
Ronnie Bell,WR,Michigan,Michigan,2023,253,7,backtest,2000-01-28,23.0,6.2,32.05,3.3,40.9,51.4,,,,,8.2,40.0,0.0,72.0,191.0,,,,25.9,4.54,,38.5,120.0,14.0,6.98,4.15,,23.0,3.0,1.0,,,889.0,62.0,,14.34,,,,22.8,22.0,,,370.0,,16.0,2.4,19.0,3.0,15.6,21.6,,,,,,76.9,77.3,,2.56,2.56,,30.8,,3.85,3.85,0.0,0.0,0.0,0.0,12.0,4.0,221.3,"Luke Schoonmaker (Rd2 #58, 2023); Roman Wilson (Rd3 #84, 2024); AJ Barner (Rd4 #121, 2024); Cornelius Johnson (Rd7 #253, 2024)",,1.0
Grant Dubose,WR,Charlotte,Charlotte,2023,256,7,backtest,2001-06-20,21.0,20.4,40.27,2.0,69.6,79.4,,,,,,0.0,100.0,,,,,,,,,,,,,,,0.0,0.0,0.0,,,792.0,63.0,,12.57,,,,28.8,20.0,,,429.0,,27.0,2.26,7.3,3.0,13.4,20.2,,,,,,71.6,72.8,,1.87,1.87,,3.1,,,,0.0,0.0,,0.0,2.0,0.0,0.0,,,1.0
Marvin Harrison Jr.,WR,Ohio St.,Ohio St.,2024,4,1,backtest,2002-08-11,22.0,99.0,95.69,98.6,93.3,89.9,,,,,,100.0,100.0,75.0,209.0,,,,26.12,,,,,,,,,26.0,2.0,1.0,,,1211.0,67.0,,18.07,,,,47.9,20.0,,,400.0,,25.0,3.08,20.3,2.0,16.9,20.1,,,,,,89.9,89.6,,3.44,3.44,,196.5,,11.56,11.56,0.0,0.0,2.0,2.0,29.0,3.0,229.5,"Jaxon Smith-Njigba (Rd1 #20, 2023); Cade Stover (Rd4 #123, 2024); Emeka Egbuka (Rd1 #19, 2025)",,0.0
Malik Nabers,WR,LSU,LSU,2024,6,1,backtest,2003-07-28,21.0,98.4,94.95,97.4,94.6,96.9,,,,,9.67,80.0,100.0,72.0,200.0,,,,27.12,,,,,,,,,1.0,1.0,0.0,,,1569.0,89.0,,17.63,,,,33.7,19.0,,,411.0,,24.0,3.82,33.0,2.0,17.6,19.1,,,,,,92.9,93.1,,3.64,3.64,,273.6,,18.24,18.24,1.0,1.0,1.0,1.0,19.0,3.0,204.6,"Kayshon Boutte (Rd6 #187, 2023); Brian Thomas (Rd1 #23, 2024); Mason Taylor (Rd2 #42, 2025)",,0.0
Rome Odunze,WR,Washington,Washington,2024,9,1,backtest,2002-06-03,22.0,96.1,89.1,95.7,79.9,99.9,,,,,9.92,80.0,0.0,75.0,212.0,,,,26.5,4.45,,39.0,124.0,,6.88,4.03,,37.0,2.0,1.0,,,1640.0,92.0,,17.83,,,,33.0,19.0,,,575.0,,20.0,2.85,20.8,3.0,15.3,20.3,,,,,,89.8,89.5,,2.93,2.93,,146.1,,12.18,12.18,0.0,0.0,1.0,1.0,29.0,3.0,172.2,"Ja'Lynn Polk (Rd2 #37, 2024); Jalen McMillan (Rd3 #92, 2024); Devin Culp (Rd7 #246, 2024)",,0.0
Brian Thomas,WR,LSU,LSU,2024,23,1,backtest,2002-10-08,21.0,92.6,85.21,88.7,84.2,81.3,,,,,,80.0,100.0,75.0,209.0,,,,26.12,4.33,,38.5,126.0,11.0,,,,-6.0,1.0,0.0,,,1177.0,68.0,,17.31,,,,32.7,20.0,,,411.0,,15.0,2.86,12.6,3.0,14.9,20.9,,,,,,73.7,75.1,,2.61,2.61,,284.0,,16.71,16.71,1.0,1.0,1.0,1.0,31.0,3.0,214.1,"Kayshon Boutte (Rd6 #187, 2023); Malik Nabers (Rd1 #6, 2024); Mason Taylor (Rd2 #42, 2025)",,0.0
Xavier Worthy,WR,Texas,Texas,2024,28,1,backtest,2003-04-27,21.0,95.2,88.4,86.3,99.9,99.9,,,,,9.41,100.0,100.0,71.0,165.0,,,,23.01,4.21,,41.0,131.0,,,,,35.0,4.0,0.0,,,1014.0,75.0,,13.52,,,,38.8,18.0,,,475.0,,30.0,2.84,10.7,1.0,14.0,18.4,,,,,,68.9,72.0,,2.14,2.14,,187.2,,11.7,11.7,0.0,0.0,1.0,1.0,30.0,5.0,312.1,"Adonai Mitchell (Rd2 #52, 2024); Ja'Tavion Sanders (Rd4 #101, 2024); Jordan Whittington (Rd6 #213, 2024); Matthew Golden (Rd1 #23, 2025); Gunnar Helm (Rd4 #120, 2025)",,0.0
Ricky Pearsall,WR,Florida,Florida,2024,31,1,backtest,2000-09-09,23.0,76.2,71.13,85.7,45.2,67.9,,,,,9.91,0.0,0.0,73.0,189.0,,,,24.93,4.41,,42.0,129.0,17.0,6.64,4.05,,62.0,3.0,2.0,,,970.0,65.0,,14.92,,,,25.7,21.0,,,389.0,,19.0,2.49,22.4,3.0,15.2,21.0,,,,,,77.2,77.8,,2.23,2.23,,93.5,,9.84,9.84,0.0,0.0,0.0,0.0,19.0,2.0,108.7,"Justin Shorter (Rd5 #150, 2023); Chimere Dike (Rd4 #103, 2025)",,0.0
Xavier Legette,WR,South Carolina,South Carolina,2024,32,1,backtest,2001-01-29,23.0,70.1,67.82,85.3,35.2,52.7,,,,,9.9,0.0,0.0,73.0,221.0,,,,29.15,4.39,,40.0,126.0,,,,,-9.0,9.0,0.0,,,1255.0,71.0,,17.68,,,,35.5,22.0,,,412.0,,11.0,3.05,13.4,5.0,13.5,22.6,,,,,,82.5,86.9,,3.15,3.15,,125.1,,8.34,8.34,0.0,0.0,0.0,0.0,30.0,1.0,29.9,"Jalen Brooks (Rd7 #244, 2023)",,0.0
Keon Coleman,WR,Florida St.,Florida St.,2024,33,2,backtest,2003-05-17,21.0,85.7,78.66,84.7,72.2,83.3,,,,,8.18,0.0,100.0,75.0,213.0,,,,26.62,4.61,,38.0,127.0,,,,,2.0,1.0,0.0,,,658.0,50.0,,13.16,,,,36.6,20.0,,,433.0,,18.0,1.94,6.9,2.0,13.1,19.3,,,,,,70.2,70.6,,1.74,1.74,,111.5,,8.58,8.58,0.0,0.0,0.0,0.0,25.0,2.0,73.6,"Johnny Wilson (Rd6 #185, 2024); Jaheim Bell (Rd7 #231, 2024)",,0.0
Ladd McConkey,WR,Georgia,Georgia,2024,34,2,backtest,2001-11-11,22.0,66.3,64.7,83.7,26.6,39.9,,,,,9.34,0.0,0.0,72.0,186.0,,,,25.22,4.39,,36.0,124.0,13.0,,,,38.0,2.0,1.0,,,478.0,30.0,,15.93,,,,19.9,,,,456.0,,14.0,1.55,5.5,,14.2,,,,,,,82.6,81.3,,3.26,3.26,,240.9,,15.06,15.06,1.0,1.0,2.0,2.0,32.0,4.0,241.2,"Darnell Washington (Rd3 #93, 2023); Brock Bowers (Rd1 #13, 2024); Arian Smith (Rd4 #110, 2025); Dominic Lovett (Rd7 #244, 2025)",,0.0
Ja'Lynn Polk,WR,Washington,Washington,2024,37,2,backtest,2002-04-11,22.0,76.5,71.23,82.2,51.0,66.5,,,,,8.85,40.0,0.0,73.0,203.0,,,,26.78,4.52,,37.5,129.0,,,,,32.0,4.0,1.0,,,1159.0,69.0,,16.8,,,,23.1,21.0,,,575.0,,13.0,2.02,23.2,4.0,15.6,21.4,,,,,,75.0,76.0,,2.29,2.29,,32.7,,2.52,2.52,0.0,0.0,0.0,0.0,13.0,3.0,185.3,"Rome Odunze (Rd1 #9, 2024); Jalen McMillan (Rd3 #92, 2024); Devin Culp (Rd7 #246, 2024)",,0.0
Adonai Mitchell,WR,Texas,Texas,2024,52,2,backtest,2002-10-08,21.0,84.5,78.46,75.7,87.5,81.2,,,,,9.99,100.0,100.0,74.0,205.0,,,,26.32,4.34,,39.5,136.0,,,,,1.0,2.0,0.0,,,845.0,55.0,,15.36,,,,32.4,20.0,,,475.0,,14.0,1.78,12.2,3.0,15.1,20.9,,,,,,72.0,74.1,,1.72,1.72,,89.9,,5.62,5.62,0.0,0.0,0.0,0.0,33.0,5.0,321.0,"Xavier Worthy (Rd1 #28, 2024); Ja'Tavion Sanders (Rd4 #101, 2024); Jordan Whittington (Rd6 #213, 2024); Matthew Golden (Rd1 #23, 2025); Gunnar Helm (Rd4 #120, 2025)",,0.0
Malachi Corley,WR,Western Kentucky,Western Kentucky,2024,65,3,backtest,2002-03-21,22.0,67.8,65.29,69.8,53.2,79.8,,,,,7.76,0.0,0.0,71.0,215.0,,,,29.98,,,,,,,,,11.0,4.0,0.0,,,984.0,79.0,,12.46,,,,29.6,20.0,,,539.0,,17.0,2.08,-3.5,3.0,11.7,20.5,,,,,,82.6,82.5,,2.78,2.78,,31.6,,2.63,2.63,0.0,0.0,0.0,0.0,17.0,0.0,0.0,,,0.0
Jermaine Burton,WR,Alabama,Alabama,2024,80,3,backtest,2001-06-28,23.0,53.3,56.52,64.2,34.2,51.3,,,,,9.09,0.0,0.0,72.0,196.0,,,,26.58,4.45,,38.5,133.0,,,,,0.0,0.0,0.0,,,798.0,39.0,,20.46,,,,32.6,22.0,,,325.0,,19.0,2.46,28.8,4.0,18.0,21.2,,,,,,79.6,82.0,,2.75,2.75,,14.7,,,,0.0,0.0,,0.0,4.0,2.0,103.8,"Cameron Latu (Rd3 #101, 2023); Robbie Ouzts (Rd5 #175, 2025)",,0.0
Roman Wilson,WR,Michigan,Michigan,2024,84,3,backtest,2001-06-19,23.0,61.1,61.21,62.4,52.4,53.7,,,,,8.59,100.0,0.0,71.0,185.0,,,,25.8,4.39,,,,12.0,,,,10.0,1.0,0.0,,,789.0,48.0,,16.44,,,,37.3,22.0,,,361.0,,16.0,2.19,25.6,4.0,16.0,22.2,,,,,,81.5,84.5,,2.68,2.68,,40.6,,4.51,4.51,0.0,0.0,0.0,0.0,9.0,5.0,277.0,"Luke Schoonmaker (Rd2 #58, 2023); Ronnie Bell (Rd7 #253, 2023); AJ Barner (Rd4 #121, 2024); Cornelius Johnson (Rd7 #253, 2024); Colston Loveland (Rd1 #10, 2025)",,0.0
Jalen McMillan,WR,Washington,Washington,2024,92,3,backtest,2001-12-07,22.0,64.3,63.51,59.5,65.2,82.8,,,,,8.67,60.0,0.0,73.0,197.0,,,,25.99,4.47,,37.0,127.0,,6.94,4.18,,30.0,3.0,1.0,,,559.0,45.0,,12.42,,,,25.5,20.0,,,575.0,,14.0,1.91,3.4,3.0,13.1,19.7,,,,,,70.3,70.8,,2.3,2.3,,135.4,,10.42,10.42,0.0,0.0,1.0,1.0,17.0,3.0,202.4,"Rome Odunze (Rd1 #9, 2024); Ja'Lynn Polk (Rd2 #37, 2024); Devin Culp (Rd7 #246, 2024)",,0.0
Luke McCaffrey,WR,Rice,Rice,2024,100,3,backtest,2001-04-02,23.0,54.5,57.24,57.2,49.2,73.8,,,,,9.44,0.0,0.0,74.0,198.0,,,,25.42,4.46,,36.0,121.0,,6.7,4.02,,117.0,15.0,0.0,,,992.0,71.0,,13.97,,,,37.5,21.0,,,431.0,,12.0,2.3,5.5,4.0,13.3,21.4,,,,,,80.1,82.7,,2.11,2.11,,49.3,,2.9,2.9,0.0,0.0,0.0,0.0,19.0,0.0,0.0,,,0.0
Troy Franklin,WR,Oregon,Oregon,2024,102,4,backtest,2003-02-06,21.0,68.6,66.19,56.8,80.2,95.4,,,,,9.02,0.0,100.0,74.0,176.0,,,,22.59,4.41,,39.0,124.0,,6.9,4.31,,0.0,0.0,0.0,,,1383.0,81.0,,17.07,,,,30.7,19.0,,,514.0,,20.0,2.69,28.2,2.0,15.5,19.6,,,,,,84.9,87.3,,3.32,3.32,,173.1,,10.18,10.18,0.0,0.0,1.0,1.0,33.0,2.0,108.2,"Terrance Ferguson (Rd2 #46, 2025); Tez Johnson (Rd7 #235, 2025)",,0.0
Javon Baker,WR,Central Florida,Central Florida,2024,110,4,backtest,2002-02-18,22.0,60.0,60.69,53.5,66.6,99.9,,,,,7.84,0.0,0.0,73.0,202.0,,,,26.65,4.54,,37.0,121.0,,,,,16.0,4.0,0.0,,,1139.0,52.0,,21.9,,,,31.5,18.0,,,366.0,,15.0,3.11,34.4,3.0,17.5,20.5,,,,,,82.9,84.3,,3.21,3.21,,2.2,,,,0.0,0.0,,0.0,4.0,0.0,0.0,,,0.0
Devontez Walker,WR,North Carolina,North Carolina,2024,113,4,backtest,2001-06-19,23.0,53.9,56.85,52.3,55.5,58.3,,,,,9.76,0.0,100.0,74.0,193.0,,,,24.78,4.36,,40.5,134.0,,,,,23.0,3.0,0.0,,,699.0,41.0,,17.05,,,,36.6,22.0,,,460.0,,22.0,2.64,26.4,4.0,16.8,21.2,,,,,,68.2,68.3,,2.28,2.28,,37.6,,,,0.0,0.0,,0.0,7.0,2.0,101.0,"Josh Downs (Rd3 #79, 2023); Antoine Green (Rd7 #219, 2023)",,0.0
Jacob Cowing,WR,Arizona,Arizona,2024,135,4,backtest,2001-02-04,23.0,42.3,50.37,45.8,46.2,69.3,,,,,6.28,0.0,0.0,68.0,168.0,,,,25.54,4.38,,36.0,119.0,,7.02,4.32,,26.0,5.0,0.0,,,839.0,89.0,,9.43,,,,28.5,21.0,,,464.0,,32.0,2.89,5.6,1.0,14.2,18.6,,,,,,75.2,77.2,,1.92,1.92,,12.7,,,,0.0,0.0,,0.0,3.0,2.0,133.2,"Tanner McLachlan (Rd6 #194, 2024); Tetairoa McMillan (Rd1 #8, 2025)",,0.0
Anthony Gould,WR,Oregon St.,Oregon St.,2024,142,5,backtest,2001-04-06,23.0,28.2,43.03,43.4,25.5,38.2,,,,,8.87,0.0,0.0,68.0,174.0,,,,26.45,4.39,,39.5,129.0,,,4.16,,22.0,4.0,0.0,,,718.0,44.0,,16.32,,,,18.2,,,,380.0,,11.0,1.89,21.5,,16.2,,,,,,,73.9,74.1,,2.54,2.54,,3.3,,,,0.0,0.0,,0.0,3.0,1.0,78.0,"Luke Musgrave (Rd2 #42, 2023)",,0.0
Ainias Smith,WR,Texas A&M,Texas A&M,2024,152,5,backtest,2001-05-31,23.0,48.1,53.43,41.2,65.3,98.0,,,,,7.36,0.0,0.0,69.0,190.0,,,,28.06,,,,,21.0,,,,21.0,5.0,0.0,,,795.0,53.0,,15.0,,,,26.0,19.0,,,426.0,,17.0,1.87,11.1,2.0,13.4,19.3,,,,,,77.1,79.4,,2.27,2.27,,17.7,,,,0.0,0.0,,0.0,3.0,0.0,0.0,,,0.0
Jamari Thrash,WR,Louisville,Louisville,2024,156,5,backtest,2000-12-19,23.0,29.0,43.32,40.5,33.7,50.5,,,,,6.77,0.0,0.0,72.0,188.0,,,,25.49,4.46,,34.0,120.0,,7.16,,,12.0,1.0,1.0,,,858.0,62.0,,13.84,,,,31.0,22.0,,,408.0,,20.0,3.74,22.6,3.0,15.6,20.7,,,,,,77.6,78.4,,2.35,2.35,,20.7,,2.59,2.59,0.0,0.0,0.0,0.0,14.0,0.0,0.0,,,0.0
Bub Means,WR,Pittsburgh,Pittsburgh,2024,170,5,backtest,2001-01-10,23.0,24.1,41.27,35.5,33.9,50.8,,,,,9.35,0.0,0.0,73.0,212.0,,,,27.97,4.43,,39.5,122.0,19.0,,,,0.0,0.0,0.0,,,721.0,41.0,,17.59,,,,31.6,22.0,,,360.0,,19.0,,32.1,5.0,17.2,22.8,,,,,,71.1,72.0,,2.14,2.14,,26.8,,,,0.0,0.0,,0.0,4.0,2.0,68.2,"Gavin Bartholomew (Rd6 #202, 2025); Konata Mumpfield (Rd7 #242, 2025)",,0.0
Jha'Quan Jackson,WR,Tulane,Tulane,2024,182,6,backtest,2000-05-15,24.0,34.8,46.27,30.5,56.4,84.6,,,,,5.34,0.0,0.0,69.0,188.0,,,,27.76,4.42,,32.0,118.0,12.0,,,,51.0,5.0,0.0,,,439.0,26.0,,16.88,,,,29.1,20.0,,,368.0,,13.0,1.46,22.7,2.0,16.0,19.3,,,,,,74.1,72.9,,2.3,2.3,,1.3,,,,0.0,0.0,,0.0,2.0,0.0,0.0,,,0.0
Malik Washington,WR,Virginia,Virginia,2024,184,6,backtest,2000-10-20,23.0,19.2,40.05,29.9,36.6,54.9,,,,,8.63,0.0,0.0,69.0,191.0,,,,28.2,4.47,,42.5,126.0,19.0,,,,7.0,3.0,0.0,,,1426.0,111.0,,12.85,,,,47.4,22.0,,,396.0,,20.0,3.6,10.7,3.0,12.1,21.7,,,,,,91.1,92.4,,3.15,3.15,,112.7,,6.63,6.63,0.0,0.0,0.0,0.0,29.0,1.0,46.8,"Dontayvion Wicks (Rd5 #159, 2023)",,0.0
Johnny Wilson,WR,Florida St.,Florida St.,2024,185,6,backtest,2001-04-03,23.0,23.3,41.1,29.0,40.6,60.8,,,,,9.7,0.0,0.0,78.0,231.0,,,,26.69,4.52,,37.0,128.0,,,4.11,,0.0,0.0,0.0,,,617.0,41.0,,15.05,,,,21.7,21.0,,,433.0,,14.0,2.27,24.6,3.0,17.2,21.4,,,,,,75.9,74.6,,2.42,2.42,,14.8,,1.64,1.64,0.0,0.0,0.0,0.0,9.0,2.0,113.7,"Keon Coleman (Rd2 #33, 2024); Jaheim Bell (Rd7 #231, 2024)",,0.0
Casey Washington,WR,Illinois,Illinois,2024,187,6,backtest,2001-03-06,23.0,9.7,35.48,27.0,22.8,34.2,,,,,7.15,0.0,0.0,,,,,,,,,,,,,,,0.0,0.0,0.0,,,670.0,49.0,,13.67,,,,19.2,,,,414.0,,11.0,1.62,10.2,5.0,12.3,22.3,,,,,,71.4,71.2,,1.63,1.63,,15.4,,,,0.0,0.0,,0.0,7.0,2.0,133.3,"Tip Reiman (Rd3 #82, 2024); Pat Bryant (Rd3 #74, 2025)",,0.0
Tejhaun Palmer,WR,Ala-Birmingham,Ala-Birmingham,2024,191,6,backtest,2000-05-19,24.0,8.8,34.9,25.4,22.8,34.1,,,,,9.57,0.0,0.0,,,,,,,,,,,,,,,0.0,0.0,0.0,,,858.0,47.0,,18.26,,,,28.3,23.0,,,427.0,,15.0,2.01,36.0,5.0,17.0,23.1,,,,,,71.4,70.3,,2.15,2.15,,0.0,,,,0.0,0.0,,,0.0,0.0,0.0,,,0.0
Jordan Whittington,WR,Texas,Texas,2024,213,6,backtest,2000-10-01,23.0,4.2,30.56,16.5,18.5,27.7,,,,,,0.0,0.0,73.0,205.0,,,,27.04,,,,,18.0,,,,18.0,3.0,0.0,,,505.0,41.0,,12.32,,,,12.7,,,,475.0,,10.0,1.61,-2.8,,12.5,,,,,,,65.4,65.4,,1.52,1.52,,52.5,,2.79,2.79,0.0,0.0,0.0,0.0,19.0,5.0,359.8,"Xavier Worthy (Rd1 #28, 2024); Adonai Mitchell (Rd2 #52, 2024); Ja'Tavion Sanders (Rd4 #101, 2024); Matthew Golden (Rd1 #23, 2025); Gunnar Helm (Rd4 #120, 2025)",,0.0
Ryan Flournoy,WR,SE Missouri St.,SE Missouri St.,2024,216,6,backtest,1999-10-27,24.0,4.5,30.62,15.7,20.0,30.0,,,,,9.89,0.0,0.0,,,,,,,,,,,,,,,49.0,6.0,,,,839.0,,,,,,,,,,,365.0,,,,28.3,,15.2,,,,,,,,,,,,,114.0,,8.77,8.77,0.0,0.0,0.0,0.0,20.0,0.0,0.0,,,0.0
Brenden Rice,WR,USC,USC,2024,225,7,backtest,2002-03-18,22.0,10.8,36.16,12.7,42.5,63.8,,,,,7.17,0.0,0.0,74.0,208.0,,,,26.7,4.5,,36.5,119.0,13.0,,,,0.0,0.0,0.0,,,791.0,45.0,,17.58,,,,27.5,21.0,,,461.0,,17.0,1.72,26.3,2.0,16.4,19.5,,,,,,77.5,78.8,,2.75,2.75,,0.0,,,,0.0,0.0,,,0.0,2.0,116.1,"Jordan Addison (Rd1 #23, 2023); Tahj Washington (Rd7 #241, 2024)",,0.0
Devaughn Vele,WR,Utah,Utah,2024,235,7,backtest,1997-12-12,26.0,1.9,27.18,9.2,17.0,25.4,,,,,8.47,0.0,0.0,76.0,203.0,,,,24.71,4.47,,36.0,126.0,,,,,0.0,0.0,0.0,,,593.0,43.0,,13.79,,,,30.9,25.0,,,328.0,,11.0,1.81,15.8,5.0,13.7,24.0,,,,,,66.8,69.1,,1.81,1.81,,106.5,,8.19,8.19,0.0,0.0,0.0,0.0,22.0,2.0,115.2,"Dalton Kincaid (Rd1 #25, 2023); Caleb Lohner (Rd7 #241, 2025)",,0.0
Tahj Washington,WR,USC,USC,2024,241,7,backtest,2001-05-16,23.0,4.8,30.62,6.3,31.0,46.5,,,,,5.13,0.0,0.0,,,,,,,,,,,,,,,10.0,1.0,0.0,,,1062.0,59.0,,18.0,,,,23.1,22.0,,,461.0,,15.0,2.3,19.0,2.0,15.4,19.3,,,,,,82.2,85.0,,3.06,3.06,,6.7,,,,0.0,0.0,,0.0,2.0,2.0,119.1,"Jordan Addison (Rd1 #23, 2023); Brenden Rice (Rd7 #225, 2024)",,0.0
Cornelius Johnson,WR,Michigan,Michigan,2024,253,7,backtest,2000-11-21,23.0,28.8,43.28,3.3,78.4,97.6,,,,,9.46,80.0,0.0,75.0,212.0,,,,26.5,4.44,,37.5,127.0,,,,,40.0,3.0,0.0,,,604.0,47.0,,12.85,,,,25.1,19.0,,,361.0,,15.0,1.67,17.6,,14.8,,,,,,,71.1,70.6,,1.77,1.77,,0.0,,,,0.0,0.0,,,0.0,5.0,313.7,"Luke Schoonmaker (Rd2 #58, 2023); Ronnie Bell (Rd7 #253, 2023); Roman Wilson (Rd3 #84, 2024); AJ Barner (Rd4 #121, 2024); Colston Loveland (Rd1 #10, 2025)",,0.0
Travis Hunter,WR,Colorado,Colorado,2025,2,1,backtest,2003-05-18,22.0,98.1,93.98,99.0,82.9,99.4,,,,,,0.0,100.0,,,,,,,,,,,,,,,5.0,2.0,1.0,,,1258.0,96.0,,13.1,,,,38.8,19.0,,,481.0,,26.0,2.62,12.4,3.0,12.7,,,,,,,86.3,89.0,,2.51,2.51,,63.8,,,,0.0,0.0,,0.0,7.0,2.0,74.4,"LaJohntay Wester (Rd6 #203, 2025); Jimmy Horn (Rd6 #208, 2025)",,1.0
Tetairoa McMillan,WR,Arizona,Arizona,2025,8,1,backtest,2003-04-05,22.0,96.8,90.56,96.3,83.3,99.9,,,,,,0.0,100.0,,,,,,,,,,,,,,,0.0,0.0,0.0,,,1319.0,84.0,,15.7,,,,41.0,19.0,,,437.0,,33.0,3.02,30.1,1.0,16.0,,,,,,,84.8,85.8,,2.87,2.87,,213.4,,12.55,12.55,1.0,0.0,1.0,1.0,17.0,2.0,91.7,"Jacob Cowing (Rd4 #135, 2024); Tanner McLachlan (Rd6 #194, 2024)",,1.0
Emeka Egbuka,WR,Ohio State,Ohio St.,2025,19,1,backtest,2002-10-14,22.0,88.6,80.86,92.1,65.4,83.0,,,,,9.72,60.0,0.0,,,,,,,,,,,,,,,33.0,8.0,0.0,,,1011.0,81.0,,12.48,,,,26.1,20.0,,,455.0,,18.0,2.81,2.7,2.0,14.0,,,,,,,79.5,82.4,,2.51,2.51,,193.7,,11.39,11.39,1.0,0.0,1.0,1.0,17.0,2.0,151.7,"Marvin Harrison Jr. (Rd1 #4, 2024); Cade Stover (Rd4 #123, 2024)",,1.0
Matthew Golden,WR,Texas,Texas,2025,23,1,backtest,2003-08-01,22.0,91.2,83.35,88.7,78.0,77.0,,,,,,60.0,100.0,,,,,,,,,,,,,,,0.0,0.0,0.0,,,987.0,58.0,,17.02,,,,24.1,20.0,,,541.0,,18.0,1.82,22.5,3.0,14.7,,,,,,,74.0,75.6,,2.1,2.1,,70.0,,5.0,5.0,0.0,0.0,0.0,0.0,14.0,5.0,309.9,"Xavier Worthy (Rd1 #28, 2024); Adonai Mitchell (Rd2 #52, 2024); Ja'Tavion Sanders (Rd4 #101, 2024); Jordan Whittington (Rd6 #213, 2024); Gunnar Helm (Rd4 #120, 2025)",,1.0
Jayden Higgins,WR,Iowa State,Iowa St.,2025,34,2,backtest,2002-12-15,22.0,84.3,78.03,83.7,71.0,81.5,,,,,9.63,0.0,100.0,,,,,,,,,,,,,,,0.0,0.0,0.0,,,1183.0,87.0,,13.6,,,,33.0,20.0,,,472.0,,32.0,2.58,18.5,2.0,14.6,,,,,,,90.3,90.5,,2.67,2.67,,129.5,,7.62,7.62,0.0,0.0,0.0,0.0,17.0,1.0,66.4,"Jaylin Noel (Rd3 #79, 2025)",,1.0
Luther Burden III,WR,Missouri,Missouri,2025,39,2,backtest,2003-12-12,21.0,87.7,80.38,81.5,83.3,99.9,,,,,,0.0,100.0,,,,,,,,,,,,,,,125.0,10.0,2.0,,,666.0,60.0,6.0,11.1,,,,36.5,19.0,,,403.0,,27.0,3.2,-3.3,2.0,11.8,,,,,,,77.9,80.2,,2.32,2.32,,127.9,,8.53,8.53,0.0,0.0,0.0,0.0,15.0,1.0,79.1,"Luther Burden (Rd2 #39, 2025)",,1.0
Tre Harris,WR,Ole Miss,Mississippi,2025,55,2,backtest,2002-02-28,23.0,67.2,65.11,74.4,45.3,67.9,,,,,9.23,0.0,0.0,,,,,,,,,,,,,,,0.0,0.0,0.0,,,1063.0,60.0,,17.72,,,,35.8,21.0,,,434.0,,20.0,2.49,16.9,3.0,16.1,,,,,,,89.7,89.4,,5.12,5.12,,69.4,,4.34,4.34,0.0,0.0,0.0,0.0,16.0,1.0,51.5,"Jordan Watkins (Rd4 #138, 2025)",,1.0
Kyle Williams,WR,Washington State,Washington St.,2025,69,3,backtest,2002-11-13,22.0,71.7,68.46,68.5,66.6,99.9,,,,,6.34,0.0,0.0,,,,,,,,,,,,,,,57.0,9.0,0.0,,,1193.0,70.0,,17.04,,,,33.2,18.0,,,399.0,,28.0,2.99,22.9,1.0,14.5,,,,,,,79.8,82.0,,2.71,2.71,,49.2,,3.78,3.78,0.0,0.0,0.0,0.0,13.0,0.0,0.0,,,1.0
Isaac TeSlaa,WR,Arkansas,Arkansas,2025,70,3,backtest,2002-02-20,23.0,49.6,54.4,67.6,20.4,30.6,,,,,9.93,0.0,0.0,,,,,,,,,,,,,,,0.0,0.0,0.0,,,545.0,28.0,,19.46,,,,15.6,,,,414.0,,15.0,1.32,14.5,,14.2,,,,,,,69.1,70.5,,1.98,1.98,,75.9,,5.42,5.42,0.0,0.0,0.0,0.0,14.0,0.0,0.0,,,1.0
Pat Bryant,WR,Illinois,Illinois,2025,74,3,backtest,2002-12-10,22.0,60.8,61.02,66.2,45.2,67.8,,,,,7.08,0.0,0.0,,,,,,,,,,,,,,,14.0,5.0,0.0,,,978.0,54.0,,18.11,,,,35.6,21.0,,,353.0,,19.0,2.77,31.6,3.0,15.4,,,,,,,84.5,86.0,,2.83,2.83,,74.8,,6.23,6.23,0.0,0.0,0.0,0.0,12.0,2.0,106.4,"Tip Reiman (Rd3 #82, 2024); Casey Washington (Rd6 #187, 2024)",,1.0
Chimere Dike,WR,Florida,Florida,2025,103,4,backtest,2001-12-14,23.0,55.9,57.83,56.2,52.9,79.4,,,,,9.72,0.0,0.0,,,,,,,,,,,,,,,0.0,0.0,0.0,,,783.0,42.0,,18.64,,,,28.8,20.0,,,339.0,,18.0,2.31,38.4,3.0,16.3,,,,,,,72.9,71.3,,2.3,2.3,,116.1,,6.83,6.83,0.0,0.0,0.0,0.0,17.0,1.0,82.2,"Ricky Pearsall (Rd1 #31, 2024)",,1.0
Elic Ayomanor,WR,Stanford,Stanford,2025,136,4,backtest,2003-06-03,22.0,56.2,57.98,45.5,72.1,83.1,,,,,9.71,0.0,100.0,,,,,,,,,,,,,,,0.0,0.0,0.0,,,831.0,63.0,,13.19,,,,36.2,20.0,,,370.0,,38.0,2.37,33.6,2.0,14.7,,,,,,,74.1,74.3,,1.9,1.9,,116.5,,7.28,7.28,0.0,0.0,0.0,0.0,16.0,0.0,0.0,,,1.0
Tez Johnson,WR,Oregon,Oregon,2025,235,7,backtest,2002-05-18,23.0,22.4,40.66,9.2,61.9,92.8,,,,,7.3,0.0,0.0,,,,,,,,,,,,,,,-1.0,1.0,0.0,,,898.0,82.0,,10.95,,,,25.7,19.0,,,460.0,,21.0,2.3,7.1,2.0,12.6,,,,,,,83.1,87.0,,2.6,2.6,,92.4,,6.16,6.16,0.0,0.0,0.0,0.0,15.0,2.0,136.8,"Troy Franklin (Rd4 #102, 2024); Terrance Ferguson (Rd2 #46, 2025)",,1.0
Jeremiyah Love,RB,Notre Dame,FBS Independents,2026,9,1,2026_prospect,2005-05-31,20.9,98.1,81.69,96.4,60.6,,57.1,81.5,,,,,,72.0,214.0,,,,29.02,4.36,1.55,,,,,,,1372.0,199.0,18.0,6.89,12.0,280.0,27.0,3.0,10.37,10.6,9.1,12.0,,,,0.87,322.0,59.96820962174901,,,,,,,1652.0,28.0,,6.6,9.5,,,,,,,,,,,,,,,,,,,,
Jadarian Price,RB,Notre Dame,FBS Independents,2026,53,2,2026_prospect,2003-10-09,22.5,72.2,55.43,84.5,20.4,,17.0,41.2,,,,,,70.625,203.0,9.63,30.88,,28.61,4.49,1.52,35.0,124.0,,,,8.76,674.0,113.0,11.0,5.96,12.0,87.0,6.0,2.0,14.5,5.4,2.8,8.0,,,,0.27,322.0,30.57204614657256,,,,,,,761.0,6.0,121.5,6.0,-0.5,,,,,,,,,,,,,,,,,,,,
Jonah Coleman,RB,Washington,Big Ten,2026,75,3,2026_prospect,2003-08-20,22.7,85.4,63.23,77.0,55.3,,57.4,42.6,,,,,,69.0,228.0,,,,33.67,,,,,,,,,758.0,156.0,15.0,4.86,13.0,354.0,31.0,2.0,11.42,9.4,11.1,7.7,,,,0.96,370.0,72.88979035503343,,,,,,,1237.0,31.0,,5.5,0.9,,,,,,,,,,,,,,,,,,,,
Emmett Johnson,RB,Nebraska,Big Ten,2026,77,3,2026_prospect,2003-10-10,22.5,85.4,63.32,76.6,56.6,,61.5,27.2,,,,,,70.25,202.0,9.75,30.25,,28.77,4.56,1.59,35.5,120.0,,,4.29,5.85,1451.0,251.0,12.0,5.78,13.0,370.0,46.0,3.0,8.04,12.9,12.7,13.0,,,,0.98,378.0,76.28178903728757,,,,,,,1821.0,46.0,120.4,5.4,10.2,,,,,,,,,,,,,,,,,,,,
Nick Singleton,RB,Penn State,Big Ten,2026,113,4,2026_prospect,2004-01-06,22.3,65.6,51.63,63.4,40.9,,40.6,42.6,,,,,,72.0,224.0,,,,30.38,,,,,,,,,549.0,123.0,13.0,4.46,13.0,219.0,24.0,1.0,9.12,7.6,9.0,6.2,,,,0.65,339.0,,,,,,,,,,,,,,,,,,,,,,,,,,,,,,,,
Mike Washington Jr.,RB,Arkansas,SEC,2026,118,4,2026_prospect,2003-07-03,22.8,65.6,51.79,60.8,43.6,,34.2,99.9,,,,,,73.0,223.0,9.25,33.63,,29.42,4.33,1.51,39.0,128.0,,,,10.0,1068.0,168.0,8.0,6.36,12.0,226.0,28.0,1.0,8.07,5.9,7.2,4.5,,,,0.59,381.0,,,,,,,,1292.0,28.0,130.3,4.9,-0.4,,,,,,,,,,,,,,,,,,,,
Kaytron Allen,RB,Penn State,Big Ten,2026,126,4,2026_prospect,2003-01-08,23.3,38.8,41.01,54.4,16.4,,12.0,42.6,,,,,,71.0,217.0,,,,30.26,,,,,,,,,1303.0,210.0,15.0,6.2,13.0,68.0,18.0,0.0,3.78,1.4,2.8,0.0,,,,0.2,339.0,35.23404877034388,,,,,,,1371.0,20.0,,5.4,0.9,,,,,,,,,,,,,,,,,,,,
Seth McGowan,RB,Kentucky,SEC,2026,159,5,2026_prospect,2000-10-17,25.5,29.6,38.7,37.0,23.7,,17.2,62.6,,,,,,72.25,223.0,8.75,31.38,,30.03,4.49,1.52,42.5,131.0,,,4.5,9.63,725.0,165.0,12.0,4.39,12.0,126.0,19.0,0.0,6.63,2.6,5.2,0.0,,,,0.34,367.0,43.7448815243503,,,,,,,1104.0,24.0,137.8,5.1,1.4,,,,,,,,,,,,,,,,,,,,
Kaelon Black,RB,Indiana,Big Ten,2026,161,5,2026_prospect,2001-10-17,24.5,19.5,33.79,37.0,10.4,,5.1,42.6,,,,,,70.0,210.0,,,,30.13,,,,,,,,,1039.0,187.0,10.0,5.56,16.0,36.0,4.0,0.0,9.0,0.5,0.9,0.0,,,,0.09,406.0,31.07834782724201,,,,,,,1076.0,25.0,,5.3,6.0,,,,,,,,,,,,,,,,,,,,
Adam Randall,RB,Clemson,ACC,2026,194,6,2026_prospect,2004-07-14,21.8,32.2,39.28,25.8,38.9,,33.7,70.0,,,,,,75.375,232.0,9.75,32.38,,28.71,4.5,1.54,37.0,124.0,,,4.53,9.42,814.0,168.0,10.0,4.85,13.0,254.0,36.0,3.0,7.06,10.5,7.3,13.6,,,,0.54,474.0,82.24958494163216,,,,,,,1059.0,36.0,124.9,5.0,11.1,,,,,,,,,,,,,,,,,,,,
Demond Claiborne,RB,Wake Forest,ACC,2026,195,6,2026_prospect,2003-10-09,22.5,20.8,34.46,25.2,25.5,,21.7,48.2,,,,,,69.75,188.0,9.0,30.13,,27.17,4.37,1.54,,122.0,,,,8.48,905.0,179.0,10.0,5.06,13.0,140.0,28.0,0.0,5.0,2.3,4.5,0.0,,,,0.34,406.0,45.9591679183694,,,,,,,1303.0,28.0,,4.7,1.5,,,,,,,,,,,,,,,,,,,,
Roman Hemby,RB,Indiana,Big Ten,2026,197,6,2026_prospect,2002-08-16,23.7,20.8,34.38,24.3,26.0,,23.2,42.6,,,,,,72.0,208.0,,,,28.21,,,,,,,,,1120.0,230.0,7.0,4.87,16.0,165.0,17.0,0.0,9.71,2.2,4.3,0.0,,,,0.41,406.0,47.19973035301378,,,,,,,1284.0,40.0,,4.9,-1.5,,,,,,,,,,,,,,,,,,,,
Robert Henry Jr.,RB,UTSA,American Athletic,2026,215,6,2026_prospect,2001-12-31,24.3,10.2,28.54,16.8,15.9,,13.8,28.2,,,,,,69.25,196.0,9.13,30.13,,28.73,4.52,1.56,37.0,124.0,,,4.31,7.47,1045.0,151.0,9.0,6.92,13.0,114.0,18.0,2.0,6.33,4.7,3.5,5.9,,,,0.25,448.0,47.612901662251126,,,,,,,1.163,21.0,124.9,5.9,14.2,,,,,,,,,,,,,,,,,,,,
J'Mari Taylor,RB,Virginia,ACC,2026,222,7,2026_prospect,2002-03-15,24.1,17.7,33.06,14.2,31.3,,29.4,42.6,,,,,,69.0,204.0,,,,30.12,,,34.5,115.0,,,,,1062.0,222.0,14.0,4.78,14.0,253.0,43.0,1.0,5.88,6.6,7.6,5.6,,,,0.51,492.0,60.73049927423418,,,,,,,1413.0,43.0,116.2,5.1,-7.7,,,,,,,,,,,,,,,,,,,,
Eli Heidenreich,RB,Navy,American Athletic,2026,228,7,2026_prospect,2003-07-28,22.7,68.2,53.62,12.9,92.1,,99.9,45.6,,,,,,72.0,198.0,9.5,29.25,,26.85,4.44,1.54,35.5,120.0,,,,9.12,499.0,77.0,3.0,6.48,13.0,941.0,51.0,6.0,18.45,52.8,55.7,50.0,,,,5.17,182.0,,,,,,,,1440.0,51.0,120.4,6.8,24.5,,,,,,,,,,,,,,,,,,,,
Le'Veon Moss,RB,Texas A&M,SEC,2026,244,7,2026_prospect,2002-11-15,23.4,1.0,21.69,6.3,6.5,,0.4,42.6,,,,,,71.0,210.0,,,,29.29,,,,,,,,,404.0,77.0,6.0,5.25,13.0,3.0,2.0,0.0,1.5,0.0,0.1,0.0,,,,0.01,408.0,14.103921776271664,,,,,,,905.0,11.0,,5.5,9.3,,,,,,,,,,,,,,,,,,,,
Kaden Feagin,RB,Illinois,Big Ten,2026,250,7,2026_prospect,2004-03-23,22.1,12.0,30.37,4.1,33.3,,31.8,42.6,,,,,,75.0,250.0,,,,31.24,,,,,,,,,507.0,122.0,7.0,4.16,13.0,188.0,16.0,2.0,11.75,7.4,6.1,8.7,,,,0.51,372.0,61.758049557450754,,,,,,,,,,,,,,,,,,,,,,,,,,,,,,,
Rueben Owens,RB,Texas A&M,SEC,2026,250,7,2026_prospect,2003-10-02,22.6,8.0,26.58,4.1,22.5,,19.1,42.6,,,,,,71.0,215.0,,,,29.98,,,,,,,,,639.0,119.0,5.0,5.37,13.0,130.0,13.0,0.0,10.0,1.9,3.8,0.0,,,,0.32,408.0,28.17199248120301,,,,,,,,,,,,,,,,,,,,,,,,,,,,,,,
TJ Harden,RB,SMU,ACC,2026,250,7,2026_prospect,2004-04-23,22.0,3.6,24.72,4.1,17.2,,12.9,42.6,,,,,,74.0,220.0,,,,28.24,,,,,,,,,787.0,171.0,9.0,4.6,13.0,99.0,19.0,1.0,5.21,3.3,2.7,3.8,,,,0.22,460.0,34.77080014991099,,,,,,,,,,,,,,,,,,,,,,,,,,,,,,,
Kedrick Reescano,RB,Arizona,Big 12,2026,250,7,2026_prospect,MISSING,,1.0,21.33,4.1,7.5,,1.6,42.6,,,,,,72.0,213.0,,,,28.88,,,,,,,,,396.0,84.0,9.0,4.71,13.0,12.0,3.0,0.0,4.0,0.2,0.4,0.0,,,,0.03,447.0,21.796008489661784,,,,,,,,,,,,,,,,,,,,,,,,,,,,,,,
Djay Braswell,RB,Georgia State,Sun Belt,2026,250,7,2026_prospect,2004-12-29,21.3,1.0,21.52,4.1,8.0,,2.2,42.6,,,,,,71.0,215.0,,,,29.98,,,,,,,,,104.0,29.0,0.0,3.59,12.0,17.0,7.0,0.0,2.43,0.3,0.6,0.0,,,,0.04,475.0,3.227486216050643,,,,,,,,,,,,,,,,,,,,,,,,,,,,,,,
Quinten Joyner,RB,Texas Tech,Big 12,2026,250,7,2026_prospect,2005-03-03,21.1,1.0,20.84,4.1,6.1,,0.0,42.6,,,,,,71.0,205.0,,,,28.59,,,,,,,,,,,,,14.0,,,,,,,,,,,,486.0,,,,,,,,,,,,,,,,,,,,,,,,,,,,,,,,
Samuel Singleton Jr.,RB,Florida State,ACC,2026,250,7,2026_prospect,MISSING,,1.0,21.73,4.1,8.6,,3.0,42.6,,,,,,71.0,201.0,,,,28.03,,,,,,,,,360.0,51.0,4.0,7.06,12.0,16.0,1.0,0.0,16.0,0.3,0.5,0.0,,,,0.05,339.0,12.311129406408108,,,,,,,,,,,,,,,,,,,,,,,,,,,,,,,
Branson Robinson,RB,Georgia State,Sun Belt,2026,250,7,2026_prospect,2004-03-17,22.1,1.0,21.72,4.1,8.6,,2.9,42.6,,,,,,70.0,211.0,,,,30.27,,,,,,,,,148.0,46.0,1.0,3.22,12.0,22.0,5.0,0.0,4.4,0.4,0.7,0.0,,,,0.05,475.0,9.46089442515826,,,,,,,,,,,,,,,,,,,,,,,,,,,,,,,
Derrick Davis Jr.,RB,Pittsburgh,ACC,2026,250,7,2026_prospect,MISSING,,1.0,20.84,4.1,6.1,,0.0,42.6,,,,,,72.0,210.0,,,,28.48,,,,,,,,,,,,,13.0,,,,,,,,,,,,443.0,,,,,,,,,,,,,,,,,,,,,,,,,,,,,,,,
Noah Whittington,RB,Oregon,Big Ten,2026,276,7,2026_prospect,2001-05-26,24.9,1.0,21.3,1.0,16.0,,11.6,42.6,,,,,,68.0,203.0,,,,30.86,,,,,,,,,829.0,129.0,6.0,6.43,15.0,98.0,19.0,1.0,5.16,2.9,2.6,3.2,,,,0.22,437.0,30.006941111435804,,,,,,,946.0,24.0,,5.7,5.6,,,,,,,,,,,,,,,,,,,,
Chip Trayanum,RB,Toledo,Mid-American,2026,327,7,2026_prospect,2002-01-02,24.3,1.0,20.83,1.0,30.8,,28.8,42.6,,,,,,71.0,227.0,,,,31.66,,,,,,,,,,,,,13.0,212.0,,,,,6.8,,,,,0.53,399.0,,,,,,,,1227.0,21.0,,5.3,-7.0,,,,,,,,,,,,,,,,,,,,
Kentrel Bullock,RB,South Alabama,Sun Belt,2026,328,7,2026_prospect,2002-03-31,24.1,1.0,14.84,1.0,14.0,,9.2,42.6,,,,,,70.0,205.0,,,,29.41,,,,,,,,,1085.0,218.0,14.0,4.98,12.0,53.0,14.0,1.0,3.79,5.1,2.4,7.7,,,,0.17,310.0,63.85984209257474,,,,,,,,,,,,,,,,,,,,,,,,,,,,,,,
Jaydn Ott,RB,Oklahoma,SEC,2026,347,7,2026_prospect,2002-12-16,23.4,1.0,10.48,1.0,7.3,,1.4,42.6,,,,,,71.0,208.0,,,,29.01,,,,,,,,,68.0,21.0,0.0,3.24,13.0,10.0,2.0,0.0,5.0,0.2,0.3,0.0,,,,0.02,431.0,,,,,,,,1507.0,46.0,,4.8,-3.2,,,,,,,,,,,,,,,,,,,,
Jamarion Miller,RB,Alabama,SEC,2026,357,7,2026_prospect,2004-04-29,22.0,1.0,13.74,1.0,19.6,,12.5,62.1,,,,,,70.25,209.0,8.75,30.38,,29.77,4.42,1.53,30.5,115.0,,,,7.04,504.0,130.0,3.0,3.88,15.0,109.0,19.0,0.0,5.74,1.4,2.8,0.0,,,,0.21,523.0,19.74063092979127,,,,,,,,,,,,,,,,,,,,,,,,,,,,,,,
Curtis Allen,RB,Virginia Union,CIAA,2026,367,7,2026_prospect,MISSING,,1.0,7.99,1.0,6.1,,0.0,42.6,,,,,,,,,,,,,,,,,,,,,,,,,,,,,,,,,,,,,,,,,,,,,,,,,,,,,,,,,,,,,,,,,,,,
C.J. Donaldson,RB,Ohio State,Big Ten,2026,368,7,2026_prospect,2004-07-09,21.8,1.0,12.32,1.0,18.8,,14.8,42.6,,,,,,74.0,232.0,,,,29.78,,,,,,,,,361.0,96.0,10.0,3.76,14.0,96.0,15.0,1.0,6.4,2.8,2.6,3.0,,,,0.24,408.0,34.83670497248506,,,,,,,854.0,15.0,,4.7,-10.9,,,,,,,,,,,,,,,,,,,,
Jamal Haynes,RB,Georgia Tech,ACC,2026,388,7,2026_prospect,2002-10-05,23.6,1.0,17.6,1.0,39.6,,39.1,42.6,,,,,,69.0,190.0,,,,28.06,,,,,,,,,531.0,124.0,5.0,4.28,13.0,257.0,33.0,0.0,7.79,3.8,7.5,0.0,,,,0.65,394.0,45.87987370165588,,,,,,,1212.0,34.0,,5.4,-2.9,,,,,,,,,,,,,,,,,,,,
Kejon Owens,RB,Florida International,Conference USA,2026,389,7,2026_prospect,MISSING,,1.0,8.57,1.0,14.1,,9.4,42.6,,,,,,71.0,210.0,,,,29.29,,,,,,,,,,,,,,67.0,,,,,,,,,,0.16,429.0,,,,,,,,,,,,,,,,,,,,,,,,,,,,,,,,
Desmond Reid,RB,Pittsburgh,ACC,2026,393,7,2026_prospect,2004-07-29,21.7,1.0,18.24,1.0,42.9,,42.9,42.6,,,,,,68.0,175.0,,,,26.61,,,,,,,,,278.0,60.0,2.0,4.63,13.0,317.0,23.0,2.0,13.78,7.9,8.9,6.9,,,,0.68,464.0,46.63482942846013,,,,,,,1548.0,51.0,,6.0,9.6,,,,,,,,,,,,,,,,,,,,
Dean Connors,RB,Houston,Big 12,2026,414,7,2026_prospect,2003-08-29,22.7,1.0,15.4,1.0,40.7,,40.4,42.6,,,,,,72.0,206.0,,,,27.94,,,,,,,,,977.0,200.0,6.0,4.88,13.0,254.0,34.0,3.0,7.47,10.3,9.0,11.5,,,,0.67,377.0,75.1667823967407,,,,,,,1233.0,61.0,,5.2,10.6,,,,,,,,,,,,,,,,,,,,
Rahsul Faison,RB,South Carolina,SEC,2026,424,7,2026_prospect,2000-02-20,26.2,1.0,7.62,1.0,21.3,,17.7,42.6,,,,,,72.0,218.0,,,,29.56,,,37.5,122.0,,,,,470.0,96.0,3.0,4.9,12.0,118.0,19.0,0.0,6.21,2.2,4.4,0.0,,,,0.35,342.0,43.82840190553488,,,,,,,1206.0,22.0,,5.6,1.3,,,,,,,,,,,,,,,,,,,,
Terion Stewart,RB,Virginia Tech,ACC,2026,437,7,2026_prospect,2001-11-29,24.4,1.0,3.15,1.0,9.0,,3.4,42.6,,,,,,69.0,222.0,,,,32.78,,,,,,,,,469.0,82.0,0.0,5.72,12.0,19.0,4.0,0.0,4.75,0.5,1.0,0.0,,,,0.06,319.0,9.814550502483089,,,,,,,929.0,4.0,,5.9,15.7,,,,,,,,,,,,,,,,,,,,
Sedrick Alexander,RB,Vanderbilt,SEC,2026,472,7,2026_prospect,MISSING,,1.0,11.13,1.0,31.8,,30.0,42.6,,,,,,69.0,200.0,,,,29.53,,,,,,,,,570.0,106.0,11.0,5.38,13.0,200.0,19.0,4.0,10.53,9.3,5.4,13.3,,,,0.5,400.0,60.71136790804423,,,,,,,,,,,,,,,,,,,,,,,,,,,,,,,
Jaylon Glover,RB,UNLV,Mountain West,2026,489,7,2026_prospect,MISSING,,1.0,4.4,1.0,12.6,,7.6,42.6,,,,,,69.0,205.0,,,,30.27,,,,,,,,,384.0,64.0,1.0,6.0,14.0,51.0,6.0,0.0,8.5,0.7,1.5,0.0,,,,0.12,424.0,9.303710556016446,,,,,,,,,,,,,,,,,,,,,,,,,,,,,,,
TreVonte Citizen,RB,McNeese State,Southland,2026,493,7,2026_prospect,2003-11-11,22.5,1.0,2.13,1.0,6.1,,0.0,42.6,,,,,,74.0,223.0,,,,28.63,,,,,,,,,,,,,,,,,,,,,,,,,,22.804113317329666,,,,,,,,,,,,,,,,,,,,,,,,,,,,,,,
Savion Red,RB,Sacramento State,Big Sky,2026,511,7,2026_prospect,MISSING,,1.0,2.13,1.0,6.1,,0.0,42.6,,,,,,70.0,233.0,,,,33.43,,,,,,,,,58.0,12.0,0.0,4.83,12.0,,1.0,0.0,,,,,,,,-0.01,308.0,0.3582915120728013,,,,,,,,,,,,,,,,,,,,,,,,,,,,,,,
Richard Reese,RB,Stephen F. Austin,Southland,2026,515,7,2026_prospect,2004-10-24,21.5,1.0,5.76,1.0,16.5,,12.1,42.6,,,,,,71.0,175.0,,,,24.4,,,,,,,,,448.0,73.0,3.0,6.14,14.0,94.0,6.0,1.0,15.67,,,,,,,0.18,510.0,42.60697821764873,,,,,,,,,,,,,,,,,,,,,,,,,,,,,,,
Andrew Paul,RB,Jacksonville State,Conference USA,2026,525,7,2026_prospect,MISSING,,1.0,3.8,1.0,10.8,,5.6,42.6,,,,,,71.0,215.0,,,,29.98,,,,,,,,,127.0,30.0,3.0,4.23,14.0,29.0,2.0,0.0,14.5,0.6,1.3,0.0,,,,0.09,328.0,9.67648794965895,,,,,,,,,,,,,,,,,,,,,,,,,,,,,,,
Byron Cardwell,RB,San Diego State,Mountain West,2026,572,7,2026_prospect,2003-01-23,23.3,1.0,8.51,1.0,24.3,,21.3,42.6,,,,,,72.0,215.0,,,,29.16,,,,,,,,,267.0,48.0,1.0,5.56,13.0,108.0,5.0,1.0,21.6,7.6,5.3,10.0,,,,0.37,290.0,34.596435681561964,,,,,,,,,,,,,,,,,,,,,,,,,,,,,,,
Trevion Cooley,RB,Troy,Sun Belt,2026,574,7,2026_prospect,2002-03-20,24.1,1.0,2.13,1.0,6.1,,0.0,42.6,,,,,,70.0,208.0,,,,29.84,,,,,,,,,,,,,14.0,,,,,,,,,,,,394.0,,,,,,,,,,,,,,,,,,,,,,,,,,,,,,,,
Kadarius Calloway,RB,New Mexico State,Conference USA,2026,580,7,2026_prospect,MISSING,,1.0,8.8,1.0,25.2,,22.2,42.6,,,,,,72.0,220.0,,,,29.83,,,,,,,,,450.0,117.0,3.0,3.85,12.0,175.0,26.0,0.0,6.73,2.9,5.8,0.0,,,,0.37,472.0,46.510059415027015,,,,,,,,,,,,,,,,,,,,,,,,,,,,,,,
L.J. Johnson Jr.,RB,California,ACC,2026,584,7,2026_prospect,MISSING,,1.0,3.11,1.0,8.9,,3.3,42.6,,,,,,70.0,215.0,,,,30.85,,,,,,,,,108.0,33.0,2.0,3.27,13.0,18.0,4.0,0.0,4.5,0.3,0.5,0.0,,,,0.05,361.0,6.796604613338209,,,,,,,,,,,,,,,,,,,,,,,,,,,,,,,
Armoni Goodwin,RB,UT Martin,Big South-OVC,2026,587,7,2026_prospect,2001-11-16,24.4,1.0,2.79,1.0,8.0,,2.2,42.6,,,,,,68.0,195.0,,,,29.65,,,,,,,,,13.0,6.0,0.0,2.17,12.0,18.0,5.0,0.0,3.6,,,,,,,0.04,443.0,1.387225584901849,,,,,,,,,,,,,,,,,,,,,,,,,,,,,,,
Barika Kpeenu,RB,North Dakota State,MVFC,2026,598,7,2026_prospect,2002-03-12,24.1,1.0,14.86,1.0,42.4,,42.4,42.6,,,,,,70.0,199.0,,,,28.55,,,,,,,,,1005.0,191.0,20.0,5.26,13.0,211.0,19.0,1.0,11.11,,,,,,,0.78,270.0,62.0248963998964,,,,,,,,,,,,,,,,,,,,,,,,,,,,,,,
Logan Diggs,RB,Mississippi,SEC,2026,603,7,2026_prospect,2002-03-17,24.1,1.0,3.97,1.0,11.3,,6.1,42.6,,,,,,73.0,215.0,,,,28.36,,,,,,,,,189.0,33.0,4.0,5.73,15.0,56.0,7.0,0.0,8.0,0.6,1.2,0.0,,,,0.11,523.0,15.857089770133248,,,,,,,,,,,,,,,,,,,,,,,,,,,,,,,
Alton McCaskill IV,RB,Sam Houston State,Conference USA,2026,607,7,2026_prospect,2003-04-10,23.0,1.0,2.13,1.0,6.1,,0.0,42.6,,,,,,74.0,210.0,,,,26.96,,,,,,,,,,,,,,,,,,,,,,,,,,26.69027120915004,,,,,,,,,,,,,,,,,,,,,,,,,,,,,,,
Roydell Williams,RB,Florida State,ACC,2026,635,7,2026_prospect,2001-12-08,24.4,1.0,3.04,1.0,8.7,,3.0,42.6,,,,,,70.0,221.0,,,,31.71,,,,,,,,,46.0,15.0,0.0,3.07,12.0,19.0,2.0,0.0,9.5,0.3,0.6,0.0,,,,0.06,339.0,1.7444751037860144,,,,,,,,,,,,,,,,,,,,,,,,,,,,,,,
E.J. Smith,RB,Texas A&M,SEC,2026,642,7,2026_prospect,2002-05-15,23.9,1.0,2.89,1.0,8.2,,2.5,42.6,,,,,,71.0,211.0,,,,29.43,,,,,,,,,205.0,44.0,4.0,4.66,13.0,18.0,4.0,0.0,4.5,0.3,0.5,0.0,,,,0.04,408.0,9.962516326026332,,,,,,,,,,,,,,,,,,,,,,,,,,,,,,,
Dominic Richardson,RB,Tulsa,American Athletic,2026,654,7,2026_prospect,2001-04-12,25.0,1.0,7.03,1.0,20.1,,16.3,42.6,,,,,,72.0,210.0,,,,28.48,,,,,,,,,1065.0,212.0,5.0,5.02,12.0,130.0,20.0,0.0,6.5,2.4,4.9,0.0,,,,0.32,409.0,35.64697515601014,,,,,,,,,,,,,,,,,,,,,,,,,,,,,,,
Jalen Berger,RB,UCLA,Big Ten,2026,660,7,2026_prospect,2001-08-30,24.7,1.0,5.29,1.0,15.1,,10.5,42.6,,,,,,73.0,215.0,,,,28.36,,,,,,,,,364.0,81.0,2.0,4.49,12.0,70.0,10.0,2.0,7.0,8.3,3.2,13.3,,,,0.19,361.0,34.35552126757259,,,,,,,,,,,,,,,,,,,,,,,,,,,,,,,
Cam Porter,RB,Northwestern,Big Ten,2026,660,7,2026_prospect,MISSING,,1.0,3.22,1.0,9.2,,3.7,42.6,,,,,,70.0,215.0,,,,30.85,,,,,,,,,137.0,18.0,1.0,7.61,13.0,23.0,3.0,0.0,7.67,0.5,1.0,0.0,,,,0.06,378.0,6.554488797556191,,,,,,,,,,,,,,,,,,,,,,,,,,,,,,,
Kenyon Sadiq,TE,Oregon,Big Ten,2026,19,1,2026_prospect,2005-03-04,21.1,83.7,68.57,95.9,40.2,,,,29.8,14.3,94.4,,,75.1,241.0,10.0,31.5,78.25,30.04,4.39,1.54,43.5,132.0,26.0,,,9.44,6.0,3.0,0.0,,15.0,560.0,51.0,8.0,10.98,20.3,14.7,25.8,14.826581943341278,,,1.28,437.0,,,,,,,,,,,,,70.4,69.0,,1.62,1.62,,,,,,,,,,,,,,,
Eli Stowers,TE,Vanderbilt,SEC,2026,61,2,2026_prospect,2003-04-15,23.0,82.5,65.75,80.6,56.8,,,,66.4,22.0,94.7,,,75.75,239.0,9.75,32.63,79.75,29.28,4.51,1.57,45.5,135.0,,,,9.47,2.0,2.0,0.0,,13.0,765.0,61.0,4.0,12.54,16.9,20.5,13.3,27.806563039723663,21.0,,1.91,400.0,,,,,,,,,,,,,81.6,85.3,,2.55,2.55,,,,,,,,,,,,,,,
Max Klare,TE,Ohio State,Big Ten,2026,71,3,2026_prospect,2003-07-08,22.8,65.9,57.05,78.2,39.6,,,,68.0,11.0,40.0,,,77.0,243.0,,,,28.81,,,,,,,,,,,,,14.0,448.0,43.0,2.0,10.42,9.0,11.9,6.1,30.908269317668324,20.8,,1.1,408.0,,,,,,,,,,,,,69.3,66.5,,1.48,1.48,,,,,,,,,,,,,,,
Michael Trigg,TE,Baylor,Big 12,2026,91,3,2026_prospect,2002-06-27,23.8,48.8,48.66,71.4,27.0,,,,31.8,13.6,40.0,,,76.0,240.0,,,,29.21,,,,,,,,,,,,,12.0,694.0,50.0,6.0,13.88,19.0,18.7,19.4,18.670971213344096,22.8,,1.36,510.0,,,,,,,,,,,,,72.4,77.3,,2.18,2.18,,,,,,,,,,,,,,,
Justin Joly,TE,NC State,ACC,2026,98,3,2026_prospect,2004-07-09,21.8,62.2,54.47,67.2,44.4,,,,80.3,11.4,40.0,,,75.0,251.0,,,,31.37,,,,,,,,,,,,,13.0,489.0,49.0,7.0,9.98,21.1,15.3,26.9,25.55604012211077,19.3,,1.18,413.0,,,,,,,,,,,,,77.9,81.6,,1.78,1.78,,,,,,,,,,,,,,,
Oscar Delp,TE,Georgia,SEC,2026,119,4,2026_prospect,2003-07-04,22.8,26.1,41.78,56.7,20.5,,,,23.4,4.6,40.0,,,77.0,245.0,,,,29.05,,,,,,,,,,,,,14.0,261.0,20.0,1.0,13.05,6.2,8.5,4.0,8.432956381260096,,,0.63,417.0,,,,,,,,,,,,,63.0,60.1,,1.29,1.29,,,,,,,,,,,,,,,
Jack Endries,TE,Texas,SEC,2026,121,4,2026_prospect,2004-03-26,22.1,51.2,49.96,55.2,41.7,,,,46.8,6.8,86.5,,,76.625,245.0,9.63,31.13,,29.33,4.62,1.59,36.0,119.0,,,,8.65,,,,,13.0,346.0,33.0,3.0,10.48,10.7,10.6,10.7,18.59701492537313,21.4,,0.82,420.0,,,,,,,,,,,,,68.5,65.1,,1.07,1.07,,,,,,,,,,,,,,,
Sam Roush,TE,Stanford,ACC,2026,133,4,2026_prospect,2003-09-06,22.6,43.9,46.88,49.4,38.3,,,,22.7,13.1,99.3,,,78.0,267.0,10.0,30.63,76.38,30.85,4.7,1.61,38.5,126.0,25.0,7.08,4.37,9.93,,,,,12.0,545.0,49.0,2.0,11.12,17.4,20.5,14.3,20.473328324567994,23.4,,1.39,391.0,,,,,,,,,,,,,57.1,56.6,,1.39,1.39,,,,,,,,,,,,,,,
Dallen Bentley,TE,Utah,Big 12,2026,146,5,2026_prospect,2001-01-01,25.3,43.3,46.7,42.6,42.3,,,,34.1,17.5,91.7,,,76.1,253.0,9.25,33.13,,30.71,4.62,1.62,35.0,118.0,24.0,,4.42,9.17,,,,,13.0,620.0,48.0,6.0,12.92,22.1,22.0,22.2,23.16890881913304,22.5,,1.66,373.0,,,,,,,,,,,,,76.9,83.1,,2.07,2.07,,,,,,,,,,,,,,,
Nate Boerkircher,TE,Texas A&M,SEC,2026,149,5,2026_prospect,2001-09-04,24.6,14.5,36.92,40.8,18.8,,,,20.9,2.6,40.0,,,76.0,250.0,,,,30.43,,,,,,,4.4,,5.0,3.0,1.0,,13.0,204.0,20.0,3.0,10.2,8.8,6.0,11.5,5.88410104011887,,,0.5,408.0,,,,,,,,,,,,,74.3,67.2,,1.11,1.11,,,,,,,,,,,,,,,
Eli Raridon,TE,Notre Dame,FBS Independents,2026,175,5,2026_prospect,2004-02-12,22.2,37.8,45.14,28.9,47.8,,,,45.6,16.4,98.1,,,78.1,245.0,10.75,32.75,,28.24,4.62,1.59,36.0,123.0,20.0,,,9.81,,,,,12.0,482.0,32.0,0.0,15.06,7.9,15.7,0.0,16.19079610345986,21.8,,1.5,322.0,,,,,,,,,,,,,67.5,70.8,,2.22,2.22,,,,,,,,,,,,,,,
John Michael Gyllenborg,TE,Wyoming,Mountain West,2026,178,6,2026_prospect,2002-06-15,23.9,38.4,45.41,26.1,49.4,,,,62.1,3.4,99.2,,,77.75,249.0,10.0,31.0,,28.96,4.6,1.56,35.5,128.0,,,4.22,9.92,,,,,12.0,217.0,24.0,1.0,9.04,8.8,9.9,7.7,19.200351493848856,20.9,,0.57,384.0,,,,,,,,,,,,,54.0,63.9,,1.17,1.17,,,,,,,,,,,,,,,
Joe Royer,TE,Cincinnati,Big 12,2026,179,6,2026_prospect,2001-08-10,24.7,12.6,35.81,26.1,25.7,,,,31.7,10.1,40.0,,,77.0,250.0,,,,29.64,,,,,,,,,,,,,13.0,416.0,29.0,4.0,14.34,13.8,13.9,13.8,18.39323467230444,22.7,,1.15,363.0,,,,,,,,,,,,,59.8,64.6,,1.49,1.49,,,,,,,,,,,,,,,
Tanner Koziol,TE,Houston,Big 12,2026,183,6,2026_prospect,2003-01-23,23.3,47.6,47.9,26.1,57.1,,,,66.7,20.9,97.2,,,78.5,247.0,9.75,33.75,,28.18,4.7,1.62,36.5,122.0,,,,9.72,,,,,13.0,727.0,74.0,6.0,9.82,24.5,25.8,23.1,28.34964562942963,20.3,,1.93,377.0,,,,,,,,,,,,,78.9,87.3,,2.26,2.26,,,,,,,,,,,,,,,
Dae'Quan Wright,TE,Mississippi,SEC,2026,186,6,2026_prospect,2003-09-21,22.6,11.4,34.91,25.5,25.6,,,,29.0,12.6,40.0,,,76.0,255.0,,,,31.04,,,,,,,,,2.0,1.0,0.0,,15.0,635.0,39.0,5.0,16.28,16.4,13.5,19.2,13.996175908221796,,,1.21,523.0,,,,,,,,,,,,,66.2,75.4,,2.06,2.06,,,,,,,,,,,,,,,
Josh Cuevas,TE,Alabama,SEC,2026,189,6,2026_prospect,2003-09-15,22.6,13.9,36.62,24.9,30.8,,,,25.4,6.3,75.6,,,75.375,245.0,9.63,30.63,,30.32,4.65,1.62,34.0,118.0,,7.37,4.38,7.56,7.0,1.0,0.0,,15.0,411.0,37.0,4.0,11.11,11.4,10.4,12.5,10.423535379152929,,,0.79,523.0,,,,,,,,,,,,,69.6,71.1,,1.25,1.25,,,,,,,,,,,,,,,
Riley Nowakowski,TE,Indiana,Big Ten,2026,210,6,2026_prospect,2003-01-20,23.3,11.4,34.8,17.5,32.5,,,,25.1,8.4,79.7,,,74.25,250.0,8.75,31.5,,31.88,4.66,1.62,33.5,119.0,,,,7.97,2.0,2.0,2.0,,16.0,387.0,32.0,2.0,12.09,7.2,10.1,4.3,10.128238680973569,,,0.95,406.0,,,,,,,,,,,,,79.6,75.5,,1.68,1.68,,,,,,,,,,,,,,,
Marlin Klein,TE,Michigan,Big Ten,2026,217,6,2026_prospect,2003-08-12,22.7,10.2,34.67,15.7,34.2,,,,25.2,6.0,90.0,,,78.0,248.0,9.25,32.38,,28.66,4.61,1.63,36.0,117.0,,7.42,,9.0,,,,,13.0,248.0,24.0,1.0,10.33,9.7,10.2,9.1,10.214168039538714,,,0.73,340.0,,,,,,,,,,,,,64.6,65.3,,1.53,1.53,,,,,,,,,,,,,,,
Lance Mason,TE,Wisconsin,Big Ten,2026,242,7,2026_prospect,2003-09-19,22.6,1.6,27.95,8.4,24.5,,,,24.7,14.0,40.0,,,,240.0,,,,,,,,,,,,,7.0,1.0,0.0,,12.0,398.0,30.0,4.0,13.27,34.4,24.3,44.4,24.312767257177764,23.4,,1.46,272.0,,,,,,,,,,,,,67.0,74.1,,1.88,1.88,,,,,,,,,,,,,,,
Toby Payne,TE,Marshall,Sun Belt,2026,250,7,2026_prospect,2002-05-18,23.9,1.6,27.48,5.9,25.5,,,,30.4,11.0,40.0,,,76.0,232.0,,,,28.24,,,,,,,,,0.0,1.0,0.0,,12.0,387.0,36.0,3.0,10.75,16.1,15.5,16.7,15.770465489566613,22.9,,1.16,335.0,,,,,,,,,,,,,65.7,64.3,,1.32,1.32,,,,,,,,,,,,,,,
Brett Norfleet,TE,Missouri,SEC,2026,250,7,2026_prospect,2003-04-12,23.0,1.6,25.94,5.9,21.7,,,,25.4,5.7,40.0,,,78.0,263.0,,,,30.39,,,,,,,,,,,,,13.0,254.0,31.0,5.0,8.19,21.9,10.4,33.3,10.39279869067103,,,0.7,361.0,,,,,,,,,,,,,55.1,58.8,,1.0,1.0,,,,,,,,,,,,,,,
Cooper Flanagan,TE,Notre Dame,FBS Independents,2026,250,7,2026_prospect,2003-03-14,23.1,1.6,24.76,5.9,18.7,,,,16.7,6.5,40.0,,,78.0,258.0,,,,29.81,,,,,,,,,,,,,12.0,,,,,,,,1.7421602787456445,,,,322.0,,,,,,,,,,,,,,,,,,,,,,,,,,,,,,,,
Ethan Davis,TE,Tennessee,SEC,2026,250,7,2026_prospect,2002-12-05,23.4,1.6,25.1,5.9,19.6,,,,21.8,3.7,40.0,,,77.0,245.0,,,,29.05,,,,,,,,,,,,,13.0,257.0,21.0,2.0,12.24,7.2,6.8,7.7,6.756046267087276,,,0.59,437.0,,,,,,,,,,,,,65.1,73.1,,1.8,1.8,,,,,,,,,,,,,,,
Andrew Rappleyea,TE,Penn State,Big Ten,2026,250,7,2026_prospect,2003-02-28,23.2,1.6,25.08,5.9,19.5,,,,22.4,3.0,40.0,,,76.0,251.0,,,,30.55,,,,,,,,,,,,,13.0,180.0,20.0,3.0,9.0,13.1,7.4,18.8,7.395234182415776,,,0.53,339.0,,,,,,,,,,,,,63.1,66.5,,1.29,1.29,,,,,,,,,,,,,,,
Jaleel Skinner,TE,Louisville,ACC,2026,250,7,2026_prospect,2003-10-03,22.6,1.6,25.02,5.9,19.4,,,,22.2,2.8,40.0,,,77.0,230.0,,,,27.27,,,,,,,,,,,,,13.0,204.0,21.0,2.0,9.71,9.1,7.1,11.1,7.150368033648791,,,0.49,418.0,,,,,,,,,,,,,53.4,63.2,,1.15,1.15,,,,,,,,,,,,,,,
Benji Gosnell,TE,Virginia Tech,ACC,2026,250,7,2026_prospect,2004-09-15,21.6,1.6,25.61,5.9,20.8,,,,28.9,0.0,40.0,,,77.0,254.0,,,,30.12,,,,,,,,,,,,,12.0,86.0,12.0,0.0,7.17,2.2,4.3,0.0,13.878713878713878,,,0.27,319.0,,,,,,,,,,,,,50.0,51.3,,0.58,0.58,,,,,,,,,,,,,,,
Jack Pedersen,TE,UCLA,Big Ten,2026,250,7,2026_prospect,2002-04-18,24.0,1.6,24.15,5.9,17.2,,,,19.2,0.0,40.0,,,77.0,240.0,,,,28.46,,,,,,,,,,,,,12.0,72.0,11.0,0.0,6.55,1.7,3.3,0.0,4.203997243280496,,,0.2,361.0,,,,,,,,,,,,,45.9,50.1,,0.64,0.64,,,,,,,,,,,,,,,
Luke Hasz,TE,Mississippi,SEC,2026,250,7,2026_prospect,2004-04-08,22.0,1.6,25.21,5.9,19.8,,,,26.2,0.0,40.0,,,75.0,240.0,,,,29.99,,,,,,,,,,,,,15.0,28.0,3.0,1.0,9.33,2.2,0.6,3.8,11.244444444444444,,,0.05,523.0,,,,,,,,,,,,,58.8,65.7,,1.0,1.0,,,,,,,,,,,,,,,
Joey Schlaffer,TE,Penn State,Big Ten,2026,250,7,2026_prospect,2004-02-10,22.2,1.0,23.64,5.9,15.9,,,,15.8,0.0,40.0,,,77.0,252.0,,,,29.88,,,,,,,,,,,,,13.0,19.0,1.0,1.0,19.0,3.5,0.8,6.2,0.780608052588332,,,0.06,339.0,,,,,,,,,,,,,79.8,73.5,,9.5,9.5,,,,,,,,,,,,,,,
Shamar Easter,TE,North Carolina,ACC,2026,250,7,2026_prospect,2002-09-22,23.6,1.0,23.65,5.9,15.9,,,,15.9,0.0,40.0,,,77.0,215.0,,,,25.49,,,,,,,,,,,,,12.0,17.0,2.0,0.0,8.5,0.4,0.8,0.0,0.8608971454463071,,,0.05,355.0,,,,,,,,,,,,,46.5,48.3,,0.41,0.41,,,,,,,,,,,,,,,
Will Kacmarek,TE,Ohio State,Big Ten,2026,251,7,2026_prospect,2003-02-12,23.2,5.3,30.2,5.0,32.6,,,,24.2,1.8,91.4,,,77.5,261.0,9.75,32.25,,30.55,4.74,1.64,36.0,119.0,,,,9.14,,,,,14.0,168.0,15.0,2.0,11.2,5.3,4.5,6.1,9.204545454545451,,,0.41,408.0,,,,,,,,,,,,,77.3,73.1,,1.45,1.45,,,,,,,,,,,,,,,
Max Bredeson,TE,Michigan,Big Ten,2026,277,7,2026_prospect,2002-10-04,23.6,1.0,21.0,1.0,16.6,,,,17.5,0.0,40.0,,,74.0,250.0,,,,32.09,,,,,,,,,0.0,,,,13.0,11.0,2.0,0.0,5.5,0.2,0.5,0.0,2.530003243593902,,,0.03,340.0,,,,,,,,,,,,,,,,,,,,,,,,,,,,,,,,
R.J. Maryland,TE,SMU,ACC,2026,290,7,2026_prospect,2004-07-09,21.8,1.6,26.55,1.0,33.8,,,,28.3,4.7,85.8,,,76.1,236.0,9.0,32.25,,28.65,4.51,1.59,33.0,122.0,,,,8.58,,,,,13.0,322.0,27.0,2.0,11.93,8.2,8.8,7.7,13.31619537275064,,,0.7,460.0,,,,,,,,,,,,,62.4,67.5,,1.62,1.62,,,,,,,,,,,,,,,
Dan Villari,TE,Syracuse,ACC,2026,302,7,2026_prospect,2002-06-29,23.8,1.0,20.11,1.0,20.8,,,,20.4,8.5,40.0,,,76.0,245.0,,,,29.82,,,,,,,,,55.0,17.0,1.0,,12.0,412.0,39.0,0.0,10.56,7.9,15.8,0.0,15.77924601632336,24.1,,1.01,408.0,,,,,,,,,,,,,62.9,63.5,,1.11,1.11,,,,,,,,,,,,,,,
Bauer Sharp,TE,LSU,SEC,2026,320,7,2026_prospect,2004-01-15,22.3,1.6,24.07,1.0,35.2,,,,29.5,3.9,90.9,,,76.625,249.0,9.75,31.75,,29.81,4.63,1.59,35.0,120.0,20.0,,,9.09,,,,,13.0,252.0,24.0,2.0,10.5,9.2,8.4,10.0,14.522635589421784,,,0.57,443.0,,,,,,,,,,,,,47.9,49.3,,1.14,1.14,,,,,,,,,,,,,,,
Seydou Traore,TE,Mississippi State,SEC,2026,349,7,2026_prospect,2002-08-12,23.7,1.6,24.26,1.0,42.8,,,,79.1,8.4,40.0,,,76.0,235.0,,,,28.6,,,,,,,,,,,,,13.0,372.0,35.0,5.0,10.63,18.4,11.9,25.0,23.25925925925926,19.8,,0.95,390.0,,,,,,,,,,,,,60.3,63.0,,1.08,1.08,,,,,,,,,,,,,,,
Carsen Ryan,TE,BYU,Big 12,2026,358,7,2026_prospect,2003-08-21,22.7,1.0,15.87,1.0,24.0,,,,22.5,14.9,40.0,,,76.0,250.0,,,,30.43,,,,,,,,,,,,,14.0,620.0,45.0,3.0,13.78,20.0,20.0,20.0,20.090732339598187,23.2,,1.54,403.0,,,,,,,,,,,,,82.6,82.6,,2.04,2.04,,,,,,,,,,,,,,,
Khalil Dinkins,TE,Penn State,Big Ten,2026,377,7,2026_prospect,2002-08-08,23.7,1.0,12.12,1.0,19.1,,,,21.9,2.5,40.0,,,76.0,251.0,,,,30.55,4.72,1.7,32.5,119.0,25.0,7.28,4.33,,,,,,13.0,167.0,14.0,2.0,11.93,9.7,6.8,12.5,6.86113393590797,,,0.49,339.0,,,,,,,,,,,,,56.2,50.1,,1.12,1.12,,,,,,,,,,,,,,,
Lake McRee,TE,USC,Big Ten,2026,394,7,2026_prospect,2002-09-04,23.6,1.0,12.47,1.0,24.0,,,,26.6,10.6,40.0,,,76.0,250.0,,,,30.43,,,,,22.0,,,,,,,,13.0,450.0,30.0,4.0,15.0,13.5,11.7,15.4,11.564449064449065,,,1.07,420.0,,,,,,,,,,,,,68.9,71.9,,1.51,1.51,,,,,,,,,,,,,,,
Miles Kitselman,TE,Tennessee,SEC,2026,409,7,2026_prospect,2002-09-25,23.6,1.0,11.71,1.0,25.5,,,,25.5,3.6,58.3,,,77.1,251.0,9.88,31.88,,29.68,4.9,1.66,34.5,116.0,,,,5.83,2.0,1.0,0.0,,13.0,253.0,26.0,2.0,9.73,7.2,6.6,7.7,10.465924895688456,,,0.58,437.0,,,,,,,,,,,,,64.7,64.7,,1.41,1.41,,,,,,,,,,,,,,,
Jaren Kanak,TE,Oklahoma,SEC,2026,411,7,2026_prospect,2004-02-10,22.2,1.0,20.46,1.0,47.8,,,,61.1,13.7,79.0,,,74.0,234.0,9.38,30.5,,30.04,4.52,1.59,36.0,119.0,24.0,,,7.9,,,,,13.0,533.0,44.0,0.0,12.11,8.7,17.4,0.0,17.29200652528548,20.8,,1.24,431.0,,,,,,,,,,,,,64.1,71.2,,1.73,1.73,,,,,,,,,,,,,,,
Matthew Hibner,TE,SMU,ACC,2026,419,7,2026_prospect,2002-03-09,24.1,1.0,15.35,1.0,36.8,,,,26.8,7.7,95.6,,,76.25,251.0,9.38,32.38,,30.35,4.57,1.56,37.0,116.0,28.0,,,9.56,,,,,13.0,436.0,31.0,4.0,14.06,13.6,11.8,15.4,11.825332248440466,,,0.95,460.0,,,,,,,,,,,,,62.6,61.3,,1.37,1.37,,,,,,,,,,,,,,,
Tanner Arkin,TE,Illinois,Big Ten,2026,420,7,2026_prospect,2002-07-01,23.8,1.0,7.53,1.0,17.5,,,,19.9,0.1,40.0,,,76.0,265.0,,,,32.25,,,,,,,,,,,,,13.0,114.0,13.0,2.0,8.77,6.2,3.7,8.7,4.948805460750854,,,0.31,372.0,,,,,,,,,,,,,68.7,56.2,,0.65,0.65,,,,,,,,,,,,,,,
DJ Rogers,TE,TCU,Big 12,2026,421,7,2026_prospect,2002-09-08,23.6,1.0,8.72,1.0,20.7,,,,23.5,5.1,40.0,,,76.0,250.0,,,,30.43,,,,,,,,,,,,,13.0,319.0,34.0,2.0,9.38,7.6,8.5,6.7,8.508935716190983,,,0.69,460.0,,,,,,,,,,,,,72.4,74.7,,1.4,1.4,,,,,,,,,,,,,,,
Jameson Geers,TE,Minnesota,Big Ten,2026,423,7,2026_prospect,2002-11-25,23.4,1.0,8.44,1.0,20.5,,,,25.1,2.8,40.0,,,77.0,250.0,,,,29.64,,,,,,,,,1.0,2.0,0.0,,13.0,206.0,26.0,4.0,7.92,14.7,8.3,21.1,10.13631597343586,,,0.52,399.0,,,,,,,,,,,,,62.6,66.0,,1.05,1.05,,,,,,,,,,,,,,,
Jack Velling,TE,Michigan State,Big Ten,2026,445,7,2026_prospect,2002-07-30,23.7,1.0,12.06,1.0,30.2,,,,45.4,8.4,40.0,,,77.0,245.0,,,,29.05,,,,,,,,,,,,,12.0,359.0,36.0,3.0,9.97,14.2,13.4,15.0,15.777351247600768,21.7,,0.95,378.0,,,,,,,,,,,,,63.2,67.8,,1.2,1.2,,,,,,,,,,,,,,,
Davin Stoffel,TE,Illinois,Big Ten,2026,477,7,2026_prospect,2002-08-15,23.7,1.0,6.37,1.0,15.9,,,,15.8,0.0,40.0,,,78.0,260.0,,,,30.04,,,,,,,,,,,,,13.0,24.0,1.0,0.0,24.0,0.4,0.8,0.0,0.787143325680551,,,0.06,372.0,,,,,,,,,,,,,62.2,52.6,,0.69,0.69,,,,,,,,,,,,,,,
Amari Niblack,TE,Texas A&M,SEC,2026,480,7,2026_prospect,2003-08-25,22.7,1.0,7.84,1.0,19.6,,,,25.6,0.0,40.0,,,75.0,235.0,,,,29.37,,,,,,,,,,,,,13.0,69.0,5.0,0.0,13.8,1.0,2.0,0.0,10.579100614687803,,,0.17,408.0,,,,,,,,,,,,,54.6,57.5,,0.97,0.97,,,,,,,,,,,,,,,
Holden Staes,TE,Indiana,Big Ten,2026,501,7,2026_prospect,2003-06-01,22.9,1.0,7.07,1.0,17.7,,,,20.5,0.0,40.0,,,76.0,248.0,,,,30.18,,,,,,,,,,,,,16.0,62.0,7.0,2.0,8.86,3.0,1.6,4.3,5.472636815920398,,,0.15,406.0,,,,,,,,,,,,,59.3,59.3,,0.79,0.79,,,,,,,,,,,,,,,
Josh Kattus,TE,Kentucky,SEC,2026,528,7,2026_prospect,2002-06-10,23.9,1.0,7.9,1.0,19.8,,,,23.0,3.0,40.0,,,76.0,247.0,,,,30.06,,,,,,,,,,,,,12.0,195.0,17.0,2.0,11.47,10.7,8.0,13.3,7.995079950799508,,,0.53,367.0,,,,,,,,,,,,,71.0,65.2,,1.18,1.18,,,,,,,,,,,,,,,
Ty Thompson,TE,Tulane,American Athletic,2026,586,7,2026_prospect,2002-11-30,23.4,1.0,8.46,1.0,21.2,,,,23.3,6.5,40.0,,,76.0,224.0,,,,27.26,,,,,,,,,,,,,14.0,,,,,,,,8.252032520325203,,,,425.0,,,,,,,,,,,,,,,,,,,,,,,,,,,,,,,,
Jerand Bradley,TE,Kansas State,Big 12,2026,608,7,2026_prospect,2002-10-10,23.5,1.0,8.02,1.0,20.1,,,,23.7,3.1,40.0,,,77.0,223.0,,,,26.44,,,,,,,,,0.0,,,,12.0,184.0,13.0,2.0,14.15,9.4,7.7,11.1,8.712871287128712,,,0.54,342.0,,,,,,,,,,,,,,,,,,,,,,,,,,,,,,,,
Chamon Metayer,TE,Arizona State,Big 12,2026,615,7,2026_prospect,2002-05-05,24.0,1.0,9.3,1.0,23.3,,,,28.0,7.4,40.0,,,76.0,255.0,,,,31.04,,,,,,,,,1.0,1.0,0.0,,13.0,375.0,38.0,4.0,9.87,16.4,12.9,20.0,12.980269989615785,,,0.87,430.0,,,,,,,,,,,,,56.3,62.9,,1.37,1.37,,,,,,,,,,,,,,,
Nate Rutchena,TE,UC Davis,Big Sky,2026,662,7,2026_prospect,2002-07-15,23.8,1.0,9.68,1.0,24.2,,,,31.4,6.5,40.0,,,75.0,230.0,,,,28.74,,,,,,,,,,,,,13.0,,,,,,,,,,,,,,,,,,,,,,,,,,,,,,,,,,,,,,,,,,,,
Carnell Tate,WR,Ohio State,Big Ten,2026,7,1,2026_prospect,2005-01-19,21.3,96.1,89.59,96.8,78.4,77.6,,,,,,60.0,100.0,75.0,195.0,,,,24.37,4.53,1.61,,,,,,,16.0,2.0,0.0,,14.0,875.0,51.0,9.0,17.16,25.3,23.3,27.3,25.3,20.0,2025.0,2.14,408.0,,16.0,2.14,24.0,3.0,15.5,,,,,,,,,,,,,,,,,,,,,,,,,3.0,
Jordyn Tyson,WR,Arizona State,Big 12,2026,10,1,2026_prospect,2004-08-12,21.7,92.1,84.31,95.1,65.5,98.2,,,,,,0.0,0.0,74.0,200.0,,,,25.68,,,,,,,,,4.0,2.0,1.0,,13.0,711.0,61.0,8.0,11.66,32.2,24.4,40.0,36.4,19.0,2024.0,1.65,430.0,,30.0,2.88,17.2,1.0,14.3,,,,,,,,,,,,,,,,,,,,,,,,,2.0,
Makai Lemon,WR,USC,Big Ten,2026,13,1,2026_prospect,2004-06-02,21.9,89.7,82.06,93.8,62.1,68.1,,,,,,0.0,100.0,71.0,195.0,,,,27.19,,,,,,,,,4.0,9.0,2.0,,13.0,1156.0,79.0,11.0,14.63,36.2,30.0,42.3,36.2,21.0,2025.0,2.75,420.0,,17.0,2.75,17.6,3.0,14.7,,,,,,,,,,,,,,,,,,,,,,,,,3.0,
Denzel Boston,WR,Washington,Big Ten,2026,20,1,2026_prospect,2003-12-06,22.4,83.1,77.42,91.5,55.0,82.5,,,,,,0.0,0.0,76.0,209.0,,,,25.44,,,35.0,,,,4.28,,,,,,13.0,881.0,62.0,11.0,14.21,35.0,27.7,42.3,35.0,20.0,2024.0,2.38,370.0,,15.0,2.38,13.9,3.0,13.5,,,,,,,,,,,,,,,,,,,,,,,,,4.0,
KC Concepcion,WR,Texas A&M,SEC,2026,24,1,2026_prospect,2004-09-24,21.6,89.7,81.72,88.0,73.6,85.4,,,,,,0.0,100.0,71.0,190.0,,,,26.5,,,,,,,,,75.0,10.0,1.0,,13.0,919.0,61.0,9.0,15.07,30.9,27.2,34.6,30.9,20.0,,2.25,408.0,,28.0,2.25,-1.9,1.0,12.0,,,,,,,,,,,,,,,,,,,,,,,,,,
Omar Cooper Jr.,WR,Indiana,Big Ten,2026,41,2,2026_prospect,2003-12-14,22.4,78.8,73.55,79.9,62.2,68.3,,,,,,0.0,100.0,72.1,199.0,9.63,30.25,75.25,26.91,4.42,1.54,37.0,,,,,8.79,74.0,3.0,1.0,,16.0,961.0,70.0,13.0,13.73,26.7,25.1,28.3,26.7,21.0,2025.0,2.37,406.0,,14.0,2.48,5.2,4.0,13.6,,,,,,,,,,,,,,,,,,,,,,,,,3.0,
Malachi Fields,WR,Notre Dame,FBS Independents,2026,48,2,2026_prospect,2002-07-02,23.8,67.2,65.19,77.6,40.1,60.1,,,,,,0.0,0.0,76.5,218.0,9.0,32.13,79.0,26.19,4.61,1.58,38.0,124.0,,6.98,4.35,8.22,,,,,12.0,630.0,36.0,5.0,17.5,20.3,20.6,20.0,20.3,21.0,2025.0,1.96,322.0,,17.0,2.05,21.8,3.0,15.1,,,,,,,,,,,,,,,,,,,,,,,,,1.0,
Zachariah Branch,WR,Georgia,SEC,2026,50,2,2026_prospect,2004-03-29,22.1,78.5,73.2,76.9,68.4,62.6,,,,,,60.0,100.0,68.625,177.0,9.0,29.38,72.38,26.42,4.35,1.52,38.0,125.0,,,,8.3,7.0,4.0,0.0,,14.0,811.0,81.0,6.0,10.01,25.2,26.3,24.0,25.2,21.0,2025.0,1.94,417.0,,15.0,1.94,-14.5,4.0,10.2,,,,,,,,,,,,,,,,,,,,,,,,,1.0,
Chris Bell,WR,Louisville,ACC,2026,52,2,2026_prospect,2004-06-07,21.9,58.2,59.22,75.7,23.3,35.0,,,,,,0.0,0.0,74.0,220.0,,,,28.24,,,,,,,,,,,,,13.0,917.0,72.0,6.0,12.74,32.7,32.0,33.3,32.7,,2025.0,2.19,418.0,,17.0,2.19,20.2,3.0,14.3,,,,,,,,,,,,,,,,,,,,,,,,,4.0,
Chris Brazzell,WR,Tennessee,SEC,2026,59,2,2026_prospect,2003-09-22,22.6,64.9,63.7,72.1,43.6,65.3,,,,,,0.0,0.0,77.0,200.0,,,,23.71,4.37,1.52,,,,,,,,,,,13.0,1017.0,62.0,9.0,16.4,30.7,26.7,34.6,30.7,21.0,2025.0,2.33,437.0,,16.0,2.33,19.9,2.0,15.3,,,,,,,,,,,,,,,,,,,,,,,,,2.0,
Elijah Sarratt,WR,Indiana,Big Ten,2026,67,3,2026_prospect,2003-05-28,22.9,61.4,61.59,69.2,42.3,63.4,,,,,,0.0,0.0,74.0,209.0,,,,26.83,,,,,,,,,,,,,16.0,806.0,64.0,15.0,12.59,26.8,21.1,32.6,26.8,21.0,2024.0,1.99,406.0,,27.0,2.78,14.2,2.0,15.3,,,,,,,,,,,,,,,,,,,,,,,,,2.0,
Germie Bernard,WR,Alabama,SEC,2026,72,3,2026_prospect,2003-12-02,22.4,68.4,66.05,66.9,60.6,65.9,,,,,,0.0,100.0,73.25,206.0,9.88,30.38,74.88,26.99,4.48,1.52,32.5,125.0,,6.71,4.31,9.03,101.0,18.0,2.0,,15.0,862.0,64.0,7.0,13.47,21.8,21.8,21.9,21.8,21.0,2025.0,1.65,523.0,,14.0,2.24,10.1,3.0,14.2,,,,,,,,,,,,,,,,,,,,,,,,,2.0,
Antonio Williams,WR,Clemson,ACC,2026,86,3,2026_prospect,2004-07-14,21.8,62.0,61.73,61.4,55.5,83.2,,,,,,0.0,0.0,71.5,187.0,9.25,30.75,76.0,25.71,4.41,1.54,39.5,124.0,,,,9.09,78.0,13.0,1.0,,13.0,604.0,55.0,4.0,10.98,17.8,17.4,18.2,26.4,20.0,2024.0,1.27,474.0,,17.0,1.71,3.2,3.0,11.3,,,,,,,,,,,,,,,,,,,,,,,,,5.0,
Ja'Kobi Lane,WR,USC,Big Ten,2026,90,3,2026_prospect,2004-08-05,21.7,71.2,68.09,60.3,79.2,93.8,,,,,,0.0,100.0,76.0,200.0,10.5,32.63,,24.34,4.47,1.51,40.0,129.0,,,,9.69,,,,,13.0,745.0,49.0,4.0,15.2,17.4,19.4,15.4,27.6,19.0,2024.0,1.77,420.0,,14.0,1.77,10.4,,13.8,,,,,,,,,,,,,,,,,,,,,,,,,3.0,
Ted Hurst,WR,Georgia State,Sun Belt,2026,94,3,2026_prospect,2004-07-02,21.8,42.6,50.58,58.7,23.3,35.0,,,,,,0.0,0.0,75.0,206.0,9.75,32.63,,25.75,4.42,1.55,36.5,135.0,,,,9.92,,,,,12.0,1004.0,71.0,6.0,14.14,30.1,32.9,27.3,37.1,,2024.0,2.11,475.0,,33.0,2.14,40.6,2.0,15.4,,,,,,,,,,,,,,,,,,,,,,,,,2.0,
Skyler Bell,WR,UConn,FBS Independents,2026,102,4,2026_prospect,2002-07-05,23.8,47.5,53.02,56.8,36.3,54.5,,,,,,0.0,0.0,71.625,192.0,10.0,31.13,,26.31,4.4,1.51,41.0,133.0,,,,9.71,-2.0,,,,,1276.0,,13.0,,39.0,34.6,43.3,39.0,22.0,2024.0,2.83,451.0,,19.0,2.83,13.8,4.0,13.2,,,,,,,,,,,,,,,,,,,,,,,,,2.0,
Deion Burks,WR,Oklahoma,SEC,2026,109,4,2026_prospect,2003-01-08,23.3,41.5,50.08,53.9,30.6,46.0,,,,,,0.0,0.0,69.75,180.0,9.5,29.38,72.75,26.01,4.3,1.49,42.5,131.0,,,,9.24,-3.0,6.0,0.0,,13.0,620.0,57.0,4.0,10.88,21.9,20.3,23.5,21.9,22.0,2025.0,1.44,431.0,,13.0,1.6,2.3,3.0,10.9,,,,,,,,,,,,,,,,,,,,,,,,,2.0,
Brenen Thompson,WR,Mississippi State,SEC,2026,127,4,2026_prospect,2003-07-25,22.8,37.4,48.0,49.0,33.9,50.9,,,,,,0.0,0.0,69.0,170.0,,,,25.1,4.26,1.54,,,,,,,14.0,4.0,1.0,,13.0,1054.0,57.0,6.0,18.49,31.8,33.6,30.0,31.8,22.0,2025.0,2.7,390.0,,12.0,2.7,63.7,4.0,18.5,,,,,,,,,,,,,,,,,,,,,,,,,1.0,
Kevin Coleman Jr.,WR,Missouri,SEC,2026,141,5,2026_prospect,2003-09-10,22.6,37.7,48.21,43.9,42.2,38.3,,,,,,0.0,100.0,70.25,179.0,9.5,30.0,,25.5,4.49,1.52,38.5,126.0,,,,7.86,76.0,9.0,0.0,,13.0,732.0,66.0,1.0,11.09,18.3,29.9,6.7,18.3,,,2.03,361.0,,21.0,2.3,7.0,3.0,12.6,,,,,,,,,,,,,,,,,,,,,,,,,1.0,
Reggie Virgil,WR,Texas Tech,Big 12,2026,142,5,2026_prospect,2004-05-14,21.9,36.6,47.03,43.4,38.8,33.2,,,,,,0.0,100.0,75.0,187.0,9.25,31.25,,23.37,4.57,1.51,36.0,127.0,,,,7.34,35.0,2.0,2.0,,14.0,705.0,57.0,6.0,12.37,18.2,18.1,18.2,18.2,,,1.45,486.0,,13.0,2.05,22.5,3.0,15.8,,,,,,,,,,,,,,,,,,,,,,,,,1.0,
Josh Cameron,WR,Baylor,Big 12,2026,143,5,2026_prospect,2003-03-18,23.1,37.4,47.96,42.9,42.4,63.6,,,,,,0.0,0.0,73.0,224.0,,,,29.55,,,,,,,,,,,,,12.0,872.0,69.0,9.0,12.64,26.3,23.5,29.0,27.2,21.0,2024.0,1.71,510.0,,16.0,1.83,5.0,3.0,13.1,,,,,,,,,,,,,,,,,,,,,,,,,4.0,
C.J. Daniels,WR,Miami (FL),ACC,2026,156,5,2026_prospect,2002-01-04,24.3,17.8,39.78,40.5,21.9,32.8,,,,,,0.0,0.0,74.0,205.0,,,,26.32,,,,,,,,,,,,,16.0,557.0,50.0,7.0,11.14,17.8,13.7,21.9,17.8,,,1.12,496.0,,15.0,3.52,11.6,4.0,15.1,,,,,,,,,,,,,,,,,,,,,,,,,1.0,
Bryce Lance,WR,North Dakota State,MVFC,2026,162,5,2026_prospect,2001-09-20,24.6,31.1,44.04,38.3,39.1,58.7,,,,,,0.0,0.0,75.0,204.0,9.25,32.13,,25.5,4.34,1.51,41.5,133.0,,,,9.98,92.0,4.0,1.0,,13.0,1079.0,51.0,8.0,21.16,37.4,34.8,40.0,37.4,22.0,2024.0,,,,34.0,4.15,15.6,3.0,17.0,,,,,,,,,,,,,,,,,,,,,,,,,3.0,
Eric McAlister,WR,TCU,Big 12,2026,165,5,2026_prospect,2003-09-29,22.6,39.4,49.1,37.0,57.5,66.2,,,,,,80.0,0.0,75.0,205.0,,,,25.62,,,,,,,,,,,,,13.0,1190.0,72.0,10.0,16.53,32.4,31.6,33.3,32.4,21.0,2025.0,2.59,460.0,,22.0,2.59,40.8,2.0,18.3,,,,,,,,,,,,,,,,,,,,,,,,,2.0,
Kendrick Law,WR,Kentucky,SEC,2026,188,6,2026_prospect,2003-06-13,22.9,15.2,38.61,25.9,33.7,50.6,,,,,,0.0,0.0,71.0,203.0,9.63,31.13,,28.31,4.45,1.53,42.0,128.0,,,,9.45,53.0,8.0,0.0,,12.0,540.0,53.0,3.0,10.19,21.1,22.3,20.0,21.1,22.0,2025.0,1.47,367.0,,8.0,1.47,-3.7,4.0,10.3,,,,,,,,,,,,,,,,,,,,,,,,,1.0,
De'Zhaun Stribling,WR,Mississippi,SEC,2026,201,6,2026_prospect,2002-12-18,23.4,13.1,37.69,22.5,36.7,45.1,,,,,,40.0,0.0,74.0,207.0,10.0,31.63,,26.57,4.36,1.52,36.0,127.0,,,,9.88,,,,,15.0,811.0,55.0,6.0,14.75,20.2,17.3,23.1,20.2,22.0,2025.0,1.55,523.0,,17.0,1.98,14.9,4.0,13.7,,,,,,,,,,,,,,,,,,,,,,,,,1.0,
Lewis Bond,WR,Boston College,ACC,2026,204,6,2026_prospect,MISSING,,34.2,45.94,21.1,65.6,98.4,,,,,,0.0,0.0,71.0,190.0,,,,26.5,,,,,,,,,3.0,4.0,0.0,,12.0,1010.0,89.0,1.0,11.35,17.5,30.0,5.0,36.8,19.0,2023.0,2.22,454.0,,,,,,,,,,,,,,,,,,,,,,,,,,,,,,,5.0,
Barion Brown,WR,LSU,SEC,2026,205,6,2026_prospect,2003-12-12,22.4,12.6,37.4,20.5,37.6,31.4,,,,,,0.0,100.0,71.0,185.0,,,,25.8,4.4,1.62,,,,,,,33.0,3.0,0.0,,13.0,532.0,53.0,1.0,10.04,11.4,17.8,5.0,11.4,,,1.2,443.0,,,,,,,,,,,,,,,,,,,,,,,,,,,,,,,1.0,
Tyren Montgomery,WR,John Carroll,Ohio,2026,207,6,2026_prospect,2001-07-03,24.8,4.8,30.84,19.1,16.7,25.0,,,,,,0.0,0.0,,,,,,,,,,,,,,,,,,,,,,,,,,,,,,,,,38.0,4.62,28.9,6.0,15.8,,,,,,,,,,,,,,,,,,,,,,,,,,
Kaden Wetjen,WR,Iowa,Big Ten,2026,218,6,2026_prospect,2002-03-09,24.1,3.3,29.99,15.2,18.8,28.2,,,,,,0.0,0.0,69.0,193.0,8.5,29.63,,28.5,4.47,1.51,35.5,,,,,7.29,79.0,15.0,2.0,,13.0,151.0,20.0,1.0,7.55,8.2,8.1,8.3,8.2,,,0.53,286.0,,,,,,,,,,,,,,,,,,,,,,,,,,,,,,,2.0,
Aaron Anderson,WR,LSU,SEC,2026,219,6,2026_prospect,2002-12-02,23.4,5.0,31.08,14.9,22.9,34.3,,,,,,0.0,0.0,68.0,188.0,,,,28.58,,,30.0,113.0,,,,,2.0,1.0,0.0,,13.0,398.0,33.0,0.0,12.06,6.7,13.3,0.0,19.3,,,0.9,443.0,,11.0,1.64,14.0,3.0,12.6,,,,,,,,,,,,,,,,,,,,,,,,,3.0,
Eric Rivers,WR,Georgia Tech,ACC,2026,228,7,2026_prospect,2002-09-17,23.6,3.6,30.23,11.8,24.1,36.1,,,,,,0.0,0.0,70.0,176.0,9.0,30.5,,25.25,4.35,1.49,37.0,127.0,,,,8.74,56.0,7.0,0.0,,13.0,671.0,47.0,2.0,14.28,16.1,19.7,12.5,16.1,,,1.7,394.0,,19.0,3.51,21.9,4.0,15.6,,,,,,,,,,,,,,,,,,,,,,,,,1.0,
Cyrus Allen,WR,Cincinnati,Big 12,2026,236,7,2026_prospect,MISSING,,10.5,36.13,8.8,47.2,70.9,,,,,,0.0,0.0,71.0,180.0,,,,25.1,,,,,,,,,34.0,8.0,1.0,,13.0,660.0,50.0,12.0,13.2,31.7,22.1,41.4,31.7,21.0,2025.0,1.82,363.0,,19.0,1.84,30.4,2.0,16.3,,,,,,,,,,,,,,,,,,,,,,,,,1.0,
Chase Roberts,WR,BYU,Big 12,2026,245,7,2026_prospect,2001-01-21,25.3,2.2,27.79,5.0,23.3,35.0,,,,,,0.0,0.0,75.0,209.0,9.75,31.5,,26.12,4.64,1.57,37.0,126.0,,,,7.6,,,,,14.0,802.0,54.0,6.0,14.85,33.0,25.9,40.0,33.0,,2023.0,1.99,403.0,,22.0,2.12,22.6,2.0,15.2,,,,,,,,,,,,,,,,,,,,,,,,,4.0,
Jeff Caldwell,WR,Cincinnati,Big 12,2026,249,7,2026_prospect,2001-03-05,25.1,1.3,26.95,4.2,22.2,33.3,,,,,,0.0,0.0,77.0,216.0,9.75,32.63,,25.61,4.31,1.5,42.0,134.0,,,,9.99,,,,,13.0,478.0,32.0,6.0,14.94,18.3,16.0,20.7,18.3,,,1.32,363.0,,38.0,3.71,35.8,2.0,18.1,,,,,,,,,,,,,,,,,,,,,,,,,1.0,
Amare Thomas,WR,Houston,Big 12,2026,250,7,2026_prospect,2005-11-18,20.4,31.9,45.13,3.9,83.3,99.9,,,,,,0.0,100.0,72.0,205.0,,,,27.8,,,,,,,,,9.0,5.0,0.0,,13.0,966.0,67.0,12.0,14.42,40.2,34.3,46.2,40.2,19.0,2025.0,2.56,377.0,,,,,,,,,,,,,,,,,,,,,,,,,,,,,,,1.0,
Shelton Sampson Jr.,WR,Louisiana-Lafayette,Sun Belt,2026,250,7,2026_prospect,2005-04-18,21.0,25.9,41.93,3.9,72.6,83.9,,,,,,0.0,100.0,76.0,195.0,,,,23.73,,,,,,,,,,,,,13.0,537.0,32.0,6.0,16.78,37.8,25.6,50.0,37.8,20.0,2025.0,1.57,342.0,,,,,,,,,,,,,,,,,,,,,,,,,,,,,,,1.0,
Anthony Evans III,WR,Mississippi State,SEC,2026,250,7,2026_prospect,2005-06-20,20.8,24.7,41.48,3.9,71.1,81.6,,,,,,0.0,100.0,71.0,180.0,,,,25.1,,,,,,,,,47.0,7.0,0.0,,13.0,831.0,67.0,4.0,12.4,23.2,26.5,20.0,23.2,20.0,2025.0,2.13,390.0,,,,,,,,,,,,,,,,,,,,,,,,,,,,,,,1.0,
Cody Jackson,WR,Tarleton State,UAC,2026,250,7,2026_prospect,MISSING,,12.3,37.13,3.9,56.6,84.9,,,,,,0.0,0.0,,,,,,,,,,,,,,,6.0,1.0,0.0,,14.0,799.0,53.0,6.0,15.08,26.4,29.8,23.1,53.4,20.0,2024.0,6.34,126.0,,,,,,,,,,,,,,,,,,,,,,,,,,,,,,,2.0,
Donaven McCulley,WR,Michigan,Big Ten,2026,250,7,2026_prospect,2003-01-15,23.3,5.6,31.57,3.9,38.1,47.1,,,,,,40.0,0.0,77.0,215.0,,,,25.49,,,,,,,,,5.0,2.0,0.0,,13.0,588.0,39.0,3.0,15.08,25.7,24.2,27.3,24.2,22.0,,1.73,340.0,,,,,,,,,,,,,,,,,,,,,,,,,,,,,,,,
Mikey Matthews,WR,UCLA,Big Ten,2026,250,7,2026_prospect,MISSING,,5.0,31.1,3.9,36.5,29.7,,,,,,0.0,100.0,69.0,180.0,,,,26.58,,,,,,,,,1.0,1.0,0.0,,12.0,348.0,33.0,2.0,10.55,14.7,16.1,13.3,14.7,,,0.96,361.0,,,,,,,,,,,,,,,,,,,,,,,,,,,,,,,1.0,
Anthony Smith,WR,East Carolina,American Athletic,2026,250,7,2026_prospect,2002-03-01,24.2,5.0,31.12,3.9,36.6,54.8,,,,,,0.0,0.0,75.0,189.0,,,,23.62,,,,,,,,,45.0,1.0,1.0,,13.0,1053.0,64.0,7.0,16.45,30.8,29.7,31.8,29.7,22.0,,2.39,440.0,,,,,,,,,,,,,,,,,,,,,,,,,,,,,,,,
London Humphreys,WR,Georgia,SEC,2026,250,7,2026_prospect,2005-05-13,21.0,3.6,30.25,3.9,33.7,25.5,,,,,,0.0,100.0,74.0,200.0,,,,25.68,,,,,,,,,7.0,1.0,0.0,,14.0,276.0,18.0,3.0,15.33,10.5,9.0,12.0,10.5,,,0.66,417.0,,,,,,,,,,,,,,,,,,,,,,,,,,,,,,,2.0,
Cordale Russell,WR,Miami (OH),Mid-American,2026,250,7,2026_prospect,MISSING,,3.3,30.1,3.9,33.2,24.7,,,,,,0.0,100.0,76.0,210.0,,,,25.56,,,,,,,,,,,,,14.0,153.0,,0.0,,3.7,7.4,0.0,9.7,,,0.43,356.0,,,,,,,,,,,,,,,,,,,,,,,,,,,,,,,2.0,
Brandon Inniss,WR,Ohio State,Big Ten,2026,250,7,2026_prospect,2004-10-07,21.5,3.3,29.78,3.9,32.1,23.2,,,,,,0.0,100.0,72.0,199.0,,,,26.99,,,,,,,,,16.0,3.0,0.0,,14.0,271.0,36.0,3.0,7.53,8.2,7.2,9.1,8.2,,,0.66,408.0,,,,,,,,,,,,,,,,,,,,,,,,,,,,,,,3.0,
Jalen Brown,WR,Arkansas,SEC,2026,250,7,2026_prospect,MISSING,,3.3,29.59,3.9,31.5,22.2,,,,,,0.0,100.0,73.0,174.0,,,,22.95,,,,,,,,,,,,,12.0,167.0,12.0,2.0,13.92,7.2,5.3,9.1,7.2,,,0.44,381.0,,,,,,,,,,,,,,,,,,,,,,,,,,,,,,,2.0,
Hykeem Williams,WR,Colorado,Big 12,2026,250,7,2026_prospect,2003-11-18,22.4,2.4,28.49,3.9,27.8,16.7,,,,,,0.0,100.0,74.0,220.0,,,,28.24,,,,,,,,,,,,,12.0,81.0,9.0,0.0,9.0,1.7,3.3,0.0,1.7,,,0.23,356.0,,,,,,,,,,,,,,,,,,,,,,,,,,,,,,,1.0,
Jaquaize Pettaway,WR,East Carolina,American Athletic,2026,250,7,2026_prospect,MISSING,,2.4,28.24,3.9,27.0,15.5,,,,,,0.0,100.0,72.0,194.0,,,,26.31,,,,,,,,,2.0,4.0,0.0,,13.0,32.0,13.0,0.0,2.46,0.5,0.9,0.0,0.5,,,0.07,440.0,,,,,,,,,,,,,,,,,,,,,,,,,,,,,,,1.0,
Vinny Anthony II,WR,Wisconsin,Big Ten,2026,250,7,2026_prospect,2003-06-27,22.8,2.4,28.15,3.9,26.7,40.0,,,,,,0.0,0.0,71.875,183.0,9.13,31.38,,24.9,4.54,1.52,34.5,,,6.86,4.07,7.68,27.0,5.0,2.0,,12.0,391.0,31.0,1.0,12.61,17.5,23.9,11.1,28.5,,2024.0,1.44,272.0,,,,,,,,,,,,,,,,,,,,,,,,,,,,,,,3.0,
Tyler Brown,WR,Clemson,ACC,2026,250,7,2026_prospect,2005-06-14,20.9,2.2,27.94,3.9,26.0,38.9,,,,,,0.0,0.0,71.0,185.0,,,,25.8,,,,,,,,,71.0,6.0,1.0,,13.0,191.0,22.0,0.0,8.68,2.7,5.5,0.0,18.9,,,0.4,474.0,,,,,,,,,,,,,,,,,,,,,,,,,,,,,,,4.0,
Jordan Dwyer,WR,TCU,Big 12,2026,250,7,2026_prospect,MISSING,,1.6,27.15,3.9,23.3,35.0,,,,,,0.0,0.0,72.0,195.0,,,,26.44,,,,,,,,,,,,,13.0,730.0,54.0,7.0,13.52,21.3,19.4,23.3,21.3,,2025.0,1.59,460.0,,,,,,,,,,,,,,,,,,,,,,,,,,,,,,,1.0,
Griffin Wilde,WR,Northwestern,Big Ten,2026,250,7,2026_prospect,MISSING,,1.6,27.15,3.9,23.3,35.0,,,,,,0.0,0.0,74.0,200.0,,,,25.68,,,,,,,,,5.0,1.0,0.0,,13.0,880.0,71.0,8.0,12.39,41.7,36.4,47.1,41.7,,2025.0,2.33,378.0,,35.0,2.33,18.1,2.0,15.0,,,,,,,,,,,,,,,,,,,,,,,,,1.0,
Jaron Glover,WR,Mississippi State,SEC,2026,250,7,2026_prospect,MISSING,,1.0,25.43,3.9,17.6,26.4,,,,,,0.0,0.0,73.0,205.0,,,,27.04,,,,,,,,,,,,,13.0,192.0,,2.0,,11.4,7.3,15.4,11.4,,,0.51,378.0,,,,,,,,,,,,,,,,,,,,,,,,,,,,,,,3.0,
Talyn Shettron,WR,Oklahoma State,Big 12,2026,250,7,2026_prospect,MISSING,,1.0,24.38,3.9,14.1,21.1,,,,,,0.0,0.0,74.0,195.0,,,,25.03,,,,,,,,,,,,,12.0,245.0,,1.0,,6.1,7.7,4.5,6.1,,,0.67,365.0,,,,,,,,,,,,,,,,,,,,,,,,,,,,,,,3.0,
Jaden Bray,WR,West Virginia,Big 12,2026,250,7,2026_prospect,2002-08-06,23.7,1.0,23.57,3.9,11.4,17.1,,,,,,0.0,0.0,74.0,209.0,,,,26.83,,,,,,,,,,,,,12.0,95.0,7.0,0.0,13.57,2.1,4.2,0.0,2.1,,,0.29,327.0,,,,,,,,,,,,,,,,,,,,,,,,,,,,,,,2.0,
Andre Greene Jr.,WR,Virginia,ACC,2026,250,7,2026_prospect,MISSING,,1.0,23.42,3.9,10.9,16.3,,,,,,0.0,0.0,74.0,202.0,,,,25.93,,,,,,,,,,,,,14.0,7.0,1.0,0.0,7.0,0.1,0.2,0.0,1.3,,,0.01,492.0,,,,,,,,,,,,,,,,,,,,,,,,,,,,,,,2.0,
Jayden McGowan,WR,Charlotte,American Athletic,2026,250,7,2026_prospect,MISSING,,1.0,23.18,3.9,10.1,15.1,,,,,,0.0,0.0,67.0,180.0,,,,28.19,,,,,,,,,,,,,12.0,7.0,1.0,0.0,7.0,0.1,0.3,0.0,0.1,,,0.02,379.0,,,,,,,,,,,,,,,,,,,,,,,,,,,,,,,1.0,
Kris Hutson,WR,Arizona,Big 12,2026,250,7,2026_prospect,2002-02-15,24.2,1.0,26.45,3.9,21.0,31.5,,,,,,0.0,0.0,71.0,174.0,,,,24.27,,,,,,,,,14.0,2.0,0.0,,13.0,764.0,60.0,4.0,12.73,18.4,23.0,13.8,23.0,23.0,,1.71,447.0,,,,,,,,,,,,,,,,,,,,,,,,,,,,,,,,
Nick DeGennaro,WR,James Madison,Sun Belt,2026,250,7,2026_prospect,2000-12-29,25.3,1.0,26.53,3.9,21.3,31.9,,,,,,0.0,0.0,73.0,196.0,,,,25.86,,,,,,,,,5.0,1.0,0.0,,14.0,500.0,28.0,5.0,17.86,18.1,16.9,19.2,16.9,,,1.3,385.0,,,,,,,,,,,,,,,,,,,,,,,,,,,,,,,,
Dane Key,WR,Nebraska,Big Ten,2026,271,7,2026_prospect,2003-07-01,22.8,1.0,24.23,1.0,22.4,33.6,,,,,,0.0,0.0,75.0,210.0,,,,26.25,,,,,,,,,,,,,13.0,452.0,39.0,5.0,11.59,18.6,15.5,21.7,18.6,,,1.2,378.0,,22.0,2.29,12.9,1.0,14.0,,,,,,,,,,,,,,,,,,,,,,,,,1.0,
Devin Voisin,WR,South Alabama,Sun Belt,2026,279,7,2026_prospect,2001-06-22,24.8,1.0,21.53,1.0,16.7,25.0,,,,,,0.0,0.0,70.0,187.0,,,,26.83,,,,,,,,,,,,,12.0,775.0,67.0,4.0,11.57,33.2,35.7,30.8,,,,2.5,310.0,,,,,,,,,,,,,,,,,,,,,,,,,,,,,,,,
Hank Beatty,WR,Illinois,Big Ten,2026,282,7,2026_prospect,2003-09-20,22.6,3.0,29.22,1.0,43.5,65.3,,,,,,0.0,0.0,71.0,185.0,,,,25.8,,,,,,,,,46.0,4.0,1.0,,13.0,864.0,70.0,3.0,12.34,20.6,28.2,13.0,20.6,21.0,2025.0,2.32,372.0,,,,,,,,,,,,,,,,,,,,,,,,,,,,,,,4.0,
Caleb Douglas,WR,Texas Tech,Big 12,2026,284,7,2026_prospect,2003-09-09,22.6,10.3,36.04,1.0,67.1,75.6,,,,,,0.0,100.0,75.5,206.0,10.13,32.5,,25.41,4.39,1.53,31.5,126.0,,,,9.52,,,,,14.0,830.0,53.0,7.0,15.66,21.3,21.4,21.2,21.3,20.0,2024.0,1.71,486.0,,14.0,1.71,28.3,3.0,15.2,,,,,,,,,,,,,,,,,,,,,,,,,2.0,
Zavion Thomas,WR,LSU,SEC,2026,286,7,2026_prospect,2004-09-14,21.6,17.8,39.65,1.0,79.9,99.9,,,,,,80.0,0.0,70.0,190.0,9.0,30.5,,27.26,4.28,1.51,36.0,,,,,9.12,99.0,19.0,1.0,,13.0,488.0,41.0,4.0,11.9,18.2,16.4,20.0,32.7,18.0,2023.0,1.1,443.0,,11.0,1.45,4.9,,11.5,,,,,,,,,,,,,,,,,,,,,,,,,5.0,
Romello Brinson,WR,SMU,ACC,2026,296,7,2026_prospect,MISSING,,1.0,20.35,1.0,19.6,29.4,,,,,,0.0,0.0,74.0,190.0,,,,24.39,,,,,,,,,4.0,1.0,0.0,,13.0,638.0,43.0,3.0,14.84,14.4,17.3,11.5,14.4,,,1.39,460.0,,,,,,,,,,,,,,,,,,,,,,,,,,,,,,,3.0,
Caullin Lacy,WR,Louisville,ACC,2026,298,7,2026_prospect,2001-12-22,24.3,1.0,21.55,1.0,24.4,36.6,,,,,,0.0,0.0,69.0,183.0,9.88,29.38,,27.02,4.55,1.6,33.5,116.0,,,,3.66,53.0,15.0,0.0,,13.0,635.0,60.0,2.0,10.58,16.6,22.1,11.1,16.6,,,1.52,418.0,,,,,,,,,,,,,,,,,,,,,,,,,,,,,,,2.0,
Jordan Hudson,WR,SMU,ACC,2026,307,7,2026_prospect,2003-11-22,22.4,1.0,25.35,1.0,40.6,61.0,,,,,,0.0,0.0,73.0,200.0,,,,26.38,,,,,,,,,6.0,1.0,0.0,,13.0,766.0,61.0,6.0,12.56,21.9,20.8,23.1,21.9,21.0,2025.0,1.67,460.0,,,,,,,,,,,,,,,,,,,,,,,,,,,,,,,3.0,
Malik Benson,WR,Oregon,Big Ten,2026,332,7,2026_prospect,2002-10-17,23.5,1.0,17.07,1.0,22.8,34.1,,,,,,0.0,0.0,72.1,189.0,8.63,31.88,,25.56,4.37,1.53,32.5,122.0,,,,7.84,-4.0,1.0,0.0,,15.0,719.0,43.0,6.0,16.72,19.1,18.9,19.4,19.1,,,1.65,437.0,,12.0,1.65,21.5,,14.7,,,,,,,,,,,,,,,,,,,,,,,,,1.0,
Michael Wortham,WR,Montana,Big Sky,2026,345,7,2026_prospect,2002-06-27,23.8,1.0,14.76,1.0,20.0,30.0,,,,,,0.0,0.0,69.0,177.0,,,,26.14,,,,,,,,,345.0,57.0,7.0,,15.0,1224.0,85.0,10.0,14.4,,,,,,,,,,,,,,,,,,,,,,,,,,,,,,,,,,,,,,,,
Emmanuel Henderson,WR,Kansas,Big 12,2026,348,7,2026_prospect,2003-03-21,23.1,1.0,17.96,1.0,31.8,47.7,,,,,,0.0,0.0,72.875,185.0,8.38,31.0,,24.49,4.44,1.53,35.0,120.0,,,,7.6,16.0,4.0,0.0,,12.0,766.0,45.0,5.0,17.02,25.4,29.0,21.7,25.4,22.0,2025.0,2.22,345.0,,7.0,2.22,34.9,4.0,17.0,,,,,,,,,,,,,,,,,,,,,,,,,1.0,
Colbie Young,WR,Georgia,SEC,2026,354,7,2026_prospect,2002-07-24,23.8,1.0,12.31,1.0,15.2,22.8,,,,,,0.0,0.0,75.0,215.0,,,,26.87,4.49,1.59,,,,,,,,,,,14.0,358.0,26.0,1.0,13.77,7.8,11.6,4.0,7.8,,,0.86,417.0,,12.0,1.29,11.8,,12.8,,,,,,,,,,,,,,,,,,,,,,,,,2.0,
Chris Hilton,WR,LSU,SEC,2026,363,7,2026_prospect,2002-10-11,23.5,1.0,11.38,1.0,15.4,23.1,,,,,,0.0,0.0,72.0,188.0,9.25,32.0,,25.49,4.41,1.52,34.5,122.0,,7.25,4.41,6.5,,,,,13.0,122.0,10.0,0.0,12.2,2.0,4.1,0.0,8.1,,,0.28,443.0,,4.0,0.55,52.0,,19.0,,,,,,,,,,,,,,,,,,,,,,,,,5.0,
Keelan Marion,WR,Miami (FL),ACC,2026,376,7,2026_prospect,2002-06-22,23.8,1.0,10.78,1.0,18.2,27.3,,,,,,0.0,0.0,72.0,195.0,,,,26.44,,,,,,,,,25.0,4.0,0.0,,16.0,746.0,57.0,2.0,13.09,12.3,18.4,6.2,12.3,,,1.5,496.0,,,,,,,,,,,,,,,,,,,,,,,,,,,,,,,1.0,
J.Michael Sturdivant,WR,Florida,SEC,2026,378,7,2026_prospect,2002-09-06,23.6,1.0,11.42,1.0,21.1,31.6,,,,,,0.0,0.0,75.0,207.0,9.5,32.88,,25.87,4.4,1.52,39.0,131.0,,,,9.96,1.0,1.0,0.0,,12.0,406.0,27.0,3.0,15.04,16.6,16.5,16.7,16.6,,,1.09,374.0,,14.0,1.62,22.7,2.0,13.9,,,,,,,,,,,,,,,,,,,,,,,,,1.0,
Noah Thomas,WR,Georgia,SEC,2026,396,7,2026_prospect,2004-01-13,22.3,1.0,13.57,1.0,34.7,27.1,,,,,,0.0,100.0,77.0,205.0,,,,24.31,,,,,,,,,,,,,14.0,254.0,16.0,4.0,15.88,12.1,8.2,16.0,12.1,,,0.61,417.0,,13.0,1.59,15.3,3.0,13.9,,,,,,,,,,,,,,,,,,,,,,,,,2.0,
Dillon Bell,WR,Georgia,SEC,2026,397,7,2026_prospect,2003-11-06,22.5,1.0,9.6,1.0,21.9,32.8,,,,,,0.0,0.0,72.75,209.0,9.5,30.25,,27.76,4.5,1.55,39.0,126.0,,,,9.57,109.0,17.0,2.0,,14.0,268.0,27.0,2.0,9.93,8.3,8.7,8.0,12.8,,,0.64,417.0,,,,,,,,,,,,,,,,,,,,,,,,,,,,,,,4.0,
Harrison Wallace III,WR,Mississippi,SEC,2026,403,7,2026_prospect,2003-04-23,23.0,1.0,8.93,1.0,21.8,32.6,,,,,,0.0,0.0,73.0,195.0,,,,25.72,4.54,1.58,,,,,,,1.0,3.0,0.0,,15.0,934.0,61.0,4.0,15.31,17.6,19.9,15.4,17.6,,,1.79,523.0,,,,,,,,,,,,,,,,,,,,,,,,,,,,,,,1.0,
Squirrel White,WR,Florida State,ACC,2026,426,7,2026_prospect,2004-05-05,22.0,1.0,8.17,1.0,27.2,15.9,,,,,,0.0,100.0,70.0,170.0,,,,24.39,,,,,,,,,6.0,4.0,0.0,,12.0,52.0,5.0,0.0,10.4,0.9,1.7,0.0,0.9,,,0.15,339.0,,,,,,,,,,,,,,,,,,,,,,,,,,,,,,,1.0,
Jalil Farooq,WR,Maryland,Big Ten,2026,436,7,2026_prospect,2001-09-13,24.6,1.0,7.0,1.0,23.3,35.0,,,,,,0.0,0.0,74.0,213.0,,,,27.34,,,,,,,,,8.0,2.0,0.0,,12.0,545.0,58.0,4.0,9.4,20.0,17.8,22.2,20.0,,,1.11,491.0,,,,,,,,,,,,,,,,,,,,,,,,,,,,,,,1.0,
Jalen Walthall,WR,Incarnate Word,Southland,2026,440,7,2026_prospect,2002-10-14,23.5,1.0,8.0,1.0,26.7,40.0,,,,,,0.0,0.0,73.0,191.0,9.0,31.25,,25.2,4.57,1.55,35.0,131.0,,,,6.78,50.0,4.0,0.0,,12.0,847.0,70.0,8.0,12.1,55.9,50.2,61.5,55.9,,2024.0,1.57,540.0,,,,,,,,,,,,,,,,,,,,,,,,,,,,,,,2.0,
Trebor Pena,WR,Penn State,Big Ten,2026,453,7,2026_prospect,2002-02-21,24.2,1.0,7.51,1.0,25.0,37.6,,,,,,0.0,0.0,70.0,186.0,,,,26.69,,,,,,,,,69.0,11.0,0.0,,13.0,552.0,49.0,2.0,11.27,17.6,22.6,12.5,17.6,,,1.63,339.0,,,,,,,,,,,,,,,,,,,,,,,,,,,,,,,1.0,
Raymond Cottrell,WR,West Alabama,Gulf South,2026,455,7,2026_prospect,MISSING,,1.0,8.45,1.0,28.2,17.3,,,,,,0.0,100.0,,,,,,,,,,,,,,,,,,,,13.0,,1.0,,2.3,0.4,4.2,2.3,,,0.03,408.0,,,,,,,,,,,,,,,,,,,,,,,,,,,,,,,1.0,
Ryan Niblett,WR,Texas,SEC,2026,458,7,2026_prospect,2004-11-17,21.4,1.0,8.18,1.0,27.3,15.9,,,,,,0.0,100.0,70.0,187.0,,,,26.83,,,,,,,,,15.0,5.0,0.0,,13.0,60.0,8.0,0.0,7.5,0.9,1.8,0.0,0.9,,,0.14,420.0,,,,,,,,,,,,,,,,,,,,,,,,,,,,,,,2.0,
Ayden Williams,WR,Mississippi State,SEC,2026,461,7,2026_prospect,MISSING,,1.0,10.34,1.0,34.5,26.7,,,,,,0.0,100.0,75.0,205.0,,,,25.62,,,,,,,,,,,,,13.0,252.0,21.0,0.0,12.0,4.0,8.0,0.0,11.7,,,0.65,390.0,,,,,,,,,,,,,,,,,,,,,,,,,,,,,,,3.0,
Braylon James,WR,TCU,Big 12,2026,470,7,2026_prospect,MISSING,,1.0,8.04,1.0,26.8,15.2,,,,,,0.0,100.0,74.0,190.0,,,,24.39,,,,,,,,,,,,,13.0,12.0,,0.0,,0.2,0.4,0.0,0.2,,,0.04,322.0,,,,,,,,,,,,,,,,,,,,,,,,,,,,,,,1.0,
Nathan Leacock,WR,North Carolina,ACC,2026,482,7,2026_prospect,2004-11-22,21.4,1.0,8.22,1.0,27.4,16.1,,,,,,0.0,100.0,75.0,217.0,,,,27.12,,,,,,,,,6.0,1.0,0.0,,12.0,48.0,5.0,0.0,9.6,1.1,2.2,0.0,1.1,,,0.14,355.0,,,,,,,,,,,,,,,,,,,,,,,,,,,,,,,1.0,
Tobias Merriweather,WR,Utah,Big 12,2026,483,7,2026_prospect,MISSING,,1.0,3.46,1.0,11.5,17.3,,,,,,0.0,0.0,77.0,195.0,,,,23.12,,,,,,,,,,,,,13.0,130.0,8.0,0.0,16.25,2.3,4.6,0.0,2.3,,,0.35,373.0,,,,,,,,,,,,,,,,,,,,,,,,,,,,,,,1.0,
Kyion Grayes,WR,California,ACC,2026,484,7,2026_prospect,MISSING,,1.0,3.07,1.0,10.2,15.3,,,,,,0.0,0.0,72.0,190.0,,,,25.77,,,,,,,,,,,,,13.0,10.0,1.0,0.0,10.0,0.1,0.3,0.0,0.3,,,0.02,505.0,,,,,,,,,,,,,,,,,,,,,,,,,,,,,,,2.0,
Kobe Prentice,WR,Baylor,Big 12,2026,488,7,2026_prospect,2004-03-10,22.1,1.0,10.96,1.0,36.5,29.8,,,,,,0.0,100.0,71.0,190.0,,,,26.5,,,,,,,,,,,,,12.0,380.0,26.0,6.0,14.62,14.8,10.2,19.4,14.8,,,0.75,510.0,,,,,,,,,,,,,,,,,,,,,,,,,,,,,,,1.0,
C.J. Williams,WR,Stanford,ACC,2026,490,7,2026_prospect,2002-10-23,23.5,1.0,7.0,1.0,23.3,35.0,,,,,,0.0,0.0,73.0,205.0,,,,27.04,,,,,,,,,,,,,12.0,757.0,60.0,6.0,12.62,35.6,28.4,42.9,35.6,,2025.0,1.94,391.0,,,,,,,,,,,,,,,,,,,,,,,,,,,,,,,1.0,
Antonio Gates Jr.,WR,Delaware State,MEAC,2026,499,7,2026_prospect,2003-10-06,22.6,1.0,9.06,1.0,30.2,20.3,,,,,,0.0,100.0,,,,,,,,,,,,,,,,,,,12.0,49.0,,0.0,,0.9,1.9,0.0,5.3,,,0.13,378.0,,,,,,,,,,,,,,,,,,,,,,,,,,,,,,,2.0,
Braylin Presley,WR,Tulsa,American Athletic,2026,500,7,2026_prospect,2003-10-24,22.5,1.0,10.1,1.0,33.7,25.5,,,,,,0.0,100.0,66.0,170.0,,,,27.44,,,,,,,,,215.0,32.0,1.0,,12.0,115.0,18.0,1.0,6.39,5.5,4.3,6.7,5.5,,,0.28,409.0,,,,,,,,,,,,,,,,,,,,,,,,,,,,,,,3.0,
Kaleb Brown,WR,UAB,American Athletic,2026,516,7,2026_prospect,2003-10-07,22.5,1.0,4.8,1.0,16.0,24.0,,,,,,0.0,0.0,70.0,200.0,,,,28.69,,,,,,,,,5.0,1.0,0.0,,12.0,255.0,17.0,2.0,15.0,9.0,8.0,10.0,9.0,,,0.58,438.0,,,,,,,,,,,,,,,,,,,,,,,,,,,,,,,4.0,
Justus Ross-Simmons,WR,Syracuse,ACC,2026,545,7,2026_prospect,MISSING,,1.0,7.0,1.0,23.3,35.0,,,,,,0.0,0.0,75.0,210.0,,,,26.25,,,,,,,,,,,,,12.0,312.0,20.0,5.0,15.6,20.7,12.0,29.4,20.7,,2025.0,0.76,408.0,,,,,,,,,,,,,,,,,,,,,,,,,,,,,,,2.0,
Christian Leary,WR,Western Michigan,Mid-American,2026,549,7,2026_prospect,MISSING,,1.0,4.59,1.0,15.3,23.0,,,,,,0.0,0.0,70.0,180.0,,,,25.82,,,,,,,,,46.0,10.0,0.0,,14.0,115.0,15.0,0.0,7.67,3.0,5.9,0.0,3.0,,,0.38,305.0,,,,,,,,,,,,,,,,,,,,,,,,,,,,,,,1.0,
Kyron Ware-Hudson,WR,Penn State,Big Ten,2026,566,7,2026_prospect,MISSING,,1.0,5.43,1.0,18.1,27.2,,,,,,0.0,0.0,73.0,215.0,,,,28.36,,,,,,,,,,,,,13.0,288.0,23.0,2.0,12.52,12.2,11.8,12.5,12.2,,,0.85,339.0,,,,,,,,,,,,,,,,,,,,,,,,,,,,,,,1.0,
Deion Colzie,WR,Miami (OH),Mid-American,2026,567,7,2026_prospect,2003-07-28,22.7,1.0,4.27,1.0,14.2,21.3,,,,,,0.0,0.0,76.0,211.0,,,,25.68,,,,,,,,,,,,,14.0,178.0,11.0,1.0,16.18,6.3,6.8,5.9,6.3,,,0.48,368.0,,,,,,,,,,,,,,,,,,,,,,,,,,,,,,,1.0,
Dacari Collins,WR,Louisville,ACC,2026,569,7,2026_prospect,2002-11-04,23.5,1.0,4.32,1.0,14.4,21.6,,,,,,0.0,0.0,76.0,215.0,,,,26.17,,,,,,,,,,,,,13.0,219.0,13.0,1.0,16.85,6.6,7.6,5.6,6.6,,,0.52,418.0,,,,,,,,,,,,,,,,,,,,,,,,,,,,,,,1.0,
Malik McClain,WR,Arizona State,Big 12,2026,576,7,2026_prospect,MISSING,,1.0,5.02,1.0,16.7,25.1,,,,,,0.0,0.0,77.0,205.0,,,,24.31,,,,,,,,,,,,,13.0,441.0,31.0,1.0,14.23,10.1,15.2,5.0,10.1,,,1.03,430.0,,,,,,,,,,,,,,,,,,,,,,,,,,,,,,,2.0,
JoJo Earle,WR,UNLV,Mountain West,2026,581,7,2026_prospect,2003-04-05,23.1,1.0,4.73,1.0,15.8,23.7,,,,,,0.0,0.0,70.0,185.0,,,,26.54,,,,,,,,,102.0,13.0,2.0,,14.0,258.0,22.0,0.0,11.73,3.7,7.3,0.0,3.7,,,0.61,424.0,,,,,,,,,,,,,,,,,,,,,,,,,,,,,,,1.0,
Jayden Ballard,WR,Wisconsin,Big Ten,2026,593,7,2026_prospect,MISSING,,1.0,6.14,1.0,20.5,30.7,,,,,,0.0,0.0,74.0,205.0,,,,26.32,,,,,,,,,,,,,12.0,150.0,7.0,2.0,21.43,15.7,9.2,22.2,15.7,,,0.55,272.0,,,,,,,,,,,,,,,,,,,,,,,,,,,,,,,1.0,
Andrel Anthony,WR,Duke,ACC,2026,594,7,2026_prospect,2002-01-07,24.3,1.0,5.09,1.0,17.0,25.4,,,,,,0.0,0.0,73.0,186.0,,,,24.54,,,,,,,,,,,,,14.0,246.0,26.0,5.0,9.46,10.4,6.2,14.7,10.4,,,0.49,506.0,,,,,,,,,,,,,,,,,,,,,,,,,,,,,,,1.0,
Joseph Manjack IV,WR,TCU,Big 12,2026,597,7,2026_prospect,MISSING,,1.0,5.54,1.0,18.5,27.7,,,,,,0.0,0.0,75.0,205.0,,,,25.62,,,,,,,,,-4.0,2.0,0.0,,13.0,579.0,44.0,3.0,13.16,12.7,15.4,10.0,12.7,,,1.26,460.0,,,,,,,,,,,,,,,,,,,,,,,,,,,,,,,1.0,
Jayden Thomas,WR,Virginia,ACC,2026,608,7,2026_prospect,2002-10-18,23.5,1.0,3.03,1.0,10.1,15.1,,,,,,0.0,0.0,74.0,220.0,,,,28.24,,,,,,,,,,,,,14.0,9.0,3.0,0.0,3.0,0.1,0.3,0.0,0.1,,,0.02,492.0,,,,,,,,,,,,,,,,,,,,,,,,,,,,,,,1.0,
Rara Thomas,WR,Troy,Sun Belt,2026,610,7,2026_prospect,2002-07-28,23.7,1.0,7.32,1.0,24.4,36.6,,,,,,0.0,0.0,74.0,208.0,,,,26.7,,,,,,,,,39.0,6.0,0.0,,14.0,629.0,39.0,5.0,16.13,23.2,21.5,25.0,23.2,23.0,2025.0,1.45,433.0,,,,,,,,,,,,,,,,,,,,,,,,,,,,,,,1.0,
Jared Brown,WR,South Carolina,SEC,2026,612,7,2026_prospect,MISSING,,1.0,5.32,1.0,17.7,26.6,,,,,,0.0,0.0,72.0,195.0,,,,26.44,,,,,,,,,33.0,3.0,0.0,,12.0,102.0,6.0,0.0,17.0,1.9,3.8,0.0,6.6,,,0.3,342.0,,,,,,,,,,,,,,,,,,,,,,,,,,,,,,,5.0,
Max Tomczak,WR,Youngstown State,MVFC,2026,621,7,2026_prospect,MISSING,,1.0,5.0,1.0,16.7,25.0,,,,,,0.0,0.0,72.0,195.0,,,,26.44,,,,,,,,,7.0,1.0,0.0,,13.0,1021.0,70.0,8.0,14.59,,,,,,,,,,,,,,,,,,,,,,,,,,,,,,,,,,,,,,,,
E.J. Williams,WR,Indiana,Big Ten,2026,639,7,2026_prospect,MISSING,,1.0,5.83,1.0,19.4,29.2,,,,,,0.0,0.0,76.0,203.0,,,,24.71,,,,,,,,,,,,,16.0,438.0,36.0,6.0,12.17,12.2,11.4,13.0,14.2,,,1.08,406.0,,,,,,,,,,,,,,,,,,,,,,,,,,,,,,,3.0,
Ja'Mori Maclin,WR,Kentucky,SEC,2026,655,7,2026_prospect,MISSING,,1.0,12.04,1.0,40.1,60.2,,,,,,0.0,0.0,71.0,191.0,,,,26.64,,,,,,,,,,,,,12.0,189.0,13.0,0.0,14.54,3.9,7.8,0.0,20.4,21.0,2024.0,0.51,367.0,,,,,,,,,,,,,,,,,,,,,,,,,,,,,,,2.0,
Ja'Varrius Johnson,WR,UCF,Big 12,2026,668,7,2026_prospect,2000-10-07,25.5,1.0,12.86,1.0,42.9,64.3,,,,,,0.0,0.0,70.0,180.0,,,,25.82,,,,,,,,,,,,,12.0,347.0,,3.0,,16.6,16.5,16.7,28.6,21.0,2022.0,0.96,362.0,,,,,,,,,,,,,,,,,,,,,,,,,,,,,,,3.0,
Donavon Greene,WR,Virginia Tech,ACC,2026,669,7,2026_prospect,MISSING,,1.0,5.51,1.0,18.4,27.6,,,,,,0.0,0.0,74.0,196.0,,,,25.16,,,,,,,,,,,,,12.0,267.0,16.0,2.0,16.69,12.6,13.4,11.8,12.6,,,0.84,319.0,,,,,,,,,,,,,,,,,,,,,,,,,,,,,,,3.0,
